video_name,center_frame,prev_frame,curr_frame,next_frame,label,contact_frame
V1.mp4,1,0,1,2,0,122
V1.mp4,2,1,2,3,0,122
V1.mp4,3,2,3,4,0,122
V1.mp4,4,3,4,5,0,122
V1.mp4,5,4,5,6,0,122
V1.mp4,6,5,6,7,0,122
V1.mp4,7,6,7,8,0,122
V1.mp4,8,7,8,9,0,122
V1.mp4,9,8,9,10,0,122
V1.mp4,10,9,10,11,0,122
V1.mp4,11,10,11,12,0,122
V1.mp4,12,11,12,13,0,122
V1.mp4,13,12,13,14,0,122
V1.mp4,14,13,14,15,0,122
V1.mp4,15,14,15,16,0,122
V1.mp4,16,15,16,17,0,122
V1.mp4,17,16,17,18,0,122
V1.mp4,18,17,18,19,0,122
V1.mp4,19,18,19,20,0,122
V1.mp4,20,19,20,21,0,122
V1.mp4,21,20,21,22,0,122
V1.mp4,22,21,22,23,0,122
V1.mp4,23,22,23,24,0,122
V1.mp4,24,23,24,25,0,122
V1.mp4,25,24,25,26,0,122
V1.mp4,26,25,26,27,0,122
V1.mp4,27,26,27,28,0,122
V1.mp4,28,27,28,29,0,122
V1.mp4,29,28,29,30,0,122
V1.mp4,30,29,30,31,0,122
V1.mp4,31,30,31,32,0,122
V1.mp4,32,31,32,33,0,122
V1.mp4,33,32,33,34,0,122
V1.mp4,34,33,34,35,0,122
V1.mp4,35,34,35,36,0,122
V1.mp4,36,35,36,37,0,122
V1.mp4,37,36,37,38,0,122
V1.mp4,38,37,38,39,0,122
V1.mp4,39,38,39,40,0,122
V1.mp4,40,39,40,41,0,122
V1.mp4,41,40,41,42,0,122
V1.mp4,42,41,42,43,0,122
V1.mp4,43,42,43,44,0,122
V1.mp4,44,43,44,45,0,122
V1.mp4,45,44,45,46,0,122
V1.mp4,46,45,46,47,0,122
V1.mp4,47,46,47,48,0,122
V1.mp4,48,47,48,49,0,122
V1.mp4,49,48,49,50,0,122
V1.mp4,50,49,50,51,0,122
V1.mp4,51,50,51,52,0,122
V1.mp4,52,51,52,53,0,122
V1.mp4,53,52,53,54,0,122
V1.mp4,54,53,54,55,0,122
V1.mp4,55,54,55,56,0,122
V1.mp4,56,55,56,57,0,122
V1.mp4,57,56,57,58,0,122
V1.mp4,58,57,58,59,0,122
V1.mp4,59,58,59,60,0,122
V1.mp4,60,59,60,61,0,122
V1.mp4,61,60,61,62,0,122
V1.mp4,62,61,62,63,0,122
V1.mp4,63,62,63,64,0,122
V1.mp4,64,63,64,65,0,122
V1.mp4,65,64,65,66,0,122
V1.mp4,66,65,66,67,0,122
V1.mp4,67,66,67,68,0,122
V1.mp4,68,67,68,69,0,122
V1.mp4,69,68,69,70,0,122
V1.mp4,70,69,70,71,0,122
V1.mp4,71,70,71,72,0,122
V1.mp4,72,71,72,73,0,122
V1.mp4,73,72,73,74,0,122
V1.mp4,74,73,74,75,0,122
V1.mp4,75,74,75,76,0,122
V1.mp4,76,75,76,77,0,122
V1.mp4,77,76,77,78,0,122
V1.mp4,78,77,78,79,0,122
V1.mp4,79,78,79,80,0,122
V1.mp4,80,79,80,81,0,122
V1.mp4,81,80,81,82,0,122
V1.mp4,82,81,82,83,0,122
V1.mp4,83,82,83,84,0,122
V1.mp4,84,83,84,85,0,122
V1.mp4,85,84,85,86,0,122
V1.mp4,86,85,86,87,0,122
V1.mp4,87,86,87,88,0,122
V1.mp4,88,87,88,89,0,122
V1.mp4,89,88,89,90,0,122
V1.mp4,90,89,90,91,0,122
V1.mp4,91,90,91,92,0,122
V1.mp4,92,91,92,93,0,122
V1.mp4,93,92,93,94,0,122
V1.mp4,94,93,94,95,0,122
V1.mp4,95,94,95,96,0,122
V1.mp4,96,95,96,97,0,122
V1.mp4,97,96,97,98,0,122
V1.mp4,98,97,98,99,0,122
V1.mp4,99,98,99,100,0,122
V1.mp4,100,99,100,101,0,122
V1.mp4,101,100,101,102,0,122
V1.mp4,102,101,102,103,0,122
V1.mp4,103,102,103,104,0,122
V1.mp4,104,103,104,105,0,122
V1.mp4,105,104,105,106,0,122
V1.mp4,106,105,106,107,0,122
V1.mp4,107,106,107,108,0,122
V1.mp4,108,107,108,109,0,122
V1.mp4,109,108,109,110,0,122
V1.mp4,110,109,110,111,0,122
V1.mp4,111,110,111,112,0,122
V1.mp4,112,111,112,113,0,122
V1.mp4,113,112,113,114,0,122
V1.mp4,114,113,114,115,0,122
V1.mp4,115,114,115,116,0,122
V1.mp4,116,115,116,117,0,122
V1.mp4,117,116,117,118,0,122
V1.mp4,118,117,118,119,0,122
V1.mp4,119,118,119,120,0,122
V1.mp4,120,119,120,121,1,122
V1.mp4,121,120,121,122,1,122
V1.mp4,122,121,122,123,1,122
V1.mp4,123,122,123,124,1,122
V1.mp4,124,123,124,125,1,122
V1.mp4,125,124,125,126,0,122
V1.mp4,126,125,126,127,0,122
V1.mp4,127,126,127,128,0,122
V1.mp4,128,127,128,129,0,122
V1.mp4,129,128,129,130,0,122
V1.mp4,130,129,130,131,0,122
V1.mp4,131,130,131,132,0,122
V1.mp4,132,131,132,133,0,122
V1.mp4,133,132,133,134,0,122
V1.mp4,134,133,134,135,0,122
V1.mp4,135,134,135,136,0,122
V1.mp4,136,135,136,137,0,122
V1.mp4,137,136,137,138,0,122
V1.mp4,138,137,138,139,0,122
V1.mp4,139,138,139,140,0,122
V1.mp4,140,139,140,141,0,122
V1.mp4,141,140,141,142,0,122
V1.mp4,142,141,142,143,0,122
V1.mp4,143,142,143,144,0,122
V1.mp4,144,143,144,145,0,122
V1.mp4,145,144,145,146,0,122
V1.mp4,146,145,146,147,0,122
V1.mp4,147,146,147,148,0,122
V1.mp4,148,147,148,149,0,122
V1.mp4,149,148,149,150,0,122
V1.mp4,150,149,150,151,0,122
V1.mp4,151,150,151,152,0,122
V1.mp4,152,151,152,153,0,122
V1.mp4,153,152,153,154,0,122
V1.mp4,154,153,154,155,0,122
V1.mp4,155,154,155,156,0,122
V1.mp4,156,155,156,157,0,122
V1.mp4,157,156,157,158,0,122
V1.mp4,158,157,158,159,0,122
V1.mp4,159,158,159,160,0,122
V1.mp4,160,159,160,161,0,122
V1.mp4,161,160,161,162,0,122
V1.mp4,162,161,162,163,0,122
V1.mp4,163,162,163,164,0,122
V1.mp4,164,163,164,165,0,122
V1.mp4,165,164,165,166,0,122
V1.mp4,166,165,166,167,0,122
V1.mp4,167,166,167,168,0,122
V1.mp4,168,167,168,169,0,122
V1.mp4,169,168,169,170,0,122
V1.mp4,170,169,170,171,0,122
V1.mp4,171,170,171,172,0,122
V1.mp4,172,171,172,173,0,122
V1.mp4,173,172,173,174,0,122
V1.mp4,174,173,174,175,0,122
V1.mp4,175,174,175,176,0,122
V1.mp4,176,175,176,177,0,122
V1.mp4,177,176,177,178,0,122
V1.mp4,178,177,178,179,0,122
V1.mp4,179,178,179,180,0,122
V1.mp4,180,179,180,181,0,122
V1.mp4,181,180,181,182,0,122
V1.mp4,182,181,182,183,0,122
V1.mp4,183,182,183,184,0,122
V1.mp4,184,183,184,185,0,122
V1.mp4,185,184,185,186,0,122
V1.mp4,186,185,186,187,0,122
V1.mp4,187,186,187,188,0,122
V1.mp4,188,187,188,189,0,122
V1.mp4,189,188,189,190,0,122
V1.mp4,190,189,190,191,0,122
V1.mp4,191,190,191,192,0,122
V1.mp4,192,191,192,193,0,122
V1.mp4,193,192,193,194,0,122
V1.mp4,194,193,194,195,0,122
V1.mp4,195,194,195,196,0,122
V1.mp4,196,195,196,197,0,122
V1.mp4,197,196,197,198,0,122
V1.mp4,198,197,198,199,0,122
V1.mp4,199,198,199,200,0,122
V1.mp4,200,199,200,201,0,122
V1.mp4,201,200,201,202,0,122
V1.mp4,202,201,202,203,0,122
V1.mp4,203,202,203,204,0,122
V1.mp4,204,203,204,205,0,122
V1.mp4,205,204,205,206,0,122
V1.mp4,206,205,206,207,0,122
V1.mp4,207,206,207,208,0,122
V1.mp4,208,207,208,209,0,122
V1.mp4,209,208,209,210,0,122
V1.mp4,210,209,210,211,0,122
V1.mp4,211,210,211,212,0,122
V1.mp4,212,211,212,213,0,122
V1.mp4,213,212,213,214,0,122
V1.mp4,214,213,214,215,0,122
V1.mp4,215,214,215,216,0,122
V1.mp4,216,215,216,217,0,122
V1.mp4,217,216,217,218,0,122
V1.mp4,218,217,218,219,0,122
V1.mp4,219,218,219,220,0,122
V1.mp4,220,219,220,221,0,122
V1.mp4,221,220,221,222,0,122
V1.mp4,222,221,222,223,0,122
V1.mp4,223,222,223,224,0,122
V1.mp4,224,223,224,225,0,122
V1.mp4,225,224,225,226,0,122
V1.mp4,226,225,226,227,0,122
V1.mp4,227,226,227,228,0,122
V1.mp4,228,227,228,229,0,122
V1.mp4,229,228,229,230,0,122
V1.mp4,230,229,230,231,0,122
V1.mp4,231,230,231,232,0,122
V1.mp4,232,231,232,233,0,122
V1.mp4,233,232,233,234,0,122
V1.mp4,234,233,234,235,0,122
V1.mp4,235,234,235,236,0,122
V1.mp4,236,235,236,237,0,122
V1.mp4,237,236,237,238,0,122
V1.mp4,238,237,238,239,0,122
V1.mp4,239,238,239,240,0,122
V1.mp4,240,239,240,241,0,122
V1.mp4,241,240,241,242,0,122
V1.mp4,242,241,242,243,0,122
V1.mp4,243,242,243,244,0,122
V1.mp4,244,243,244,245,0,122
V1.mp4,245,244,245,246,0,122
V1.mp4,246,245,246,247,0,122
V1.mp4,247,246,247,248,0,122
V1.mp4,248,247,248,249,0,122
V1.mp4,249,248,249,250,0,122
V1.mp4,250,249,250,251,0,122
V1.mp4,251,250,251,252,0,122
V1.mp4,252,251,252,253,0,122
V1.mp4,253,252,253,254,0,122
V1.mp4,254,253,254,255,0,122
V1.mp4,255,254,255,256,0,122
V1.mp4,256,255,256,257,0,122
V10.mp4,1,0,1,2,0,394
V10.mp4,2,1,2,3,0,394
V10.mp4,3,2,3,4,0,394
V10.mp4,4,3,4,5,0,394
V10.mp4,5,4,5,6,0,394
V10.mp4,6,5,6,7,0,394
V10.mp4,7,6,7,8,0,394
V10.mp4,8,7,8,9,0,394
V10.mp4,9,8,9,10,0,394
V10.mp4,10,9,10,11,0,394
V10.mp4,11,10,11,12,0,394
V10.mp4,12,11,12,13,0,394
V10.mp4,13,12,13,14,0,394
V10.mp4,14,13,14,15,0,394
V10.mp4,15,14,15,16,0,394
V10.mp4,16,15,16,17,0,394
V10.mp4,17,16,17,18,0,394
V10.mp4,18,17,18,19,0,394
V10.mp4,19,18,19,20,0,394
V10.mp4,20,19,20,21,0,394
V10.mp4,21,20,21,22,0,394
V10.mp4,22,21,22,23,0,394
V10.mp4,23,22,23,24,0,394
V10.mp4,24,23,24,25,0,394
V10.mp4,25,24,25,26,0,394
V10.mp4,26,25,26,27,0,394
V10.mp4,27,26,27,28,0,394
V10.mp4,28,27,28,29,0,394
V10.mp4,29,28,29,30,0,394
V10.mp4,30,29,30,31,0,394
V10.mp4,31,30,31,32,0,394
V10.mp4,32,31,32,33,0,394
V10.mp4,33,32,33,34,0,394
V10.mp4,34,33,34,35,0,394
V10.mp4,35,34,35,36,0,394
V10.mp4,36,35,36,37,0,394
V10.mp4,37,36,37,38,0,394
V10.mp4,38,37,38,39,0,394
V10.mp4,39,38,39,40,0,394
V10.mp4,40,39,40,41,0,394
V10.mp4,41,40,41,42,0,394
V10.mp4,42,41,42,43,0,394
V10.mp4,43,42,43,44,0,394
V10.mp4,44,43,44,45,0,394
V10.mp4,45,44,45,46,0,394
V10.mp4,46,45,46,47,0,394
V10.mp4,47,46,47,48,0,394
V10.mp4,48,47,48,49,0,394
V10.mp4,49,48,49,50,0,394
V10.mp4,50,49,50,51,0,394
V10.mp4,51,50,51,52,0,394
V10.mp4,52,51,52,53,0,394
V10.mp4,53,52,53,54,0,394
V10.mp4,54,53,54,55,0,394
V10.mp4,55,54,55,56,0,394
V10.mp4,56,55,56,57,0,394
V10.mp4,57,56,57,58,0,394
V10.mp4,58,57,58,59,0,394
V10.mp4,59,58,59,60,0,394
V10.mp4,60,59,60,61,0,394
V10.mp4,61,60,61,62,0,394
V10.mp4,62,61,62,63,0,394
V10.mp4,63,62,63,64,0,394
V10.mp4,64,63,64,65,0,394
V10.mp4,65,64,65,66,0,394
V10.mp4,66,65,66,67,0,394
V10.mp4,67,66,67,68,0,394
V10.mp4,68,67,68,69,0,394
V10.mp4,69,68,69,70,0,394
V10.mp4,70,69,70,71,0,394
V10.mp4,71,70,71,72,0,394
V10.mp4,72,71,72,73,0,394
V10.mp4,73,72,73,74,0,394
V10.mp4,74,73,74,75,0,394
V10.mp4,75,74,75,76,0,394
V10.mp4,76,75,76,77,0,394
V10.mp4,77,76,77,78,0,394
V10.mp4,78,77,78,79,0,394
V10.mp4,79,78,79,80,0,394
V10.mp4,80,79,80,81,0,394
V10.mp4,81,80,81,82,0,394
V10.mp4,82,81,82,83,0,394
V10.mp4,83,82,83,84,0,394
V10.mp4,84,83,84,85,0,394
V10.mp4,85,84,85,86,0,394
V10.mp4,86,85,86,87,0,394
V10.mp4,87,86,87,88,0,394
V10.mp4,88,87,88,89,0,394
V10.mp4,89,88,89,90,0,394
V10.mp4,90,89,90,91,0,394
V10.mp4,91,90,91,92,0,394
V10.mp4,92,91,92,93,0,394
V10.mp4,93,92,93,94,0,394
V10.mp4,94,93,94,95,0,394
V10.mp4,95,94,95,96,0,394
V10.mp4,96,95,96,97,0,394
V10.mp4,97,96,97,98,0,394
V10.mp4,98,97,98,99,0,394
V10.mp4,99,98,99,100,0,394
V10.mp4,100,99,100,101,0,394
V10.mp4,101,100,101,102,0,394
V10.mp4,102,101,102,103,0,394
V10.mp4,103,102,103,104,0,394
V10.mp4,104,103,104,105,0,394
V10.mp4,105,104,105,106,0,394
V10.mp4,106,105,106,107,0,394
V10.mp4,107,106,107,108,0,394
V10.mp4,108,107,108,109,0,394
V10.mp4,109,108,109,110,0,394
V10.mp4,110,109,110,111,0,394
V10.mp4,111,110,111,112,0,394
V10.mp4,112,111,112,113,0,394
V10.mp4,113,112,113,114,0,394
V10.mp4,114,113,114,115,0,394
V10.mp4,115,114,115,116,0,394
V10.mp4,116,115,116,117,0,394
V10.mp4,117,116,117,118,0,394
V10.mp4,118,117,118,119,0,394
V10.mp4,119,118,119,120,0,394
V10.mp4,120,119,120,121,0,394
V10.mp4,121,120,121,122,0,394
V10.mp4,122,121,122,123,0,394
V10.mp4,123,122,123,124,0,394
V10.mp4,124,123,124,125,0,394
V10.mp4,125,124,125,126,0,394
V10.mp4,126,125,126,127,0,394
V10.mp4,127,126,127,128,0,394
V10.mp4,128,127,128,129,0,394
V10.mp4,129,128,129,130,0,394
V10.mp4,130,129,130,131,0,394
V10.mp4,131,130,131,132,0,394
V10.mp4,132,131,132,133,0,394
V10.mp4,133,132,133,134,0,394
V10.mp4,134,133,134,135,0,394
V10.mp4,135,134,135,136,0,394
V10.mp4,136,135,136,137,0,394
V10.mp4,137,136,137,138,0,394
V10.mp4,138,137,138,139,0,394
V10.mp4,139,138,139,140,0,394
V10.mp4,140,139,140,141,0,394
V10.mp4,141,140,141,142,0,394
V10.mp4,142,141,142,143,0,394
V10.mp4,143,142,143,144,0,394
V10.mp4,144,143,144,145,0,394
V10.mp4,145,144,145,146,0,394
V10.mp4,146,145,146,147,0,394
V10.mp4,147,146,147,148,0,394
V10.mp4,148,147,148,149,0,394
V10.mp4,149,148,149,150,0,394
V10.mp4,150,149,150,151,0,394
V10.mp4,151,150,151,152,0,394
V10.mp4,152,151,152,153,0,394
V10.mp4,153,152,153,154,0,394
V10.mp4,154,153,154,155,0,394
V10.mp4,155,154,155,156,0,394
V10.mp4,156,155,156,157,0,394
V10.mp4,157,156,157,158,0,394
V10.mp4,158,157,158,159,0,394
V10.mp4,159,158,159,160,0,394
V10.mp4,160,159,160,161,0,394
V10.mp4,161,160,161,162,0,394
V10.mp4,162,161,162,163,0,394
V10.mp4,163,162,163,164,0,394
V10.mp4,164,163,164,165,0,394
V10.mp4,165,164,165,166,0,394
V10.mp4,166,165,166,167,0,394
V10.mp4,167,166,167,168,0,394
V10.mp4,168,167,168,169,0,394
V10.mp4,169,168,169,170,0,394
V10.mp4,170,169,170,171,0,394
V10.mp4,171,170,171,172,0,394
V10.mp4,172,171,172,173,0,394
V10.mp4,173,172,173,174,0,394
V10.mp4,174,173,174,175,0,394
V10.mp4,175,174,175,176,0,394
V10.mp4,176,175,176,177,0,394
V10.mp4,177,176,177,178,0,394
V10.mp4,178,177,178,179,0,394
V10.mp4,179,178,179,180,0,394
V10.mp4,180,179,180,181,0,394
V10.mp4,181,180,181,182,0,394
V10.mp4,182,181,182,183,0,394
V10.mp4,183,182,183,184,0,394
V10.mp4,184,183,184,185,0,394
V10.mp4,185,184,185,186,0,394
V10.mp4,186,185,186,187,0,394
V10.mp4,187,186,187,188,0,394
V10.mp4,188,187,188,189,0,394
V10.mp4,189,188,189,190,0,394
V10.mp4,190,189,190,191,0,394
V10.mp4,191,190,191,192,0,394
V10.mp4,192,191,192,193,0,394
V10.mp4,193,192,193,194,0,394
V10.mp4,194,193,194,195,0,394
V10.mp4,195,194,195,196,0,394
V10.mp4,196,195,196,197,0,394
V10.mp4,197,196,197,198,0,394
V10.mp4,198,197,198,199,0,394
V10.mp4,199,198,199,200,0,394
V10.mp4,200,199,200,201,0,394
V10.mp4,201,200,201,202,0,394
V10.mp4,202,201,202,203,0,394
V10.mp4,203,202,203,204,0,394
V10.mp4,204,203,204,205,0,394
V10.mp4,205,204,205,206,0,394
V10.mp4,206,205,206,207,0,394
V10.mp4,207,206,207,208,0,394
V10.mp4,208,207,208,209,0,394
V10.mp4,209,208,209,210,0,394
V10.mp4,210,209,210,211,0,394
V10.mp4,211,210,211,212,0,394
V10.mp4,212,211,212,213,0,394
V10.mp4,213,212,213,214,0,394
V10.mp4,214,213,214,215,0,394
V10.mp4,215,214,215,216,0,394
V10.mp4,216,215,216,217,0,394
V10.mp4,217,216,217,218,0,394
V10.mp4,218,217,218,219,0,394
V10.mp4,219,218,219,220,0,394
V10.mp4,220,219,220,221,0,394
V10.mp4,221,220,221,222,0,394
V10.mp4,222,221,222,223,0,394
V10.mp4,223,222,223,224,0,394
V10.mp4,224,223,224,225,0,394
V10.mp4,225,224,225,226,0,394
V10.mp4,226,225,226,227,0,394
V10.mp4,227,226,227,228,0,394
V10.mp4,228,227,228,229,0,394
V10.mp4,229,228,229,230,0,394
V10.mp4,230,229,230,231,0,394
V10.mp4,231,230,231,232,0,394
V10.mp4,232,231,232,233,0,394
V10.mp4,233,232,233,234,0,394
V10.mp4,234,233,234,235,0,394
V10.mp4,235,234,235,236,0,394
V10.mp4,236,235,236,237,0,394
V10.mp4,237,236,237,238,0,394
V10.mp4,238,237,238,239,0,394
V10.mp4,239,238,239,240,0,394
V10.mp4,240,239,240,241,0,394
V10.mp4,241,240,241,242,0,394
V10.mp4,242,241,242,243,0,394
V10.mp4,243,242,243,244,0,394
V10.mp4,244,243,244,245,0,394
V10.mp4,245,244,245,246,0,394
V10.mp4,246,245,246,247,0,394
V10.mp4,247,246,247,248,0,394
V10.mp4,248,247,248,249,0,394
V10.mp4,249,248,249,250,0,394
V10.mp4,250,249,250,251,0,394
V10.mp4,251,250,251,252,0,394
V10.mp4,252,251,252,253,0,394
V10.mp4,253,252,253,254,0,394
V10.mp4,254,253,254,255,0,394
V10.mp4,255,254,255,256,0,394
V10.mp4,256,255,256,257,0,394
V10.mp4,257,256,257,258,0,394
V10.mp4,258,257,258,259,0,394
V10.mp4,259,258,259,260,0,394
V10.mp4,260,259,260,261,0,394
V10.mp4,261,260,261,262,0,394
V10.mp4,262,261,262,263,0,394
V10.mp4,263,262,263,264,0,394
V10.mp4,264,263,264,265,0,394
V10.mp4,265,264,265,266,0,394
V10.mp4,266,265,266,267,0,394
V10.mp4,267,266,267,268,0,394
V10.mp4,268,267,268,269,0,394
V10.mp4,269,268,269,270,0,394
V10.mp4,270,269,270,271,0,394
V10.mp4,271,270,271,272,0,394
V10.mp4,272,271,272,273,0,394
V10.mp4,273,272,273,274,0,394
V10.mp4,274,273,274,275,0,394
V10.mp4,275,274,275,276,0,394
V10.mp4,276,275,276,277,0,394
V10.mp4,277,276,277,278,0,394
V10.mp4,278,277,278,279,0,394
V10.mp4,279,278,279,280,0,394
V10.mp4,280,279,280,281,0,394
V10.mp4,281,280,281,282,0,394
V10.mp4,282,281,282,283,0,394
V10.mp4,283,282,283,284,0,394
V10.mp4,284,283,284,285,0,394
V10.mp4,285,284,285,286,0,394
V10.mp4,286,285,286,287,0,394
V10.mp4,287,286,287,288,0,394
V10.mp4,288,287,288,289,0,394
V10.mp4,289,288,289,290,0,394
V10.mp4,290,289,290,291,0,394
V10.mp4,291,290,291,292,0,394
V10.mp4,292,291,292,293,0,394
V10.mp4,293,292,293,294,0,394
V10.mp4,294,293,294,295,0,394
V10.mp4,295,294,295,296,0,394
V10.mp4,296,295,296,297,0,394
V10.mp4,297,296,297,298,0,394
V10.mp4,298,297,298,299,0,394
V10.mp4,299,298,299,300,0,394
V10.mp4,300,299,300,301,0,394
V10.mp4,301,300,301,302,0,394
V10.mp4,302,301,302,303,0,394
V10.mp4,303,302,303,304,0,394
V10.mp4,304,303,304,305,0,394
V10.mp4,305,304,305,306,0,394
V10.mp4,306,305,306,307,0,394
V10.mp4,307,306,307,308,0,394
V10.mp4,308,307,308,309,0,394
V10.mp4,309,308,309,310,0,394
V10.mp4,310,309,310,311,0,394
V10.mp4,311,310,311,312,0,394
V10.mp4,312,311,312,313,0,394
V10.mp4,313,312,313,314,0,394
V10.mp4,314,313,314,315,0,394
V10.mp4,315,314,315,316,0,394
V10.mp4,316,315,316,317,0,394
V10.mp4,317,316,317,318,0,394
V10.mp4,318,317,318,319,0,394
V10.mp4,319,318,319,320,0,394
V10.mp4,320,319,320,321,0,394
V10.mp4,321,320,321,322,0,394
V10.mp4,322,321,322,323,0,394
V10.mp4,323,322,323,324,0,394
V10.mp4,324,323,324,325,0,394
V10.mp4,325,324,325,326,0,394
V10.mp4,326,325,326,327,0,394
V10.mp4,327,326,327,328,0,394
V10.mp4,328,327,328,329,0,394
V10.mp4,329,328,329,330,0,394
V10.mp4,330,329,330,331,0,394
V10.mp4,331,330,331,332,0,394
V10.mp4,332,331,332,333,0,394
V10.mp4,333,332,333,334,0,394
V10.mp4,334,333,334,335,0,394
V10.mp4,335,334,335,336,0,394
V10.mp4,336,335,336,337,0,394
V10.mp4,337,336,337,338,0,394
V10.mp4,338,337,338,339,0,394
V10.mp4,339,338,339,340,0,394
V10.mp4,340,339,340,341,0,394
V10.mp4,341,340,341,342,0,394
V10.mp4,342,341,342,343,0,394
V10.mp4,343,342,343,344,0,394
V10.mp4,344,343,344,345,0,394
V10.mp4,345,344,345,346,0,394
V10.mp4,346,345,346,347,0,394
V10.mp4,347,346,347,348,0,394
V10.mp4,348,347,348,349,0,394
V10.mp4,349,348,349,350,0,394
V10.mp4,350,349,350,351,0,394
V10.mp4,351,350,351,352,0,394
V10.mp4,352,351,352,353,0,394
V10.mp4,353,352,353,354,0,394
V10.mp4,354,353,354,355,0,394
V10.mp4,355,354,355,356,0,394
V10.mp4,356,355,356,357,0,394
V10.mp4,357,356,357,358,0,394
V10.mp4,358,357,358,359,0,394
V10.mp4,359,358,359,360,0,394
V10.mp4,360,359,360,361,0,394
V10.mp4,361,360,361,362,0,394
V10.mp4,362,361,362,363,0,394
V10.mp4,363,362,363,364,0,394
V10.mp4,364,363,364,365,0,394
V10.mp4,365,364,365,366,0,394
V10.mp4,366,365,366,367,0,394
V10.mp4,367,366,367,368,0,394
V10.mp4,368,367,368,369,0,394
V10.mp4,369,368,369,370,0,394
V10.mp4,370,369,370,371,0,394
V10.mp4,371,370,371,372,0,394
V10.mp4,372,371,372,373,0,394
V10.mp4,373,372,373,374,0,394
V10.mp4,374,373,374,375,0,394
V10.mp4,375,374,375,376,0,394
V10.mp4,376,375,376,377,0,394
V10.mp4,377,376,377,378,0,394
V10.mp4,378,377,378,379,0,394
V10.mp4,379,378,379,380,0,394
V10.mp4,380,379,380,381,0,394
V10.mp4,381,380,381,382,0,394
V10.mp4,382,381,382,383,0,394
V10.mp4,383,382,383,384,0,394
V10.mp4,384,383,384,385,0,394
V10.mp4,385,384,385,386,0,394
V10.mp4,386,385,386,387,0,394
V10.mp4,387,386,387,388,0,394
V10.mp4,388,387,388,389,0,394
V10.mp4,389,388,389,390,0,394
V10.mp4,390,389,390,391,0,394
V10.mp4,391,390,391,392,0,394
V10.mp4,392,391,392,393,1,394
V10.mp4,393,392,393,394,1,394
V10.mp4,394,393,394,395,1,394
V10.mp4,395,394,395,396,1,394
V10.mp4,396,395,396,397,1,394
V10.mp4,397,396,397,398,0,394
V10.mp4,398,397,398,399,0,394
V10.mp4,399,398,399,400,0,394
V10.mp4,400,399,400,401,0,394
V10.mp4,401,400,401,402,0,394
V10.mp4,402,401,402,403,0,394
V10.mp4,403,402,403,404,0,394
V10.mp4,404,403,404,405,0,394
V10.mp4,405,404,405,406,0,394
V10.mp4,406,405,406,407,0,394
V10.mp4,407,406,407,408,0,394
V10.mp4,408,407,408,409,0,394
V10.mp4,409,408,409,410,0,394
V10.mp4,410,409,410,411,0,394
V10.mp4,411,410,411,412,0,394
V10.mp4,412,411,412,413,0,394
V10.mp4,413,412,413,414,0,394
V10.mp4,414,413,414,415,0,394
V10.mp4,415,414,415,416,0,394
V10.mp4,416,415,416,417,0,394
V10.mp4,417,416,417,418,0,394
V10.mp4,418,417,418,419,0,394
V10.mp4,419,418,419,420,0,394
V10.mp4,420,419,420,421,0,394
V10.mp4,421,420,421,422,0,394
V10.mp4,422,421,422,423,0,394
V10.mp4,423,422,423,424,0,394
V10.mp4,424,423,424,425,0,394
V10.mp4,425,424,425,426,0,394
V10.mp4,426,425,426,427,0,394
V10.mp4,427,426,427,428,0,394
V10.mp4,428,427,428,429,0,394
V10.mp4,429,428,429,430,0,394
V10.mp4,430,429,430,431,0,394
V10.mp4,431,430,431,432,0,394
V10.mp4,432,431,432,433,0,394
V10.mp4,433,432,433,434,0,394
V10.mp4,434,433,434,435,0,394
V10.mp4,435,434,435,436,0,394
V10.mp4,436,435,436,437,0,394
V10.mp4,437,436,437,438,0,394
V10.mp4,438,437,438,439,0,394
V10.mp4,439,438,439,440,0,394
V10.mp4,440,439,440,441,0,394
V10.mp4,441,440,441,442,0,394
V10.mp4,442,441,442,443,0,394
V10.mp4,443,442,443,444,0,394
V10.mp4,444,443,444,445,0,394
V10.mp4,445,444,445,446,0,394
V10.mp4,446,445,446,447,0,394
V10.mp4,447,446,447,448,0,394
V10.mp4,448,447,448,449,0,394
V10.mp4,449,448,449,450,0,394
V10.mp4,450,449,450,451,0,394
V10.mp4,451,450,451,452,0,394
V10.mp4,452,451,452,453,0,394
V10.mp4,453,452,453,454,0,394
V10.mp4,454,453,454,455,0,394
V10.mp4,455,454,455,456,0,394
V10.mp4,456,455,456,457,0,394
V10.mp4,457,456,457,458,0,394
V10.mp4,458,457,458,459,0,394
V10.mp4,459,458,459,460,0,394
V10.mp4,460,459,460,461,0,394
V10.mp4,461,460,461,462,0,394
V10.mp4,462,461,462,463,0,394
V10.mp4,463,462,463,464,0,394
V10.mp4,464,463,464,465,0,394
V10.mp4,465,464,465,466,0,394
V10.mp4,466,465,466,467,0,394
V10.mp4,467,466,467,468,0,394
V10.mp4,468,467,468,469,0,394
V10.mp4,469,468,469,470,0,394
V10.mp4,470,469,470,471,0,394
V10.mp4,471,470,471,472,0,394
V10.mp4,472,471,472,473,0,394
V10.mp4,473,472,473,474,0,394
V10.mp4,474,473,474,475,0,394
V10.mp4,475,474,475,476,0,394
V10.mp4,476,475,476,477,0,394
V10.mp4,477,476,477,478,0,394
V11.mp4,1,0,1,2,0,128
V11.mp4,2,1,2,3,0,128
V11.mp4,3,2,3,4,0,128
V11.mp4,4,3,4,5,0,128
V11.mp4,5,4,5,6,0,128
V11.mp4,6,5,6,7,0,128
V11.mp4,7,6,7,8,0,128
V11.mp4,8,7,8,9,0,128
V11.mp4,9,8,9,10,0,128
V11.mp4,10,9,10,11,0,128
V11.mp4,11,10,11,12,0,128
V11.mp4,12,11,12,13,0,128
V11.mp4,13,12,13,14,0,128
V11.mp4,14,13,14,15,0,128
V11.mp4,15,14,15,16,0,128
V11.mp4,16,15,16,17,0,128
V11.mp4,17,16,17,18,0,128
V11.mp4,18,17,18,19,0,128
V11.mp4,19,18,19,20,0,128
V11.mp4,20,19,20,21,0,128
V11.mp4,21,20,21,22,0,128
V11.mp4,22,21,22,23,0,128
V11.mp4,23,22,23,24,0,128
V11.mp4,24,23,24,25,0,128
V11.mp4,25,24,25,26,0,128
V11.mp4,26,25,26,27,0,128
V11.mp4,27,26,27,28,0,128
V11.mp4,28,27,28,29,0,128
V11.mp4,29,28,29,30,0,128
V11.mp4,30,29,30,31,0,128
V11.mp4,31,30,31,32,0,128
V11.mp4,32,31,32,33,0,128
V11.mp4,33,32,33,34,0,128
V11.mp4,34,33,34,35,0,128
V11.mp4,35,34,35,36,0,128
V11.mp4,36,35,36,37,0,128
V11.mp4,37,36,37,38,0,128
V11.mp4,38,37,38,39,0,128
V11.mp4,39,38,39,40,0,128
V11.mp4,40,39,40,41,0,128
V11.mp4,41,40,41,42,0,128
V11.mp4,42,41,42,43,0,128
V11.mp4,43,42,43,44,0,128
V11.mp4,44,43,44,45,0,128
V11.mp4,45,44,45,46,0,128
V11.mp4,46,45,46,47,0,128
V11.mp4,47,46,47,48,0,128
V11.mp4,48,47,48,49,0,128
V11.mp4,49,48,49,50,0,128
V11.mp4,50,49,50,51,0,128
V11.mp4,51,50,51,52,0,128
V11.mp4,52,51,52,53,0,128
V11.mp4,53,52,53,54,0,128
V11.mp4,54,53,54,55,0,128
V11.mp4,55,54,55,56,0,128
V11.mp4,56,55,56,57,0,128
V11.mp4,57,56,57,58,0,128
V11.mp4,58,57,58,59,0,128
V11.mp4,59,58,59,60,0,128
V11.mp4,60,59,60,61,0,128
V11.mp4,61,60,61,62,0,128
V11.mp4,62,61,62,63,0,128
V11.mp4,63,62,63,64,0,128
V11.mp4,64,63,64,65,0,128
V11.mp4,65,64,65,66,0,128
V11.mp4,66,65,66,67,0,128
V11.mp4,67,66,67,68,0,128
V11.mp4,68,67,68,69,0,128
V11.mp4,69,68,69,70,0,128
V11.mp4,70,69,70,71,0,128
V11.mp4,71,70,71,72,0,128
V11.mp4,72,71,72,73,0,128
V11.mp4,73,72,73,74,0,128
V11.mp4,74,73,74,75,0,128
V11.mp4,75,74,75,76,0,128
V11.mp4,76,75,76,77,0,128
V11.mp4,77,76,77,78,0,128
V11.mp4,78,77,78,79,0,128
V11.mp4,79,78,79,80,0,128
V11.mp4,80,79,80,81,0,128
V11.mp4,81,80,81,82,0,128
V11.mp4,82,81,82,83,0,128
V11.mp4,83,82,83,84,0,128
V11.mp4,84,83,84,85,0,128
V11.mp4,85,84,85,86,0,128
V11.mp4,86,85,86,87,0,128
V11.mp4,87,86,87,88,0,128
V11.mp4,88,87,88,89,0,128
V11.mp4,89,88,89,90,0,128
V11.mp4,90,89,90,91,0,128
V11.mp4,91,90,91,92,0,128
V11.mp4,92,91,92,93,0,128
V11.mp4,93,92,93,94,0,128
V11.mp4,94,93,94,95,0,128
V11.mp4,95,94,95,96,0,128
V11.mp4,96,95,96,97,0,128
V11.mp4,97,96,97,98,0,128
V11.mp4,98,97,98,99,0,128
V11.mp4,99,98,99,100,0,128
V11.mp4,100,99,100,101,0,128
V11.mp4,101,100,101,102,0,128
V11.mp4,102,101,102,103,0,128
V11.mp4,103,102,103,104,0,128
V11.mp4,104,103,104,105,0,128
V11.mp4,105,104,105,106,0,128
V11.mp4,106,105,106,107,0,128
V11.mp4,107,106,107,108,0,128
V11.mp4,108,107,108,109,0,128
V11.mp4,109,108,109,110,0,128
V11.mp4,110,109,110,111,0,128
V11.mp4,111,110,111,112,0,128
V11.mp4,112,111,112,113,0,128
V11.mp4,113,112,113,114,0,128
V11.mp4,114,113,114,115,0,128
V11.mp4,115,114,115,116,0,128
V11.mp4,116,115,116,117,0,128
V11.mp4,117,116,117,118,0,128
V11.mp4,118,117,118,119,0,128
V11.mp4,119,118,119,120,0,128
V11.mp4,120,119,120,121,0,128
V11.mp4,121,120,121,122,0,128
V11.mp4,122,121,122,123,0,128
V11.mp4,123,122,123,124,0,128
V11.mp4,124,123,124,125,0,128
V11.mp4,125,124,125,126,0,128
V11.mp4,126,125,126,127,1,128
V11.mp4,127,126,127,128,1,128
V11.mp4,128,127,128,129,1,128
V11.mp4,129,128,129,130,1,128
V11.mp4,130,129,130,131,1,128
V11.mp4,131,130,131,132,0,128
V11.mp4,132,131,132,133,0,128
V11.mp4,133,132,133,134,0,128
V11.mp4,134,133,134,135,0,128
V11.mp4,135,134,135,136,0,128
V11.mp4,136,135,136,137,0,128
V11.mp4,137,136,137,138,0,128
V11.mp4,138,137,138,139,0,128
V11.mp4,139,138,139,140,0,128
V11.mp4,140,139,140,141,0,128
V11.mp4,141,140,141,142,0,128
V11.mp4,142,141,142,143,0,128
V11.mp4,143,142,143,144,0,128
V11.mp4,144,143,144,145,0,128
V11.mp4,145,144,145,146,0,128
V11.mp4,146,145,146,147,0,128
V11.mp4,147,146,147,148,0,128
V11.mp4,148,147,148,149,0,128
V11.mp4,149,148,149,150,0,128
V11.mp4,150,149,150,151,0,128
V11.mp4,151,150,151,152,0,128
V11.mp4,152,151,152,153,0,128
V11.mp4,153,152,153,154,0,128
V11.mp4,154,153,154,155,0,128
V11.mp4,155,154,155,156,0,128
V11.mp4,156,155,156,157,0,128
V11.mp4,157,156,157,158,0,128
V11.mp4,158,157,158,159,0,128
V11.mp4,159,158,159,160,0,128
V11.mp4,160,159,160,161,0,128
V11.mp4,161,160,161,162,0,128
V11.mp4,162,161,162,163,0,128
V11.mp4,163,162,163,164,0,128
V11.mp4,164,163,164,165,0,128
V11.mp4,165,164,165,166,0,128
V12.mp4,1,0,1,2,0,68
V12.mp4,2,1,2,3,0,68
V12.mp4,3,2,3,4,0,68
V12.mp4,4,3,4,5,0,68
V12.mp4,5,4,5,6,0,68
V12.mp4,6,5,6,7,0,68
V12.mp4,7,6,7,8,0,68
V12.mp4,8,7,8,9,0,68
V12.mp4,9,8,9,10,0,68
V12.mp4,10,9,10,11,0,68
V12.mp4,11,10,11,12,0,68
V12.mp4,12,11,12,13,0,68
V12.mp4,13,12,13,14,0,68
V12.mp4,14,13,14,15,0,68
V12.mp4,15,14,15,16,0,68
V12.mp4,16,15,16,17,0,68
V12.mp4,17,16,17,18,0,68
V12.mp4,18,17,18,19,0,68
V12.mp4,19,18,19,20,0,68
V12.mp4,20,19,20,21,0,68
V12.mp4,21,20,21,22,0,68
V12.mp4,22,21,22,23,0,68
V12.mp4,23,22,23,24,0,68
V12.mp4,24,23,24,25,0,68
V12.mp4,25,24,25,26,0,68
V12.mp4,26,25,26,27,0,68
V12.mp4,27,26,27,28,0,68
V12.mp4,28,27,28,29,0,68
V12.mp4,29,28,29,30,0,68
V12.mp4,30,29,30,31,0,68
V12.mp4,31,30,31,32,0,68
V12.mp4,32,31,32,33,0,68
V12.mp4,33,32,33,34,0,68
V12.mp4,34,33,34,35,0,68
V12.mp4,35,34,35,36,0,68
V12.mp4,36,35,36,37,0,68
V12.mp4,37,36,37,38,0,68
V12.mp4,38,37,38,39,0,68
V12.mp4,39,38,39,40,0,68
V12.mp4,40,39,40,41,0,68
V12.mp4,41,40,41,42,0,68
V12.mp4,42,41,42,43,0,68
V12.mp4,43,42,43,44,0,68
V12.mp4,44,43,44,45,0,68
V12.mp4,45,44,45,46,0,68
V12.mp4,46,45,46,47,0,68
V12.mp4,47,46,47,48,0,68
V12.mp4,48,47,48,49,0,68
V12.mp4,49,48,49,50,0,68
V12.mp4,50,49,50,51,0,68
V12.mp4,51,50,51,52,0,68
V12.mp4,52,51,52,53,0,68
V12.mp4,53,52,53,54,0,68
V12.mp4,54,53,54,55,0,68
V12.mp4,55,54,55,56,0,68
V12.mp4,56,55,56,57,0,68
V12.mp4,57,56,57,58,0,68
V12.mp4,58,57,58,59,0,68
V12.mp4,59,58,59,60,0,68
V12.mp4,60,59,60,61,0,68
V12.mp4,61,60,61,62,0,68
V12.mp4,62,61,62,63,0,68
V12.mp4,63,62,63,64,0,68
V12.mp4,64,63,64,65,0,68
V12.mp4,65,64,65,66,0,68
V12.mp4,66,65,66,67,1,68
V12.mp4,67,66,67,68,1,68
V12.mp4,68,67,68,69,1,68
V12.mp4,69,68,69,70,1,68
V12.mp4,70,69,70,71,1,68
V12.mp4,71,70,71,72,0,68
V12.mp4,72,71,72,73,0,68
V12.mp4,73,72,73,74,0,68
V12.mp4,74,73,74,75,0,68
V12.mp4,75,74,75,76,0,68
V12.mp4,76,75,76,77,0,68
V12.mp4,77,76,77,78,0,68
V12.mp4,78,77,78,79,0,68
V12.mp4,79,78,79,80,0,68
V12.mp4,80,79,80,81,0,68
V12.mp4,81,80,81,82,0,68
V12.mp4,82,81,82,83,0,68
V12.mp4,83,82,83,84,0,68
V12.mp4,84,83,84,85,0,68
V12.mp4,85,84,85,86,0,68
V12.mp4,86,85,86,87,0,68
V12.mp4,87,86,87,88,0,68
V12.mp4,88,87,88,89,0,68
V12.mp4,89,88,89,90,0,68
V12.mp4,90,89,90,91,0,68
V12.mp4,91,90,91,92,0,68
V12.mp4,92,91,92,93,0,68
V12.mp4,93,92,93,94,0,68
V12.mp4,94,93,94,95,0,68
V12.mp4,95,94,95,96,0,68
V12.mp4,96,95,96,97,0,68
V12.mp4,97,96,97,98,0,68
V12.mp4,98,97,98,99,0,68
V12.mp4,99,98,99,100,0,68
V12.mp4,100,99,100,101,0,68
V12.mp4,101,100,101,102,0,68
V12.mp4,102,101,102,103,0,68
V12.mp4,103,102,103,104,0,68
V12.mp4,104,103,104,105,0,68
V12.mp4,105,104,105,106,0,68
V12.mp4,106,105,106,107,0,68
V12.mp4,107,106,107,108,0,68
V12.mp4,108,107,108,109,0,68
V12.mp4,109,108,109,110,0,68
V12.mp4,110,109,110,111,0,68
V12.mp4,111,110,111,112,0,68
V12.mp4,112,111,112,113,0,68
V12.mp4,113,112,113,114,0,68
V12.mp4,114,113,114,115,0,68
V12.mp4,115,114,115,116,0,68
V12.mp4,116,115,116,117,0,68
V12.mp4,117,116,117,118,0,68
V12.mp4,118,117,118,119,0,68
V12.mp4,119,118,119,120,0,68
V12.mp4,120,119,120,121,0,68
V12.mp4,121,120,121,122,0,68
V12.mp4,122,121,122,123,0,68
V12.mp4,123,122,123,124,0,68
V12.mp4,124,123,124,125,0,68
V12.mp4,125,124,125,126,0,68
V12.mp4,126,125,126,127,0,68
V12.mp4,127,126,127,128,0,68
V13.mp4,1,0,1,2,0,137
V13.mp4,2,1,2,3,0,137
V13.mp4,3,2,3,4,0,137
V13.mp4,4,3,4,5,0,137
V13.mp4,5,4,5,6,0,137
V13.mp4,6,5,6,7,0,137
V13.mp4,7,6,7,8,0,137
V13.mp4,8,7,8,9,0,137
V13.mp4,9,8,9,10,0,137
V13.mp4,10,9,10,11,0,137
V13.mp4,11,10,11,12,0,137
V13.mp4,12,11,12,13,0,137
V13.mp4,13,12,13,14,0,137
V13.mp4,14,13,14,15,0,137
V13.mp4,15,14,15,16,0,137
V13.mp4,16,15,16,17,0,137
V13.mp4,17,16,17,18,0,137
V13.mp4,18,17,18,19,0,137
V13.mp4,19,18,19,20,0,137
V13.mp4,20,19,20,21,0,137
V13.mp4,21,20,21,22,0,137
V13.mp4,22,21,22,23,0,137
V13.mp4,23,22,23,24,0,137
V13.mp4,24,23,24,25,0,137
V13.mp4,25,24,25,26,0,137
V13.mp4,26,25,26,27,0,137
V13.mp4,27,26,27,28,0,137
V13.mp4,28,27,28,29,0,137
V13.mp4,29,28,29,30,0,137
V13.mp4,30,29,30,31,0,137
V13.mp4,31,30,31,32,0,137
V13.mp4,32,31,32,33,0,137
V13.mp4,33,32,33,34,0,137
V13.mp4,34,33,34,35,0,137
V13.mp4,35,34,35,36,0,137
V13.mp4,36,35,36,37,0,137
V13.mp4,37,36,37,38,0,137
V13.mp4,38,37,38,39,0,137
V13.mp4,39,38,39,40,0,137
V13.mp4,40,39,40,41,0,137
V13.mp4,41,40,41,42,0,137
V13.mp4,42,41,42,43,0,137
V13.mp4,43,42,43,44,0,137
V13.mp4,44,43,44,45,0,137
V13.mp4,45,44,45,46,0,137
V13.mp4,46,45,46,47,0,137
V13.mp4,47,46,47,48,0,137
V13.mp4,48,47,48,49,0,137
V13.mp4,49,48,49,50,0,137
V13.mp4,50,49,50,51,0,137
V13.mp4,51,50,51,52,0,137
V13.mp4,52,51,52,53,0,137
V13.mp4,53,52,53,54,0,137
V13.mp4,54,53,54,55,0,137
V13.mp4,55,54,55,56,0,137
V13.mp4,56,55,56,57,0,137
V13.mp4,57,56,57,58,0,137
V13.mp4,58,57,58,59,0,137
V13.mp4,59,58,59,60,0,137
V13.mp4,60,59,60,61,0,137
V13.mp4,61,60,61,62,0,137
V13.mp4,62,61,62,63,0,137
V13.mp4,63,62,63,64,0,137
V13.mp4,64,63,64,65,0,137
V13.mp4,65,64,65,66,0,137
V13.mp4,66,65,66,67,0,137
V13.mp4,67,66,67,68,0,137
V13.mp4,68,67,68,69,0,137
V13.mp4,69,68,69,70,0,137
V13.mp4,70,69,70,71,0,137
V13.mp4,71,70,71,72,0,137
V13.mp4,72,71,72,73,0,137
V13.mp4,73,72,73,74,0,137
V13.mp4,74,73,74,75,0,137
V13.mp4,75,74,75,76,0,137
V13.mp4,76,75,76,77,0,137
V13.mp4,77,76,77,78,0,137
V13.mp4,78,77,78,79,0,137
V13.mp4,79,78,79,80,0,137
V13.mp4,80,79,80,81,0,137
V13.mp4,81,80,81,82,0,137
V13.mp4,82,81,82,83,0,137
V13.mp4,83,82,83,84,0,137
V13.mp4,84,83,84,85,0,137
V13.mp4,85,84,85,86,0,137
V13.mp4,86,85,86,87,0,137
V13.mp4,87,86,87,88,0,137
V13.mp4,88,87,88,89,0,137
V13.mp4,89,88,89,90,0,137
V13.mp4,90,89,90,91,0,137
V13.mp4,91,90,91,92,0,137
V13.mp4,92,91,92,93,0,137
V13.mp4,93,92,93,94,0,137
V13.mp4,94,93,94,95,0,137
V13.mp4,95,94,95,96,0,137
V13.mp4,96,95,96,97,0,137
V13.mp4,97,96,97,98,0,137
V13.mp4,98,97,98,99,0,137
V13.mp4,99,98,99,100,0,137
V13.mp4,100,99,100,101,0,137
V13.mp4,101,100,101,102,0,137
V13.mp4,102,101,102,103,0,137
V13.mp4,103,102,103,104,0,137
V13.mp4,104,103,104,105,0,137
V13.mp4,105,104,105,106,0,137
V13.mp4,106,105,106,107,0,137
V13.mp4,107,106,107,108,0,137
V13.mp4,108,107,108,109,0,137
V13.mp4,109,108,109,110,0,137
V13.mp4,110,109,110,111,0,137
V13.mp4,111,110,111,112,0,137
V13.mp4,112,111,112,113,0,137
V13.mp4,113,112,113,114,0,137
V13.mp4,114,113,114,115,0,137
V13.mp4,115,114,115,116,0,137
V13.mp4,116,115,116,117,0,137
V13.mp4,117,116,117,118,0,137
V13.mp4,118,117,118,119,0,137
V13.mp4,119,118,119,120,0,137
V13.mp4,120,119,120,121,0,137
V13.mp4,121,120,121,122,0,137
V13.mp4,122,121,122,123,0,137
V13.mp4,123,122,123,124,0,137
V13.mp4,124,123,124,125,0,137
V13.mp4,125,124,125,126,0,137
V13.mp4,126,125,126,127,0,137
V13.mp4,127,126,127,128,0,137
V13.mp4,128,127,128,129,0,137
V13.mp4,129,128,129,130,0,137
V13.mp4,130,129,130,131,0,137
V13.mp4,131,130,131,132,0,137
V13.mp4,132,131,132,133,0,137
V13.mp4,133,132,133,134,0,137
V13.mp4,134,133,134,135,0,137
V13.mp4,135,134,135,136,1,137
V13.mp4,136,135,136,137,1,137
V13.mp4,137,136,137,138,1,137
V13.mp4,138,137,138,139,1,137
V13.mp4,139,138,139,140,1,137
V13.mp4,140,139,140,141,0,137
V13.mp4,141,140,141,142,0,137
V13.mp4,142,141,142,143,0,137
V13.mp4,143,142,143,144,0,137
V13.mp4,144,143,144,145,0,137
V13.mp4,145,144,145,146,0,137
V13.mp4,146,145,146,147,0,137
V13.mp4,147,146,147,148,0,137
V13.mp4,148,147,148,149,0,137
V13.mp4,149,148,149,150,0,137
V13.mp4,150,149,150,151,0,137
V13.mp4,151,150,151,152,0,137
V13.mp4,152,151,152,153,0,137
V13.mp4,153,152,153,154,0,137
V13.mp4,154,153,154,155,0,137
V13.mp4,155,154,155,156,0,137
V13.mp4,156,155,156,157,0,137
V13.mp4,157,156,157,158,0,137
V13.mp4,158,157,158,159,0,137
V13.mp4,159,158,159,160,0,137
V13.mp4,160,159,160,161,0,137
V13.mp4,161,160,161,162,0,137
V13.mp4,162,161,162,163,0,137
V13.mp4,163,162,163,164,0,137
V13.mp4,164,163,164,165,0,137
V13.mp4,165,164,165,166,0,137
V13.mp4,166,165,166,167,0,137
V13.mp4,167,166,167,168,0,137
V13.mp4,168,167,168,169,0,137
V13.mp4,169,168,169,170,0,137
V13.mp4,170,169,170,171,0,137
V13.mp4,171,170,171,172,0,137
V13.mp4,172,171,172,173,0,137
V13.mp4,173,172,173,174,0,137
V13.mp4,174,173,174,175,0,137
V13.mp4,175,174,175,176,0,137
V13.mp4,176,175,176,177,0,137
V13.mp4,177,176,177,178,0,137
V13.mp4,178,177,178,179,0,137
V13.mp4,179,178,179,180,0,137
V13.mp4,180,179,180,181,0,137
V13.mp4,181,180,181,182,0,137
V13.mp4,182,181,182,183,0,137
V13.mp4,183,182,183,184,0,137
V13.mp4,184,183,184,185,0,137
V13.mp4,185,184,185,186,0,137
V13.mp4,186,185,186,187,0,137
V13.mp4,187,186,187,188,0,137
V13.mp4,188,187,188,189,0,137
V13.mp4,189,188,189,190,0,137
V13.mp4,190,189,190,191,0,137
V13.mp4,191,190,191,192,0,137
V13.mp4,192,191,192,193,0,137
V13.mp4,193,192,193,194,0,137
V13.mp4,194,193,194,195,0,137
V13.mp4,195,194,195,196,0,137
V13.mp4,196,195,196,197,0,137
V13.mp4,197,196,197,198,0,137
V13.mp4,198,197,198,199,0,137
V13.mp4,199,198,199,200,0,137
V13.mp4,200,199,200,201,0,137
V13.mp4,201,200,201,202,0,137
V13.mp4,202,201,202,203,0,137
V13.mp4,203,202,203,204,0,137
V13.mp4,204,203,204,205,0,137
V13.mp4,205,204,205,206,0,137
V13.mp4,206,205,206,207,0,137
V13.mp4,207,206,207,208,0,137
V13.mp4,208,207,208,209,0,137
V13.mp4,209,208,209,210,0,137
V13.mp4,210,209,210,211,0,137
V13.mp4,211,210,211,212,0,137
V13.mp4,212,211,212,213,0,137
V13.mp4,213,212,213,214,0,137
V13.mp4,214,213,214,215,0,137
V13.mp4,215,214,215,216,0,137
V13.mp4,216,215,216,217,0,137
V13.mp4,217,216,217,218,0,137
V13.mp4,218,217,218,219,0,137
V13.mp4,219,218,219,220,0,137
V13.mp4,220,219,220,221,0,137
V13.mp4,221,220,221,222,0,137
V13.mp4,222,221,222,223,0,137
V13.mp4,223,222,223,224,0,137
V13.mp4,224,223,224,225,0,137
V13.mp4,225,224,225,226,0,137
V13.mp4,226,225,226,227,0,137
V13.mp4,227,226,227,228,0,137
V13.mp4,228,227,228,229,0,137
V14.mp4,1,0,1,2,0,137
V14.mp4,2,1,2,3,0,137
V14.mp4,3,2,3,4,0,137
V14.mp4,4,3,4,5,0,137
V14.mp4,5,4,5,6,0,137
V14.mp4,6,5,6,7,0,137
V14.mp4,7,6,7,8,0,137
V14.mp4,8,7,8,9,0,137
V14.mp4,9,8,9,10,0,137
V14.mp4,10,9,10,11,0,137
V14.mp4,11,10,11,12,0,137
V14.mp4,12,11,12,13,0,137
V14.mp4,13,12,13,14,0,137
V14.mp4,14,13,14,15,0,137
V14.mp4,15,14,15,16,0,137
V14.mp4,16,15,16,17,0,137
V14.mp4,17,16,17,18,0,137
V14.mp4,18,17,18,19,0,137
V14.mp4,19,18,19,20,0,137
V14.mp4,20,19,20,21,0,137
V14.mp4,21,20,21,22,0,137
V14.mp4,22,21,22,23,0,137
V14.mp4,23,22,23,24,0,137
V14.mp4,24,23,24,25,0,137
V14.mp4,25,24,25,26,0,137
V14.mp4,26,25,26,27,0,137
V14.mp4,27,26,27,28,0,137
V14.mp4,28,27,28,29,0,137
V14.mp4,29,28,29,30,0,137
V14.mp4,30,29,30,31,0,137
V14.mp4,31,30,31,32,0,137
V14.mp4,32,31,32,33,0,137
V14.mp4,33,32,33,34,0,137
V14.mp4,34,33,34,35,0,137
V14.mp4,35,34,35,36,0,137
V14.mp4,36,35,36,37,0,137
V14.mp4,37,36,37,38,0,137
V14.mp4,38,37,38,39,0,137
V14.mp4,39,38,39,40,0,137
V14.mp4,40,39,40,41,0,137
V14.mp4,41,40,41,42,0,137
V14.mp4,42,41,42,43,0,137
V14.mp4,43,42,43,44,0,137
V14.mp4,44,43,44,45,0,137
V14.mp4,45,44,45,46,0,137
V14.mp4,46,45,46,47,0,137
V14.mp4,47,46,47,48,0,137
V14.mp4,48,47,48,49,0,137
V14.mp4,49,48,49,50,0,137
V14.mp4,50,49,50,51,0,137
V14.mp4,51,50,51,52,0,137
V14.mp4,52,51,52,53,0,137
V14.mp4,53,52,53,54,0,137
V14.mp4,54,53,54,55,0,137
V14.mp4,55,54,55,56,0,137
V14.mp4,56,55,56,57,0,137
V14.mp4,57,56,57,58,0,137
V14.mp4,58,57,58,59,0,137
V14.mp4,59,58,59,60,0,137
V14.mp4,60,59,60,61,0,137
V14.mp4,61,60,61,62,0,137
V14.mp4,62,61,62,63,0,137
V14.mp4,63,62,63,64,0,137
V14.mp4,64,63,64,65,0,137
V14.mp4,65,64,65,66,0,137
V14.mp4,66,65,66,67,0,137
V14.mp4,67,66,67,68,0,137
V14.mp4,68,67,68,69,0,137
V14.mp4,69,68,69,70,0,137
V14.mp4,70,69,70,71,0,137
V14.mp4,71,70,71,72,0,137
V14.mp4,72,71,72,73,0,137
V14.mp4,73,72,73,74,0,137
V14.mp4,74,73,74,75,0,137
V14.mp4,75,74,75,76,0,137
V14.mp4,76,75,76,77,0,137
V14.mp4,77,76,77,78,0,137
V14.mp4,78,77,78,79,0,137
V14.mp4,79,78,79,80,0,137
V14.mp4,80,79,80,81,0,137
V14.mp4,81,80,81,82,0,137
V14.mp4,82,81,82,83,0,137
V14.mp4,83,82,83,84,0,137
V14.mp4,84,83,84,85,0,137
V14.mp4,85,84,85,86,0,137
V14.mp4,86,85,86,87,0,137
V14.mp4,87,86,87,88,0,137
V14.mp4,88,87,88,89,0,137
V14.mp4,89,88,89,90,0,137
V14.mp4,90,89,90,91,0,137
V14.mp4,91,90,91,92,0,137
V14.mp4,92,91,92,93,0,137
V14.mp4,93,92,93,94,0,137
V14.mp4,94,93,94,95,0,137
V14.mp4,95,94,95,96,0,137
V14.mp4,96,95,96,97,0,137
V14.mp4,97,96,97,98,0,137
V14.mp4,98,97,98,99,0,137
V14.mp4,99,98,99,100,0,137
V14.mp4,100,99,100,101,0,137
V14.mp4,101,100,101,102,0,137
V14.mp4,102,101,102,103,0,137
V14.mp4,103,102,103,104,0,137
V14.mp4,104,103,104,105,0,137
V14.mp4,105,104,105,106,0,137
V14.mp4,106,105,106,107,0,137
V14.mp4,107,106,107,108,0,137
V14.mp4,108,107,108,109,0,137
V14.mp4,109,108,109,110,0,137
V14.mp4,110,109,110,111,0,137
V14.mp4,111,110,111,112,0,137
V14.mp4,112,111,112,113,0,137
V14.mp4,113,112,113,114,0,137
V14.mp4,114,113,114,115,0,137
V14.mp4,115,114,115,116,0,137
V14.mp4,116,115,116,117,0,137
V14.mp4,117,116,117,118,0,137
V14.mp4,118,117,118,119,0,137
V14.mp4,119,118,119,120,0,137
V14.mp4,120,119,120,121,0,137
V14.mp4,121,120,121,122,0,137
V14.mp4,122,121,122,123,0,137
V14.mp4,123,122,123,124,0,137
V14.mp4,124,123,124,125,0,137
V14.mp4,125,124,125,126,0,137
V14.mp4,126,125,126,127,0,137
V14.mp4,127,126,127,128,0,137
V14.mp4,128,127,128,129,0,137
V14.mp4,129,128,129,130,0,137
V14.mp4,130,129,130,131,0,137
V14.mp4,131,130,131,132,0,137
V14.mp4,132,131,132,133,0,137
V14.mp4,133,132,133,134,0,137
V14.mp4,134,133,134,135,0,137
V14.mp4,135,134,135,136,1,137
V14.mp4,136,135,136,137,1,137
V14.mp4,137,136,137,138,1,137
V14.mp4,138,137,138,139,1,137
V14.mp4,139,138,139,140,1,137
V14.mp4,140,139,140,141,0,137
V14.mp4,141,140,141,142,0,137
V14.mp4,142,141,142,143,0,137
V14.mp4,143,142,143,144,0,137
V14.mp4,144,143,144,145,0,137
V14.mp4,145,144,145,146,0,137
V14.mp4,146,145,146,147,0,137
V14.mp4,147,146,147,148,0,137
V14.mp4,148,147,148,149,0,137
V14.mp4,149,148,149,150,0,137
V14.mp4,150,149,150,151,0,137
V14.mp4,151,150,151,152,0,137
V14.mp4,152,151,152,153,0,137
V14.mp4,153,152,153,154,0,137
V14.mp4,154,153,154,155,0,137
V14.mp4,155,154,155,156,0,137
V14.mp4,156,155,156,157,0,137
V14.mp4,157,156,157,158,0,137
V14.mp4,158,157,158,159,0,137
V14.mp4,159,158,159,160,0,137
V14.mp4,160,159,160,161,0,137
V14.mp4,161,160,161,162,0,137
V14.mp4,162,161,162,163,0,137
V14.mp4,163,162,163,164,0,137
V14.mp4,164,163,164,165,0,137
V14.mp4,165,164,165,166,0,137
V14.mp4,166,165,166,167,0,137
V14.mp4,167,166,167,168,0,137
V14.mp4,168,167,168,169,0,137
V14.mp4,169,168,169,170,0,137
V14.mp4,170,169,170,171,0,137
V14.mp4,171,170,171,172,0,137
V14.mp4,172,171,172,173,0,137
V14.mp4,173,172,173,174,0,137
V14.mp4,174,173,174,175,0,137
V14.mp4,175,174,175,176,0,137
V14.mp4,176,175,176,177,0,137
V14.mp4,177,176,177,178,0,137
V14.mp4,178,177,178,179,0,137
V14.mp4,179,178,179,180,0,137
V14.mp4,180,179,180,181,0,137
V14.mp4,181,180,181,182,0,137
V14.mp4,182,181,182,183,0,137
V14.mp4,183,182,183,184,0,137
V14.mp4,184,183,184,185,0,137
V14.mp4,185,184,185,186,0,137
V14.mp4,186,185,186,187,0,137
V14.mp4,187,186,187,188,0,137
V14.mp4,188,187,188,189,0,137
V14.mp4,189,188,189,190,0,137
V14.mp4,190,189,190,191,0,137
V14.mp4,191,190,191,192,0,137
V14.mp4,192,191,192,193,0,137
V14.mp4,193,192,193,194,0,137
V14.mp4,194,193,194,195,0,137
V14.mp4,195,194,195,196,0,137
V14.mp4,196,195,196,197,0,137
V14.mp4,197,196,197,198,0,137
V14.mp4,198,197,198,199,0,137
V14.mp4,199,198,199,200,0,137
V14.mp4,200,199,200,201,0,137
V14.mp4,201,200,201,202,0,137
V14.mp4,202,201,202,203,0,137
V15.mp4,1,0,1,2,0,87
V15.mp4,2,1,2,3,0,87
V15.mp4,3,2,3,4,0,87
V15.mp4,4,3,4,5,0,87
V15.mp4,5,4,5,6,0,87
V15.mp4,6,5,6,7,0,87
V15.mp4,7,6,7,8,0,87
V15.mp4,8,7,8,9,0,87
V15.mp4,9,8,9,10,0,87
V15.mp4,10,9,10,11,0,87
V15.mp4,11,10,11,12,0,87
V15.mp4,12,11,12,13,0,87
V15.mp4,13,12,13,14,0,87
V15.mp4,14,13,14,15,0,87
V15.mp4,15,14,15,16,0,87
V15.mp4,16,15,16,17,0,87
V15.mp4,17,16,17,18,0,87
V15.mp4,18,17,18,19,0,87
V15.mp4,19,18,19,20,0,87
V15.mp4,20,19,20,21,0,87
V15.mp4,21,20,21,22,0,87
V15.mp4,22,21,22,23,0,87
V15.mp4,23,22,23,24,0,87
V15.mp4,24,23,24,25,0,87
V15.mp4,25,24,25,26,0,87
V15.mp4,26,25,26,27,0,87
V15.mp4,27,26,27,28,0,87
V15.mp4,28,27,28,29,0,87
V15.mp4,29,28,29,30,0,87
V15.mp4,30,29,30,31,0,87
V15.mp4,31,30,31,32,0,87
V15.mp4,32,31,32,33,0,87
V15.mp4,33,32,33,34,0,87
V15.mp4,34,33,34,35,0,87
V15.mp4,35,34,35,36,0,87
V15.mp4,36,35,36,37,0,87
V15.mp4,37,36,37,38,0,87
V15.mp4,38,37,38,39,0,87
V15.mp4,39,38,39,40,0,87
V15.mp4,40,39,40,41,0,87
V15.mp4,41,40,41,42,0,87
V15.mp4,42,41,42,43,0,87
V15.mp4,43,42,43,44,0,87
V15.mp4,44,43,44,45,0,87
V15.mp4,45,44,45,46,0,87
V15.mp4,46,45,46,47,0,87
V15.mp4,47,46,47,48,0,87
V15.mp4,48,47,48,49,0,87
V15.mp4,49,48,49,50,0,87
V15.mp4,50,49,50,51,0,87
V15.mp4,51,50,51,52,0,87
V15.mp4,52,51,52,53,0,87
V15.mp4,53,52,53,54,0,87
V15.mp4,54,53,54,55,0,87
V15.mp4,55,54,55,56,0,87
V15.mp4,56,55,56,57,0,87
V15.mp4,57,56,57,58,0,87
V15.mp4,58,57,58,59,0,87
V15.mp4,59,58,59,60,0,87
V15.mp4,60,59,60,61,0,87
V15.mp4,61,60,61,62,0,87
V15.mp4,62,61,62,63,0,87
V15.mp4,63,62,63,64,0,87
V15.mp4,64,63,64,65,0,87
V15.mp4,65,64,65,66,0,87
V15.mp4,66,65,66,67,0,87
V15.mp4,67,66,67,68,0,87
V15.mp4,68,67,68,69,0,87
V15.mp4,69,68,69,70,0,87
V15.mp4,70,69,70,71,0,87
V15.mp4,71,70,71,72,0,87
V15.mp4,72,71,72,73,0,87
V15.mp4,73,72,73,74,0,87
V15.mp4,74,73,74,75,0,87
V15.mp4,75,74,75,76,0,87
V15.mp4,76,75,76,77,0,87
V15.mp4,77,76,77,78,0,87
V15.mp4,78,77,78,79,0,87
V15.mp4,79,78,79,80,0,87
V15.mp4,80,79,80,81,0,87
V15.mp4,81,80,81,82,0,87
V15.mp4,82,81,82,83,0,87
V15.mp4,83,82,83,84,0,87
V15.mp4,84,83,84,85,0,87
V15.mp4,85,84,85,86,1,87
V15.mp4,86,85,86,87,1,87
V15.mp4,87,86,87,88,1,87
V15.mp4,88,87,88,89,1,87
V15.mp4,89,88,89,90,1,87
V15.mp4,90,89,90,91,0,87
V15.mp4,91,90,91,92,0,87
V15.mp4,92,91,92,93,0,87
V15.mp4,93,92,93,94,0,87
V15.mp4,94,93,94,95,0,87
V15.mp4,95,94,95,96,0,87
V15.mp4,96,95,96,97,0,87
V15.mp4,97,96,97,98,0,87
V15.mp4,98,97,98,99,0,87
V15.mp4,99,98,99,100,0,87
V15.mp4,100,99,100,101,0,87
V15.mp4,101,100,101,102,0,87
V15.mp4,102,101,102,103,0,87
V15.mp4,103,102,103,104,0,87
V15.mp4,104,103,104,105,0,87
V15.mp4,105,104,105,106,0,87
V15.mp4,106,105,106,107,0,87
V15.mp4,107,106,107,108,0,87
V15.mp4,108,107,108,109,0,87
V15.mp4,109,108,109,110,0,87
V15.mp4,110,109,110,111,0,87
V15.mp4,111,110,111,112,0,87
V15.mp4,112,111,112,113,0,87
V15.mp4,113,112,113,114,0,87
V15.mp4,114,113,114,115,0,87
V15.mp4,115,114,115,116,0,87
V15.mp4,116,115,116,117,0,87
V15.mp4,117,116,117,118,0,87
V15.mp4,118,117,118,119,0,87
V15.mp4,119,118,119,120,0,87
V15.mp4,120,119,120,121,0,87
V15.mp4,121,120,121,122,0,87
V15.mp4,122,121,122,123,0,87
V15.mp4,123,122,123,124,0,87
V15.mp4,124,123,124,125,0,87
V15.mp4,125,124,125,126,0,87
V15.mp4,126,125,126,127,0,87
V15.mp4,127,126,127,128,0,87
V15.mp4,128,127,128,129,0,87
V15.mp4,129,128,129,130,0,87
V15.mp4,130,129,130,131,0,87
V15.mp4,131,130,131,132,0,87
V15.mp4,132,131,132,133,0,87
V15.mp4,133,132,133,134,0,87
V15.mp4,134,133,134,135,0,87
V15.mp4,135,134,135,136,0,87
V15.mp4,136,135,136,137,0,87
V15.mp4,137,136,137,138,0,87
V15.mp4,138,137,138,139,0,87
V15.mp4,139,138,139,140,0,87
V15.mp4,140,139,140,141,0,87
V15.mp4,141,140,141,142,0,87
V15.mp4,142,141,142,143,0,87
V15.mp4,143,142,143,144,0,87
V15.mp4,144,143,144,145,0,87
V15.mp4,145,144,145,146,0,87
V15.mp4,146,145,146,147,0,87
V15.mp4,147,146,147,148,0,87
V15.mp4,148,147,148,149,0,87
V15.mp4,149,148,149,150,0,87
V15.mp4,150,149,150,151,0,87
V15.mp4,151,150,151,152,0,87
V15.mp4,152,151,152,153,0,87
V15.mp4,153,152,153,154,0,87
V15.mp4,154,153,154,155,0,87
V15.mp4,155,154,155,156,0,87
V15.mp4,156,155,156,157,0,87
V15.mp4,157,156,157,158,0,87
V15.mp4,158,157,158,159,0,87
V15.mp4,159,158,159,160,0,87
V15.mp4,160,159,160,161,0,87
V15.mp4,161,160,161,162,0,87
V15.mp4,162,161,162,163,0,87
V15.mp4,163,162,163,164,0,87
V15.mp4,164,163,164,165,0,87
V15.mp4,165,164,165,166,0,87
V15.mp4,166,165,166,167,0,87
V15.mp4,167,166,167,168,0,87
V15.mp4,168,167,168,169,0,87
V15.mp4,169,168,169,170,0,87
V15.mp4,170,169,170,171,0,87
V15.mp4,171,170,171,172,0,87
V15.mp4,172,171,172,173,0,87
V15.mp4,173,172,173,174,0,87
V15.mp4,174,173,174,175,0,87
V15.mp4,175,174,175,176,0,87
V15.mp4,176,175,176,177,0,87
V15.mp4,177,176,177,178,0,87
V15.mp4,178,177,178,179,0,87
V15.mp4,179,178,179,180,0,87
V15.mp4,180,179,180,181,0,87
V15.mp4,181,180,181,182,0,87
V15.mp4,182,181,182,183,0,87
V15.mp4,183,182,183,184,0,87
V15.mp4,184,183,184,185,0,87
V15.mp4,185,184,185,186,0,87
V15.mp4,186,185,186,187,0,87
V15.mp4,187,186,187,188,0,87
V15.mp4,188,187,188,189,0,87
V15.mp4,189,188,189,190,0,87
V15.mp4,190,189,190,191,0,87
V15.mp4,191,190,191,192,0,87
V15.mp4,192,191,192,193,0,87
V16.mp4,1,0,1,2,0,158
V16.mp4,2,1,2,3,0,158
V16.mp4,3,2,3,4,0,158
V16.mp4,4,3,4,5,0,158
V16.mp4,5,4,5,6,0,158
V16.mp4,6,5,6,7,0,158
V16.mp4,7,6,7,8,0,158
V16.mp4,8,7,8,9,0,158
V16.mp4,9,8,9,10,0,158
V16.mp4,10,9,10,11,0,158
V16.mp4,11,10,11,12,0,158
V16.mp4,12,11,12,13,0,158
V16.mp4,13,12,13,14,0,158
V16.mp4,14,13,14,15,0,158
V16.mp4,15,14,15,16,0,158
V16.mp4,16,15,16,17,0,158
V16.mp4,17,16,17,18,0,158
V16.mp4,18,17,18,19,0,158
V16.mp4,19,18,19,20,0,158
V16.mp4,20,19,20,21,0,158
V16.mp4,21,20,21,22,0,158
V16.mp4,22,21,22,23,0,158
V16.mp4,23,22,23,24,0,158
V16.mp4,24,23,24,25,0,158
V16.mp4,25,24,25,26,0,158
V16.mp4,26,25,26,27,0,158
V16.mp4,27,26,27,28,0,158
V16.mp4,28,27,28,29,0,158
V16.mp4,29,28,29,30,0,158
V16.mp4,30,29,30,31,0,158
V16.mp4,31,30,31,32,0,158
V16.mp4,32,31,32,33,0,158
V16.mp4,33,32,33,34,0,158
V16.mp4,34,33,34,35,0,158
V16.mp4,35,34,35,36,0,158
V16.mp4,36,35,36,37,0,158
V16.mp4,37,36,37,38,0,158
V16.mp4,38,37,38,39,0,158
V16.mp4,39,38,39,40,0,158
V16.mp4,40,39,40,41,0,158
V16.mp4,41,40,41,42,0,158
V16.mp4,42,41,42,43,0,158
V16.mp4,43,42,43,44,0,158
V16.mp4,44,43,44,45,0,158
V16.mp4,45,44,45,46,0,158
V16.mp4,46,45,46,47,0,158
V16.mp4,47,46,47,48,0,158
V16.mp4,48,47,48,49,0,158
V16.mp4,49,48,49,50,0,158
V16.mp4,50,49,50,51,0,158
V16.mp4,51,50,51,52,0,158
V16.mp4,52,51,52,53,0,158
V16.mp4,53,52,53,54,0,158
V16.mp4,54,53,54,55,0,158
V16.mp4,55,54,55,56,0,158
V16.mp4,56,55,56,57,0,158
V16.mp4,57,56,57,58,0,158
V16.mp4,58,57,58,59,0,158
V16.mp4,59,58,59,60,0,158
V16.mp4,60,59,60,61,0,158
V16.mp4,61,60,61,62,0,158
V16.mp4,62,61,62,63,0,158
V16.mp4,63,62,63,64,0,158
V16.mp4,64,63,64,65,0,158
V16.mp4,65,64,65,66,0,158
V16.mp4,66,65,66,67,0,158
V16.mp4,67,66,67,68,0,158
V16.mp4,68,67,68,69,0,158
V16.mp4,69,68,69,70,0,158
V16.mp4,70,69,70,71,0,158
V16.mp4,71,70,71,72,0,158
V16.mp4,72,71,72,73,0,158
V16.mp4,73,72,73,74,0,158
V16.mp4,74,73,74,75,0,158
V16.mp4,75,74,75,76,0,158
V16.mp4,76,75,76,77,0,158
V16.mp4,77,76,77,78,0,158
V16.mp4,78,77,78,79,0,158
V16.mp4,79,78,79,80,0,158
V16.mp4,80,79,80,81,0,158
V16.mp4,81,80,81,82,0,158
V16.mp4,82,81,82,83,0,158
V16.mp4,83,82,83,84,0,158
V16.mp4,84,83,84,85,0,158
V16.mp4,85,84,85,86,0,158
V16.mp4,86,85,86,87,0,158
V16.mp4,87,86,87,88,0,158
V16.mp4,88,87,88,89,0,158
V16.mp4,89,88,89,90,0,158
V16.mp4,90,89,90,91,0,158
V16.mp4,91,90,91,92,0,158
V16.mp4,92,91,92,93,0,158
V16.mp4,93,92,93,94,0,158
V16.mp4,94,93,94,95,0,158
V16.mp4,95,94,95,96,0,158
V16.mp4,96,95,96,97,0,158
V16.mp4,97,96,97,98,0,158
V16.mp4,98,97,98,99,0,158
V16.mp4,99,98,99,100,0,158
V16.mp4,100,99,100,101,0,158
V16.mp4,101,100,101,102,0,158
V16.mp4,102,101,102,103,0,158
V16.mp4,103,102,103,104,0,158
V16.mp4,104,103,104,105,0,158
V16.mp4,105,104,105,106,0,158
V16.mp4,106,105,106,107,0,158
V16.mp4,107,106,107,108,0,158
V16.mp4,108,107,108,109,0,158
V16.mp4,109,108,109,110,0,158
V16.mp4,110,109,110,111,0,158
V16.mp4,111,110,111,112,0,158
V16.mp4,112,111,112,113,0,158
V16.mp4,113,112,113,114,0,158
V16.mp4,114,113,114,115,0,158
V16.mp4,115,114,115,116,0,158
V16.mp4,116,115,116,117,0,158
V16.mp4,117,116,117,118,0,158
V16.mp4,118,117,118,119,0,158
V16.mp4,119,118,119,120,0,158
V16.mp4,120,119,120,121,0,158
V16.mp4,121,120,121,122,0,158
V16.mp4,122,121,122,123,0,158
V16.mp4,123,122,123,124,0,158
V16.mp4,124,123,124,125,0,158
V16.mp4,125,124,125,126,0,158
V16.mp4,126,125,126,127,0,158
V16.mp4,127,126,127,128,0,158
V16.mp4,128,127,128,129,0,158
V16.mp4,129,128,129,130,0,158
V16.mp4,130,129,130,131,0,158
V16.mp4,131,130,131,132,0,158
V16.mp4,132,131,132,133,0,158
V16.mp4,133,132,133,134,0,158
V16.mp4,134,133,134,135,0,158
V16.mp4,135,134,135,136,0,158
V16.mp4,136,135,136,137,0,158
V16.mp4,137,136,137,138,0,158
V16.mp4,138,137,138,139,0,158
V16.mp4,139,138,139,140,0,158
V16.mp4,140,139,140,141,0,158
V16.mp4,141,140,141,142,0,158
V16.mp4,142,141,142,143,0,158
V16.mp4,143,142,143,144,0,158
V16.mp4,144,143,144,145,0,158
V16.mp4,145,144,145,146,0,158
V16.mp4,146,145,146,147,0,158
V16.mp4,147,146,147,148,0,158
V16.mp4,148,147,148,149,0,158
V16.mp4,149,148,149,150,0,158
V16.mp4,150,149,150,151,0,158
V16.mp4,151,150,151,152,0,158
V16.mp4,152,151,152,153,0,158
V16.mp4,153,152,153,154,0,158
V16.mp4,154,153,154,155,0,158
V16.mp4,155,154,155,156,0,158
V16.mp4,156,155,156,157,1,158
V16.mp4,157,156,157,158,1,158
V16.mp4,158,157,158,159,1,158
V16.mp4,159,158,159,160,1,158
V16.mp4,160,159,160,161,1,158
V16.mp4,161,160,161,162,0,158
V16.mp4,162,161,162,163,0,158
V16.mp4,163,162,163,164,0,158
V16.mp4,164,163,164,165,0,158
V16.mp4,165,164,165,166,0,158
V16.mp4,166,165,166,167,0,158
V16.mp4,167,166,167,168,0,158
V16.mp4,168,167,168,169,0,158
V16.mp4,169,168,169,170,0,158
V16.mp4,170,169,170,171,0,158
V16.mp4,171,170,171,172,0,158
V16.mp4,172,171,172,173,0,158
V16.mp4,173,172,173,174,0,158
V16.mp4,174,173,174,175,0,158
V16.mp4,175,174,175,176,0,158
V16.mp4,176,175,176,177,0,158
V16.mp4,177,176,177,178,0,158
V16.mp4,178,177,178,179,0,158
V16.mp4,179,178,179,180,0,158
V16.mp4,180,179,180,181,0,158
V16.mp4,181,180,181,182,0,158
V16.mp4,182,181,182,183,0,158
V16.mp4,183,182,183,184,0,158
V16.mp4,184,183,184,185,0,158
V16.mp4,185,184,185,186,0,158
V16.mp4,186,185,186,187,0,158
V16.mp4,187,186,187,188,0,158
V16.mp4,188,187,188,189,0,158
V16.mp4,189,188,189,190,0,158
V16.mp4,190,189,190,191,0,158
V16.mp4,191,190,191,192,0,158
V16.mp4,192,191,192,193,0,158
V16.mp4,193,192,193,194,0,158
V16.mp4,194,193,194,195,0,158
V16.mp4,195,194,195,196,0,158
V16.mp4,196,195,196,197,0,158
V16.mp4,197,196,197,198,0,158
V16.mp4,198,197,198,199,0,158
V16.mp4,199,198,199,200,0,158
V16.mp4,200,199,200,201,0,158
V16.mp4,201,200,201,202,0,158
V16.mp4,202,201,202,203,0,158
V16.mp4,203,202,203,204,0,158
V16.mp4,204,203,204,205,0,158
V16.mp4,205,204,205,206,0,158
V16.mp4,206,205,206,207,0,158
V16.mp4,207,206,207,208,0,158
V16.mp4,208,207,208,209,0,158
V16.mp4,209,208,209,210,0,158
V16.mp4,210,209,210,211,0,158
V16.mp4,211,210,211,212,0,158
V16.mp4,212,211,212,213,0,158
V16.mp4,213,212,213,214,0,158
V16.mp4,214,213,214,215,0,158
V16.mp4,215,214,215,216,0,158
V16.mp4,216,215,216,217,0,158
V16.mp4,217,216,217,218,0,158
V16.mp4,218,217,218,219,0,158
V16.mp4,219,218,219,220,0,158
V16.mp4,220,219,220,221,0,158
V16.mp4,221,220,221,222,0,158
V16.mp4,222,221,222,223,0,158
V16.mp4,223,222,223,224,0,158
V16.mp4,224,223,224,225,0,158
V16.mp4,225,224,225,226,0,158
V16.mp4,226,225,226,227,0,158
V16.mp4,227,226,227,228,0,158
V16.mp4,228,227,228,229,0,158
V16.mp4,229,228,229,230,0,158
V16.mp4,230,229,230,231,0,158
V16.mp4,231,230,231,232,0,158
V16.mp4,232,231,232,233,0,158
V16.mp4,233,232,233,234,0,158
V16.mp4,234,233,234,235,0,158
V16.mp4,235,234,235,236,0,158
V16.mp4,236,235,236,237,0,158
V16.mp4,237,236,237,238,0,158
V16.mp4,238,237,238,239,0,158
V17.mp4,1,0,1,2,0,130
V17.mp4,2,1,2,3,0,130
V17.mp4,3,2,3,4,0,130
V17.mp4,4,3,4,5,0,130
V17.mp4,5,4,5,6,0,130
V17.mp4,6,5,6,7,0,130
V17.mp4,7,6,7,8,0,130
V17.mp4,8,7,8,9,0,130
V17.mp4,9,8,9,10,0,130
V17.mp4,10,9,10,11,0,130
V17.mp4,11,10,11,12,0,130
V17.mp4,12,11,12,13,0,130
V17.mp4,13,12,13,14,0,130
V17.mp4,14,13,14,15,0,130
V17.mp4,15,14,15,16,0,130
V17.mp4,16,15,16,17,0,130
V17.mp4,17,16,17,18,0,130
V17.mp4,18,17,18,19,0,130
V17.mp4,19,18,19,20,0,130
V17.mp4,20,19,20,21,0,130
V17.mp4,21,20,21,22,0,130
V17.mp4,22,21,22,23,0,130
V17.mp4,23,22,23,24,0,130
V17.mp4,24,23,24,25,0,130
V17.mp4,25,24,25,26,0,130
V17.mp4,26,25,26,27,0,130
V17.mp4,27,26,27,28,0,130
V17.mp4,28,27,28,29,0,130
V17.mp4,29,28,29,30,0,130
V17.mp4,30,29,30,31,0,130
V17.mp4,31,30,31,32,0,130
V17.mp4,32,31,32,33,0,130
V17.mp4,33,32,33,34,0,130
V17.mp4,34,33,34,35,0,130
V17.mp4,35,34,35,36,0,130
V17.mp4,36,35,36,37,0,130
V17.mp4,37,36,37,38,0,130
V17.mp4,38,37,38,39,0,130
V17.mp4,39,38,39,40,0,130
V17.mp4,40,39,40,41,0,130
V17.mp4,41,40,41,42,0,130
V17.mp4,42,41,42,43,0,130
V17.mp4,43,42,43,44,0,130
V17.mp4,44,43,44,45,0,130
V17.mp4,45,44,45,46,0,130
V17.mp4,46,45,46,47,0,130
V17.mp4,47,46,47,48,0,130
V17.mp4,48,47,48,49,0,130
V17.mp4,49,48,49,50,0,130
V17.mp4,50,49,50,51,0,130
V17.mp4,51,50,51,52,0,130
V17.mp4,52,51,52,53,0,130
V17.mp4,53,52,53,54,0,130
V17.mp4,54,53,54,55,0,130
V17.mp4,55,54,55,56,0,130
V17.mp4,56,55,56,57,0,130
V17.mp4,57,56,57,58,0,130
V17.mp4,58,57,58,59,0,130
V17.mp4,59,58,59,60,0,130
V17.mp4,60,59,60,61,0,130
V17.mp4,61,60,61,62,0,130
V17.mp4,62,61,62,63,0,130
V17.mp4,63,62,63,64,0,130
V17.mp4,64,63,64,65,0,130
V17.mp4,65,64,65,66,0,130
V17.mp4,66,65,66,67,0,130
V17.mp4,67,66,67,68,0,130
V17.mp4,68,67,68,69,0,130
V17.mp4,69,68,69,70,0,130
V17.mp4,70,69,70,71,0,130
V17.mp4,71,70,71,72,0,130
V17.mp4,72,71,72,73,0,130
V17.mp4,73,72,73,74,0,130
V17.mp4,74,73,74,75,0,130
V17.mp4,75,74,75,76,0,130
V17.mp4,76,75,76,77,0,130
V17.mp4,77,76,77,78,0,130
V17.mp4,78,77,78,79,0,130
V17.mp4,79,78,79,80,0,130
V17.mp4,80,79,80,81,0,130
V17.mp4,81,80,81,82,0,130
V17.mp4,82,81,82,83,0,130
V17.mp4,83,82,83,84,0,130
V17.mp4,84,83,84,85,0,130
V17.mp4,85,84,85,86,0,130
V17.mp4,86,85,86,87,0,130
V17.mp4,87,86,87,88,0,130
V17.mp4,88,87,88,89,0,130
V17.mp4,89,88,89,90,0,130
V17.mp4,90,89,90,91,0,130
V17.mp4,91,90,91,92,0,130
V17.mp4,92,91,92,93,0,130
V17.mp4,93,92,93,94,0,130
V17.mp4,94,93,94,95,0,130
V17.mp4,95,94,95,96,0,130
V17.mp4,96,95,96,97,0,130
V17.mp4,97,96,97,98,0,130
V17.mp4,98,97,98,99,0,130
V17.mp4,99,98,99,100,0,130
V17.mp4,100,99,100,101,0,130
V17.mp4,101,100,101,102,0,130
V17.mp4,102,101,102,103,0,130
V17.mp4,103,102,103,104,0,130
V17.mp4,104,103,104,105,0,130
V17.mp4,105,104,105,106,0,130
V17.mp4,106,105,106,107,0,130
V17.mp4,107,106,107,108,0,130
V17.mp4,108,107,108,109,0,130
V17.mp4,109,108,109,110,0,130
V17.mp4,110,109,110,111,0,130
V17.mp4,111,110,111,112,0,130
V17.mp4,112,111,112,113,0,130
V17.mp4,113,112,113,114,0,130
V17.mp4,114,113,114,115,0,130
V17.mp4,115,114,115,116,0,130
V17.mp4,116,115,116,117,0,130
V17.mp4,117,116,117,118,0,130
V17.mp4,118,117,118,119,0,130
V17.mp4,119,118,119,120,0,130
V17.mp4,120,119,120,121,0,130
V17.mp4,121,120,121,122,0,130
V17.mp4,122,121,122,123,0,130
V17.mp4,123,122,123,124,0,130
V17.mp4,124,123,124,125,0,130
V17.mp4,125,124,125,126,0,130
V17.mp4,126,125,126,127,0,130
V17.mp4,127,126,127,128,0,130
V17.mp4,128,127,128,129,1,130
V17.mp4,129,128,129,130,1,130
V17.mp4,130,129,130,131,1,130
V17.mp4,131,130,131,132,1,130
V17.mp4,132,131,132,133,1,130
V17.mp4,133,132,133,134,0,130
V17.mp4,134,133,134,135,0,130
V17.mp4,135,134,135,136,0,130
V17.mp4,136,135,136,137,0,130
V17.mp4,137,136,137,138,0,130
V17.mp4,138,137,138,139,0,130
V17.mp4,139,138,139,140,0,130
V17.mp4,140,139,140,141,0,130
V17.mp4,141,140,141,142,0,130
V17.mp4,142,141,142,143,0,130
V17.mp4,143,142,143,144,0,130
V17.mp4,144,143,144,145,0,130
V17.mp4,145,144,145,146,0,130
V17.mp4,146,145,146,147,0,130
V17.mp4,147,146,147,148,0,130
V17.mp4,148,147,148,149,0,130
V17.mp4,149,148,149,150,0,130
V17.mp4,150,149,150,151,0,130
V17.mp4,151,150,151,152,0,130
V17.mp4,152,151,152,153,0,130
V17.mp4,153,152,153,154,0,130
V17.mp4,154,153,154,155,0,130
V17.mp4,155,154,155,156,0,130
V17.mp4,156,155,156,157,0,130
V17.mp4,157,156,157,158,0,130
V17.mp4,158,157,158,159,0,130
V17.mp4,159,158,159,160,0,130
V17.mp4,160,159,160,161,0,130
V17.mp4,161,160,161,162,0,130
V17.mp4,162,161,162,163,0,130
V17.mp4,163,162,163,164,0,130
V17.mp4,164,163,164,165,0,130
V17.mp4,165,164,165,166,0,130
V17.mp4,166,165,166,167,0,130
V17.mp4,167,166,167,168,0,130
V17.mp4,168,167,168,169,0,130
V17.mp4,169,168,169,170,0,130
V17.mp4,170,169,170,171,0,130
V17.mp4,171,170,171,172,0,130
V17.mp4,172,171,172,173,0,130
V17.mp4,173,172,173,174,0,130
V17.mp4,174,173,174,175,0,130
V17.mp4,175,174,175,176,0,130
V17.mp4,176,175,176,177,0,130
V17.mp4,177,176,177,178,0,130
V17.mp4,178,177,178,179,0,130
V17.mp4,179,178,179,180,0,130
V17.mp4,180,179,180,181,0,130
V17.mp4,181,180,181,182,0,130
V17.mp4,182,181,182,183,0,130
V17.mp4,183,182,183,184,0,130
V17.mp4,184,183,184,185,0,130
V17.mp4,185,184,185,186,0,130
V17.mp4,186,185,186,187,0,130
V17.mp4,187,186,187,188,0,130
V17.mp4,188,187,188,189,0,130
V17.mp4,189,188,189,190,0,130
V17.mp4,190,189,190,191,0,130
V17.mp4,191,190,191,192,0,130
V17.mp4,192,191,192,193,0,130
V17.mp4,193,192,193,194,0,130
V17.mp4,194,193,194,195,0,130
V17.mp4,195,194,195,196,0,130
V17.mp4,196,195,196,197,0,130
V17.mp4,197,196,197,198,0,130
V17.mp4,198,197,198,199,0,130
V17.mp4,199,198,199,200,0,130
V17.mp4,200,199,200,201,0,130
V17.mp4,201,200,201,202,0,130
V17.mp4,202,201,202,203,0,130
V17.mp4,203,202,203,204,0,130
V17.mp4,204,203,204,205,0,130
V17.mp4,205,204,205,206,0,130
V17.mp4,206,205,206,207,0,130
V17.mp4,207,206,207,208,0,130
V17.mp4,208,207,208,209,0,130
V17.mp4,209,208,209,210,0,130
V17.mp4,210,209,210,211,0,130
V17.mp4,211,210,211,212,0,130
V17.mp4,212,211,212,213,0,130
V17.mp4,213,212,213,214,0,130
V18.mp4,1,0,1,2,0,77
V18.mp4,2,1,2,3,0,77
V18.mp4,3,2,3,4,0,77
V18.mp4,4,3,4,5,0,77
V18.mp4,5,4,5,6,0,77
V18.mp4,6,5,6,7,0,77
V18.mp4,7,6,7,8,0,77
V18.mp4,8,7,8,9,0,77
V18.mp4,9,8,9,10,0,77
V18.mp4,10,9,10,11,0,77
V18.mp4,11,10,11,12,0,77
V18.mp4,12,11,12,13,0,77
V18.mp4,13,12,13,14,0,77
V18.mp4,14,13,14,15,0,77
V18.mp4,15,14,15,16,0,77
V18.mp4,16,15,16,17,0,77
V18.mp4,17,16,17,18,0,77
V18.mp4,18,17,18,19,0,77
V18.mp4,19,18,19,20,0,77
V18.mp4,20,19,20,21,0,77
V18.mp4,21,20,21,22,0,77
V18.mp4,22,21,22,23,0,77
V18.mp4,23,22,23,24,0,77
V18.mp4,24,23,24,25,0,77
V18.mp4,25,24,25,26,0,77
V18.mp4,26,25,26,27,0,77
V18.mp4,27,26,27,28,0,77
V18.mp4,28,27,28,29,0,77
V18.mp4,29,28,29,30,0,77
V18.mp4,30,29,30,31,0,77
V18.mp4,31,30,31,32,0,77
V18.mp4,32,31,32,33,0,77
V18.mp4,33,32,33,34,0,77
V18.mp4,34,33,34,35,0,77
V18.mp4,35,34,35,36,0,77
V18.mp4,36,35,36,37,0,77
V18.mp4,37,36,37,38,0,77
V18.mp4,38,37,38,39,0,77
V18.mp4,39,38,39,40,0,77
V18.mp4,40,39,40,41,0,77
V18.mp4,41,40,41,42,0,77
V18.mp4,42,41,42,43,0,77
V18.mp4,43,42,43,44,0,77
V18.mp4,44,43,44,45,0,77
V18.mp4,45,44,45,46,0,77
V18.mp4,46,45,46,47,0,77
V18.mp4,47,46,47,48,0,77
V18.mp4,48,47,48,49,0,77
V18.mp4,49,48,49,50,0,77
V18.mp4,50,49,50,51,0,77
V18.mp4,51,50,51,52,0,77
V18.mp4,52,51,52,53,0,77
V18.mp4,53,52,53,54,0,77
V18.mp4,54,53,54,55,0,77
V18.mp4,55,54,55,56,0,77
V18.mp4,56,55,56,57,0,77
V18.mp4,57,56,57,58,0,77
V18.mp4,58,57,58,59,0,77
V18.mp4,59,58,59,60,0,77
V18.mp4,60,59,60,61,0,77
V18.mp4,61,60,61,62,0,77
V18.mp4,62,61,62,63,0,77
V18.mp4,63,62,63,64,0,77
V18.mp4,64,63,64,65,0,77
V18.mp4,65,64,65,66,0,77
V18.mp4,66,65,66,67,0,77
V18.mp4,67,66,67,68,0,77
V18.mp4,68,67,68,69,0,77
V18.mp4,69,68,69,70,0,77
V18.mp4,70,69,70,71,0,77
V18.mp4,71,70,71,72,0,77
V18.mp4,72,71,72,73,0,77
V18.mp4,73,72,73,74,0,77
V18.mp4,74,73,74,75,0,77
V18.mp4,75,74,75,76,1,77
V18.mp4,76,75,76,77,1,77
V18.mp4,77,76,77,78,1,77
V18.mp4,78,77,78,79,1,77
V18.mp4,79,78,79,80,1,77
V18.mp4,80,79,80,81,0,77
V18.mp4,81,80,81,82,0,77
V18.mp4,82,81,82,83,0,77
V18.mp4,83,82,83,84,0,77
V18.mp4,84,83,84,85,0,77
V18.mp4,85,84,85,86,0,77
V18.mp4,86,85,86,87,0,77
V18.mp4,87,86,87,88,0,77
V18.mp4,88,87,88,89,0,77
V18.mp4,89,88,89,90,0,77
V18.mp4,90,89,90,91,0,77
V18.mp4,91,90,91,92,0,77
V18.mp4,92,91,92,93,0,77
V18.mp4,93,92,93,94,0,77
V18.mp4,94,93,94,95,0,77
V18.mp4,95,94,95,96,0,77
V18.mp4,96,95,96,97,0,77
V18.mp4,97,96,97,98,0,77
V18.mp4,98,97,98,99,0,77
V18.mp4,99,98,99,100,0,77
V18.mp4,100,99,100,101,0,77
V18.mp4,101,100,101,102,0,77
V18.mp4,102,101,102,103,0,77
V18.mp4,103,102,103,104,0,77
V18.mp4,104,103,104,105,0,77
V18.mp4,105,104,105,106,0,77
V18.mp4,106,105,106,107,0,77
V18.mp4,107,106,107,108,0,77
V18.mp4,108,107,108,109,0,77
V18.mp4,109,108,109,110,0,77
V18.mp4,110,109,110,111,0,77
V18.mp4,111,110,111,112,0,77
V18.mp4,112,111,112,113,0,77
V18.mp4,113,112,113,114,0,77
V18.mp4,114,113,114,115,0,77
V18.mp4,115,114,115,116,0,77
V18.mp4,116,115,116,117,0,77
V18.mp4,117,116,117,118,0,77
V18.mp4,118,117,118,119,0,77
V18.mp4,119,118,119,120,0,77
V18.mp4,120,119,120,121,0,77
V18.mp4,121,120,121,122,0,77
V18.mp4,122,121,122,123,0,77
V18.mp4,123,122,123,124,0,77
V18.mp4,124,123,124,125,0,77
V18.mp4,125,124,125,126,0,77
V18.mp4,126,125,126,127,0,77
V18.mp4,127,126,127,128,0,77
V18.mp4,128,127,128,129,0,77
V18.mp4,129,128,129,130,0,77
V18.mp4,130,129,130,131,0,77
V18.mp4,131,130,131,132,0,77
V18.mp4,132,131,132,133,0,77
V18.mp4,133,132,133,134,0,77
V18.mp4,134,133,134,135,0,77
V18.mp4,135,134,135,136,0,77
V18.mp4,136,135,136,137,0,77
V18.mp4,137,136,137,138,0,77
V18.mp4,138,137,138,139,0,77
V18.mp4,139,138,139,140,0,77
V18.mp4,140,139,140,141,0,77
V18.mp4,141,140,141,142,0,77
V18.mp4,142,141,142,143,0,77
V18.mp4,143,142,143,144,0,77
V18.mp4,144,143,144,145,0,77
V18.mp4,145,144,145,146,0,77
V18.mp4,146,145,146,147,0,77
V18.mp4,147,146,147,148,0,77
V18.mp4,148,147,148,149,0,77
V18.mp4,149,148,149,150,0,77
V18.mp4,150,149,150,151,0,77
V18.mp4,151,150,151,152,0,77
V18.mp4,152,151,152,153,0,77
V18.mp4,153,152,153,154,0,77
V18.mp4,154,153,154,155,0,77
V18.mp4,155,154,155,156,0,77
V18.mp4,156,155,156,157,0,77
V18.mp4,157,156,157,158,0,77
V18.mp4,158,157,158,159,0,77
V18.mp4,159,158,159,160,0,77
V18.mp4,160,159,160,161,0,77
V18.mp4,161,160,161,162,0,77
V18.mp4,162,161,162,163,0,77
V18.mp4,163,162,163,164,0,77
V18.mp4,164,163,164,165,0,77
V18.mp4,165,164,165,166,0,77
V18.mp4,166,165,166,167,0,77
V18.mp4,167,166,167,168,0,77
V18.mp4,168,167,168,169,0,77
V18.mp4,169,168,169,170,0,77
V18.mp4,170,169,170,171,0,77
V18.mp4,171,170,171,172,0,77
V18.mp4,172,171,172,173,0,77
V18.mp4,173,172,173,174,0,77
V18.mp4,174,173,174,175,0,77
V18.mp4,175,174,175,176,0,77
V18.mp4,176,175,176,177,0,77
V18.mp4,177,176,177,178,0,77
V18.mp4,178,177,178,179,0,77
V18.mp4,179,178,179,180,0,77
V18.mp4,180,179,180,181,0,77
V18.mp4,181,180,181,182,0,77
V18.mp4,182,181,182,183,0,77
V18.mp4,183,182,183,184,0,77
V18.mp4,184,183,184,185,0,77
V18.mp4,185,184,185,186,0,77
V18.mp4,186,185,186,187,0,77
V18.mp4,187,186,187,188,0,77
V18.mp4,188,187,188,189,0,77
V18.mp4,189,188,189,190,0,77
V18.mp4,190,189,190,191,0,77
V18.mp4,191,190,191,192,0,77
V18.mp4,192,191,192,193,0,77
V18.mp4,193,192,193,194,0,77
V18.mp4,194,193,194,195,0,77
V18.mp4,195,194,195,196,0,77
V18.mp4,196,195,196,197,0,77
V19.mp4,1,0,1,2,0,85
V19.mp4,2,1,2,3,0,85
V19.mp4,3,2,3,4,0,85
V19.mp4,4,3,4,5,0,85
V19.mp4,5,4,5,6,0,85
V19.mp4,6,5,6,7,0,85
V19.mp4,7,6,7,8,0,85
V19.mp4,8,7,8,9,0,85
V19.mp4,9,8,9,10,0,85
V19.mp4,10,9,10,11,0,85
V19.mp4,11,10,11,12,0,85
V19.mp4,12,11,12,13,0,85
V19.mp4,13,12,13,14,0,85
V19.mp4,14,13,14,15,0,85
V19.mp4,15,14,15,16,0,85
V19.mp4,16,15,16,17,0,85
V19.mp4,17,16,17,18,0,85
V19.mp4,18,17,18,19,0,85
V19.mp4,19,18,19,20,0,85
V19.mp4,20,19,20,21,0,85
V19.mp4,21,20,21,22,0,85
V19.mp4,22,21,22,23,0,85
V19.mp4,23,22,23,24,0,85
V19.mp4,24,23,24,25,0,85
V19.mp4,25,24,25,26,0,85
V19.mp4,26,25,26,27,0,85
V19.mp4,27,26,27,28,0,85
V19.mp4,28,27,28,29,0,85
V19.mp4,29,28,29,30,0,85
V19.mp4,30,29,30,31,0,85
V19.mp4,31,30,31,32,0,85
V19.mp4,32,31,32,33,0,85
V19.mp4,33,32,33,34,0,85
V19.mp4,34,33,34,35,0,85
V19.mp4,35,34,35,36,0,85
V19.mp4,36,35,36,37,0,85
V19.mp4,37,36,37,38,0,85
V19.mp4,38,37,38,39,0,85
V19.mp4,39,38,39,40,0,85
V19.mp4,40,39,40,41,0,85
V19.mp4,41,40,41,42,0,85
V19.mp4,42,41,42,43,0,85
V19.mp4,43,42,43,44,0,85
V19.mp4,44,43,44,45,0,85
V19.mp4,45,44,45,46,0,85
V19.mp4,46,45,46,47,0,85
V19.mp4,47,46,47,48,0,85
V19.mp4,48,47,48,49,0,85
V19.mp4,49,48,49,50,0,85
V19.mp4,50,49,50,51,0,85
V19.mp4,51,50,51,52,0,85
V19.mp4,52,51,52,53,0,85
V19.mp4,53,52,53,54,0,85
V19.mp4,54,53,54,55,0,85
V19.mp4,55,54,55,56,0,85
V19.mp4,56,55,56,57,0,85
V19.mp4,57,56,57,58,0,85
V19.mp4,58,57,58,59,0,85
V19.mp4,59,58,59,60,0,85
V19.mp4,60,59,60,61,0,85
V19.mp4,61,60,61,62,0,85
V19.mp4,62,61,62,63,0,85
V19.mp4,63,62,63,64,0,85
V19.mp4,64,63,64,65,0,85
V19.mp4,65,64,65,66,0,85
V19.mp4,66,65,66,67,0,85
V19.mp4,67,66,67,68,0,85
V19.mp4,68,67,68,69,0,85
V19.mp4,69,68,69,70,0,85
V19.mp4,70,69,70,71,0,85
V19.mp4,71,70,71,72,0,85
V19.mp4,72,71,72,73,0,85
V19.mp4,73,72,73,74,0,85
V19.mp4,74,73,74,75,0,85
V19.mp4,75,74,75,76,0,85
V19.mp4,76,75,76,77,0,85
V19.mp4,77,76,77,78,0,85
V19.mp4,78,77,78,79,0,85
V19.mp4,79,78,79,80,0,85
V19.mp4,80,79,80,81,0,85
V19.mp4,81,80,81,82,0,85
V19.mp4,82,81,82,83,0,85
V19.mp4,83,82,83,84,1,85
V19.mp4,84,83,84,85,1,85
V19.mp4,85,84,85,86,1,85
V19.mp4,86,85,86,87,1,85
V19.mp4,87,86,87,88,1,85
V19.mp4,88,87,88,89,0,85
V19.mp4,89,88,89,90,0,85
V19.mp4,90,89,90,91,0,85
V19.mp4,91,90,91,92,0,85
V19.mp4,92,91,92,93,0,85
V19.mp4,93,92,93,94,0,85
V19.mp4,94,93,94,95,0,85
V19.mp4,95,94,95,96,0,85
V19.mp4,96,95,96,97,0,85
V19.mp4,97,96,97,98,0,85
V19.mp4,98,97,98,99,0,85
V19.mp4,99,98,99,100,0,85
V19.mp4,100,99,100,101,0,85
V19.mp4,101,100,101,102,0,85
V19.mp4,102,101,102,103,0,85
V19.mp4,103,102,103,104,0,85
V19.mp4,104,103,104,105,0,85
V19.mp4,105,104,105,106,0,85
V19.mp4,106,105,106,107,0,85
V19.mp4,107,106,107,108,0,85
V19.mp4,108,107,108,109,0,85
V19.mp4,109,108,109,110,0,85
V19.mp4,110,109,110,111,0,85
V19.mp4,111,110,111,112,0,85
V19.mp4,112,111,112,113,0,85
V19.mp4,113,112,113,114,0,85
V19.mp4,114,113,114,115,0,85
V19.mp4,115,114,115,116,0,85
V19.mp4,116,115,116,117,0,85
V19.mp4,117,116,117,118,0,85
V19.mp4,118,117,118,119,0,85
V19.mp4,119,118,119,120,0,85
V19.mp4,120,119,120,121,0,85
V19.mp4,121,120,121,122,0,85
V19.mp4,122,121,122,123,0,85
V19.mp4,123,122,123,124,0,85
V19.mp4,124,123,124,125,0,85
V19.mp4,125,124,125,126,0,85
V19.mp4,126,125,126,127,0,85
V19.mp4,127,126,127,128,0,85
V19.mp4,128,127,128,129,0,85
V19.mp4,129,128,129,130,0,85
V19.mp4,130,129,130,131,0,85
V19.mp4,131,130,131,132,0,85
V19.mp4,132,131,132,133,0,85
V19.mp4,133,132,133,134,0,85
V19.mp4,134,133,134,135,0,85
V19.mp4,135,134,135,136,0,85
V19.mp4,136,135,136,137,0,85
V19.mp4,137,136,137,138,0,85
V19.mp4,138,137,138,139,0,85
V19.mp4,139,138,139,140,0,85
V19.mp4,140,139,140,141,0,85
V19.mp4,141,140,141,142,0,85
V19.mp4,142,141,142,143,0,85
V19.mp4,143,142,143,144,0,85
V19.mp4,144,143,144,145,0,85
V19.mp4,145,144,145,146,0,85
V19.mp4,146,145,146,147,0,85
V19.mp4,147,146,147,148,0,85
V19.mp4,148,147,148,149,0,85
V19.mp4,149,148,149,150,0,85
V19.mp4,150,149,150,151,0,85
V19.mp4,151,150,151,152,0,85
V19.mp4,152,151,152,153,0,85
V19.mp4,153,152,153,154,0,85
V19.mp4,154,153,154,155,0,85
V19.mp4,155,154,155,156,0,85
V19.mp4,156,155,156,157,0,85
V19.mp4,157,156,157,158,0,85
V19.mp4,158,157,158,159,0,85
V19.mp4,159,158,159,160,0,85
V19.mp4,160,159,160,161,0,85
V19.mp4,161,160,161,162,0,85
V19.mp4,162,161,162,163,0,85
V19.mp4,163,162,163,164,0,85
V19.mp4,164,163,164,165,0,85
V19.mp4,165,164,165,166,0,85
V19.mp4,166,165,166,167,0,85
V19.mp4,167,166,167,168,0,85
V19.mp4,168,167,168,169,0,85
V19.mp4,169,168,169,170,0,85
V19.mp4,170,169,170,171,0,85
V19.mp4,171,170,171,172,0,85
V19.mp4,172,171,172,173,0,85
V19.mp4,173,172,173,174,0,85
V19.mp4,174,173,174,175,0,85
V19.mp4,175,174,175,176,0,85
V19.mp4,176,175,176,177,0,85
V19.mp4,177,176,177,178,0,85
V19.mp4,178,177,178,179,0,85
V19.mp4,179,178,179,180,0,85
V19.mp4,180,179,180,181,0,85
V19.mp4,181,180,181,182,0,85
V19.mp4,182,181,182,183,0,85
V19.mp4,183,182,183,184,0,85
V19.mp4,184,183,184,185,0,85
V19.mp4,185,184,185,186,0,85
V19.mp4,186,185,186,187,0,85
V19.mp4,187,186,187,188,0,85
V19.mp4,188,187,188,189,0,85
V19.mp4,189,188,189,190,0,85
V19.mp4,190,189,190,191,0,85
V19.mp4,191,190,191,192,0,85
V19.mp4,192,191,192,193,0,85
V19.mp4,193,192,193,194,0,85
V19.mp4,194,193,194,195,0,85
V19.mp4,195,194,195,196,0,85
V19.mp4,196,195,196,197,0,85
V19.mp4,197,196,197,198,0,85
V19.mp4,198,197,198,199,0,85
V19.mp4,199,198,199,200,0,85
V19.mp4,200,199,200,201,0,85
V19.mp4,201,200,201,202,0,85
V19.mp4,202,201,202,203,0,85
V19.mp4,203,202,203,204,0,85
V19.mp4,204,203,204,205,0,85
V19.mp4,205,204,205,206,0,85
V19.mp4,206,205,206,207,0,85
V19.mp4,207,206,207,208,0,85
V19.mp4,208,207,208,209,0,85
V19.mp4,209,208,209,210,0,85
V19.mp4,210,209,210,211,0,85
V19.mp4,211,210,211,212,0,85
V19.mp4,212,211,212,213,0,85
V19.mp4,213,212,213,214,0,85
V19.mp4,214,213,214,215,0,85
V19.mp4,215,214,215,216,0,85
V19.mp4,216,215,216,217,0,85
V19.mp4,217,216,217,218,0,85
V19.mp4,218,217,218,219,0,85
V19.mp4,219,218,219,220,0,85
V19.mp4,220,219,220,221,0,85
V19.mp4,221,220,221,222,0,85
V19.mp4,222,221,222,223,0,85
V19.mp4,223,222,223,224,0,85
V19.mp4,224,223,224,225,0,85
V19.mp4,225,224,225,226,0,85
V19.mp4,226,225,226,227,0,85
V19.mp4,227,226,227,228,0,85
V19.mp4,228,227,228,229,0,85
V19.mp4,229,228,229,230,0,85
V19.mp4,230,229,230,231,0,85
V19.mp4,231,230,231,232,0,85
V19.mp4,232,231,232,233,0,85
V19.mp4,233,232,233,234,0,85
V19.mp4,234,233,234,235,0,85
V19.mp4,235,234,235,236,0,85
V19.mp4,236,235,236,237,0,85
V19.mp4,237,236,237,238,0,85
V19.mp4,238,237,238,239,0,85
V19.mp4,239,238,239,240,0,85
V19.mp4,240,239,240,241,0,85
V19.mp4,241,240,241,242,0,85
V19.mp4,242,241,242,243,0,85
V19.mp4,243,242,243,244,0,85
V19.mp4,244,243,244,245,0,85
V19.mp4,245,244,245,246,0,85
V19.mp4,246,245,246,247,0,85
V19.mp4,247,246,247,248,0,85
V19.mp4,248,247,248,249,0,85
V2.mp4,1,0,1,2,0,83
V2.mp4,2,1,2,3,0,83
V2.mp4,3,2,3,4,0,83
V2.mp4,4,3,4,5,0,83
V2.mp4,5,4,5,6,0,83
V2.mp4,6,5,6,7,0,83
V2.mp4,7,6,7,8,0,83
V2.mp4,8,7,8,9,0,83
V2.mp4,9,8,9,10,0,83
V2.mp4,10,9,10,11,0,83
V2.mp4,11,10,11,12,0,83
V2.mp4,12,11,12,13,0,83
V2.mp4,13,12,13,14,0,83
V2.mp4,14,13,14,15,0,83
V2.mp4,15,14,15,16,0,83
V2.mp4,16,15,16,17,0,83
V2.mp4,17,16,17,18,0,83
V2.mp4,18,17,18,19,0,83
V2.mp4,19,18,19,20,0,83
V2.mp4,20,19,20,21,0,83
V2.mp4,21,20,21,22,0,83
V2.mp4,22,21,22,23,0,83
V2.mp4,23,22,23,24,0,83
V2.mp4,24,23,24,25,0,83
V2.mp4,25,24,25,26,0,83
V2.mp4,26,25,26,27,0,83
V2.mp4,27,26,27,28,0,83
V2.mp4,28,27,28,29,0,83
V2.mp4,29,28,29,30,0,83
V2.mp4,30,29,30,31,0,83
V2.mp4,31,30,31,32,0,83
V2.mp4,32,31,32,33,0,83
V2.mp4,33,32,33,34,0,83
V2.mp4,34,33,34,35,0,83
V2.mp4,35,34,35,36,0,83
V2.mp4,36,35,36,37,0,83
V2.mp4,37,36,37,38,0,83
V2.mp4,38,37,38,39,0,83
V2.mp4,39,38,39,40,0,83
V2.mp4,40,39,40,41,0,83
V2.mp4,41,40,41,42,0,83
V2.mp4,42,41,42,43,0,83
V2.mp4,43,42,43,44,0,83
V2.mp4,44,43,44,45,0,83
V2.mp4,45,44,45,46,0,83
V2.mp4,46,45,46,47,0,83
V2.mp4,47,46,47,48,0,83
V2.mp4,48,47,48,49,0,83
V2.mp4,49,48,49,50,0,83
V2.mp4,50,49,50,51,0,83
V2.mp4,51,50,51,52,0,83
V2.mp4,52,51,52,53,0,83
V2.mp4,53,52,53,54,0,83
V2.mp4,54,53,54,55,0,83
V2.mp4,55,54,55,56,0,83
V2.mp4,56,55,56,57,0,83
V2.mp4,57,56,57,58,0,83
V2.mp4,58,57,58,59,0,83
V2.mp4,59,58,59,60,0,83
V2.mp4,60,59,60,61,0,83
V2.mp4,61,60,61,62,0,83
V2.mp4,62,61,62,63,0,83
V2.mp4,63,62,63,64,0,83
V2.mp4,64,63,64,65,0,83
V2.mp4,65,64,65,66,0,83
V2.mp4,66,65,66,67,0,83
V2.mp4,67,66,67,68,0,83
V2.mp4,68,67,68,69,0,83
V2.mp4,69,68,69,70,0,83
V2.mp4,70,69,70,71,0,83
V2.mp4,71,70,71,72,0,83
V2.mp4,72,71,72,73,0,83
V2.mp4,73,72,73,74,0,83
V2.mp4,74,73,74,75,0,83
V2.mp4,75,74,75,76,0,83
V2.mp4,76,75,76,77,0,83
V2.mp4,77,76,77,78,0,83
V2.mp4,78,77,78,79,0,83
V2.mp4,79,78,79,80,0,83
V2.mp4,80,79,80,81,0,83
V2.mp4,81,80,81,82,1,83
V2.mp4,82,81,82,83,1,83
V2.mp4,83,82,83,84,1,83
V2.mp4,84,83,84,85,1,83
V2.mp4,85,84,85,86,1,83
V2.mp4,86,85,86,87,0,83
V2.mp4,87,86,87,88,0,83
V2.mp4,88,87,88,89,0,83
V2.mp4,89,88,89,90,0,83
V2.mp4,90,89,90,91,0,83
V2.mp4,91,90,91,92,0,83
V2.mp4,92,91,92,93,0,83
V2.mp4,93,92,93,94,0,83
V2.mp4,94,93,94,95,0,83
V2.mp4,95,94,95,96,0,83
V2.mp4,96,95,96,97,0,83
V2.mp4,97,96,97,98,0,83
V2.mp4,98,97,98,99,0,83
V2.mp4,99,98,99,100,0,83
V2.mp4,100,99,100,101,0,83
V2.mp4,101,100,101,102,0,83
V2.mp4,102,101,102,103,0,83
V2.mp4,103,102,103,104,0,83
V2.mp4,104,103,104,105,0,83
V2.mp4,105,104,105,106,0,83
V2.mp4,106,105,106,107,0,83
V2.mp4,107,106,107,108,0,83
V2.mp4,108,107,108,109,0,83
V2.mp4,109,108,109,110,0,83
V2.mp4,110,109,110,111,0,83
V2.mp4,111,110,111,112,0,83
V2.mp4,112,111,112,113,0,83
V2.mp4,113,112,113,114,0,83
V2.mp4,114,113,114,115,0,83
V2.mp4,115,114,115,116,0,83
V2.mp4,116,115,116,117,0,83
V2.mp4,117,116,117,118,0,83
V2.mp4,118,117,118,119,0,83
V2.mp4,119,118,119,120,0,83
V2.mp4,120,119,120,121,0,83
V2.mp4,121,120,121,122,0,83
V2.mp4,122,121,122,123,0,83
V2.mp4,123,122,123,124,0,83
V2.mp4,124,123,124,125,0,83
V2.mp4,125,124,125,126,0,83
V2.mp4,126,125,126,127,0,83
V2.mp4,127,126,127,128,0,83
V2.mp4,128,127,128,129,0,83
V2.mp4,129,128,129,130,0,83
V2.mp4,130,129,130,131,0,83
V2.mp4,131,130,131,132,0,83
V2.mp4,132,131,132,133,0,83
V2.mp4,133,132,133,134,0,83
V2.mp4,134,133,134,135,0,83
V2.mp4,135,134,135,136,0,83
V2.mp4,136,135,136,137,0,83
V2.mp4,137,136,137,138,0,83
V2.mp4,138,137,138,139,0,83
V2.mp4,139,138,139,140,0,83
V2.mp4,140,139,140,141,0,83
V2.mp4,141,140,141,142,0,83
V2.mp4,142,141,142,143,0,83
V2.mp4,143,142,143,144,0,83
V2.mp4,144,143,144,145,0,83
V2.mp4,145,144,145,146,0,83
V2.mp4,146,145,146,147,0,83
V2.mp4,147,146,147,148,0,83
V2.mp4,148,147,148,149,0,83
V2.mp4,149,148,149,150,0,83
V2.mp4,150,149,150,151,0,83
V2.mp4,151,150,151,152,0,83
V2.mp4,152,151,152,153,0,83
V2.mp4,153,152,153,154,0,83
V2.mp4,154,153,154,155,0,83
V2.mp4,155,154,155,156,0,83
V2.mp4,156,155,156,157,0,83
V2.mp4,157,156,157,158,0,83
V2.mp4,158,157,158,159,0,83
V2.mp4,159,158,159,160,0,83
V2.mp4,160,159,160,161,0,83
V2.mp4,161,160,161,162,0,83
V2.mp4,162,161,162,163,0,83
V2.mp4,163,162,163,164,0,83
V2.mp4,164,163,164,165,0,83
V2.mp4,165,164,165,166,0,83
V2.mp4,166,165,166,167,0,83
V2.mp4,167,166,167,168,0,83
V2.mp4,168,167,168,169,0,83
V2.mp4,169,168,169,170,0,83
V2.mp4,170,169,170,171,0,83
V2.mp4,171,170,171,172,0,83
V2.mp4,172,171,172,173,0,83
V2.mp4,173,172,173,174,0,83
V2.mp4,174,173,174,175,0,83
V2.mp4,175,174,175,176,0,83
V2.mp4,176,175,176,177,0,83
V2.mp4,177,176,177,178,0,83
V2.mp4,178,177,178,179,0,83
V2.mp4,179,178,179,180,0,83
V2.mp4,180,179,180,181,0,83
V2.mp4,181,180,181,182,0,83
V2.mp4,182,181,182,183,0,83
V2.mp4,183,182,183,184,0,83
V2.mp4,184,183,184,185,0,83
V2.mp4,185,184,185,186,0,83
V2.mp4,186,185,186,187,0,83
V2.mp4,187,186,187,188,0,83
V2.mp4,188,187,188,189,0,83
V2.mp4,189,188,189,190,0,83
V2.mp4,190,189,190,191,0,83
V2.mp4,191,190,191,192,0,83
V2.mp4,192,191,192,193,0,83
V2.mp4,193,192,193,194,0,83
V2.mp4,194,193,194,195,0,83
V2.mp4,195,194,195,196,0,83
V2.mp4,196,195,196,197,0,83
V2.mp4,197,196,197,198,0,83
V2.mp4,198,197,198,199,0,83
V2.mp4,199,198,199,200,0,83
V2.mp4,200,199,200,201,0,83
V2.mp4,201,200,201,202,0,83
V2.mp4,202,201,202,203,0,83
V2.mp4,203,202,203,204,0,83
V2.mp4,204,203,204,205,0,83
V2.mp4,205,204,205,206,0,83
V2.mp4,206,205,206,207,0,83
V2.mp4,207,206,207,208,0,83
V2.mp4,208,207,208,209,0,83
V2.mp4,209,208,209,210,0,83
V2.mp4,210,209,210,211,0,83
V2.mp4,211,210,211,212,0,83
V2.mp4,212,211,212,213,0,83
V2.mp4,213,212,213,214,0,83
V2.mp4,214,213,214,215,0,83
V2.mp4,215,214,215,216,0,83
V2.mp4,216,215,216,217,0,83
V2.mp4,217,216,217,218,0,83
V2.mp4,218,217,218,219,0,83
V2.mp4,219,218,219,220,0,83
V2.mp4,220,219,220,221,0,83
V2.mp4,221,220,221,222,0,83
V2.mp4,222,221,222,223,0,83
V2.mp4,223,222,223,224,0,83
V2.mp4,224,223,224,225,0,83
V2.mp4,225,224,225,226,0,83
V2.mp4,226,225,226,227,0,83
V2.mp4,227,226,227,228,0,83
V2.mp4,228,227,228,229,0,83
V2.mp4,229,228,229,230,0,83
V2.mp4,230,229,230,231,0,83
V2.mp4,231,230,231,232,0,83
V2.mp4,232,231,232,233,0,83
V2.mp4,233,232,233,234,0,83
V2.mp4,234,233,234,235,0,83
V2.mp4,235,234,235,236,0,83
V2.mp4,236,235,236,237,0,83
V2.mp4,237,236,237,238,0,83
V2.mp4,238,237,238,239,0,83
V2.mp4,239,238,239,240,0,83
V2.mp4,240,239,240,241,0,83
V2.mp4,241,240,241,242,0,83
V2.mp4,242,241,242,243,0,83
V2.mp4,243,242,243,244,0,83
V2.mp4,244,243,244,245,0,83
V2.mp4,245,244,245,246,0,83
V2.mp4,246,245,246,247,0,83
V2.mp4,247,246,247,248,0,83
V2.mp4,248,247,248,249,0,83
V2.mp4,249,248,249,250,0,83
V20.mp4,1,0,1,2,0,124
V20.mp4,2,1,2,3,0,124
V20.mp4,3,2,3,4,0,124
V20.mp4,4,3,4,5,0,124
V20.mp4,5,4,5,6,0,124
V20.mp4,6,5,6,7,0,124
V20.mp4,7,6,7,8,0,124
V20.mp4,8,7,8,9,0,124
V20.mp4,9,8,9,10,0,124
V20.mp4,10,9,10,11,0,124
V20.mp4,11,10,11,12,0,124
V20.mp4,12,11,12,13,0,124
V20.mp4,13,12,13,14,0,124
V20.mp4,14,13,14,15,0,124
V20.mp4,15,14,15,16,0,124
V20.mp4,16,15,16,17,0,124
V20.mp4,17,16,17,18,0,124
V20.mp4,18,17,18,19,0,124
V20.mp4,19,18,19,20,0,124
V20.mp4,20,19,20,21,0,124
V20.mp4,21,20,21,22,0,124
V20.mp4,22,21,22,23,0,124
V20.mp4,23,22,23,24,0,124
V20.mp4,24,23,24,25,0,124
V20.mp4,25,24,25,26,0,124
V20.mp4,26,25,26,27,0,124
V20.mp4,27,26,27,28,0,124
V20.mp4,28,27,28,29,0,124
V20.mp4,29,28,29,30,0,124
V20.mp4,30,29,30,31,0,124
V20.mp4,31,30,31,32,0,124
V20.mp4,32,31,32,33,0,124
V20.mp4,33,32,33,34,0,124
V20.mp4,34,33,34,35,0,124
V20.mp4,35,34,35,36,0,124
V20.mp4,36,35,36,37,0,124
V20.mp4,37,36,37,38,0,124
V20.mp4,38,37,38,39,0,124
V20.mp4,39,38,39,40,0,124
V20.mp4,40,39,40,41,0,124
V20.mp4,41,40,41,42,0,124
V20.mp4,42,41,42,43,0,124
V20.mp4,43,42,43,44,0,124
V20.mp4,44,43,44,45,0,124
V20.mp4,45,44,45,46,0,124
V20.mp4,46,45,46,47,0,124
V20.mp4,47,46,47,48,0,124
V20.mp4,48,47,48,49,0,124
V20.mp4,49,48,49,50,0,124
V20.mp4,50,49,50,51,0,124
V20.mp4,51,50,51,52,0,124
V20.mp4,52,51,52,53,0,124
V20.mp4,53,52,53,54,0,124
V20.mp4,54,53,54,55,0,124
V20.mp4,55,54,55,56,0,124
V20.mp4,56,55,56,57,0,124
V20.mp4,57,56,57,58,0,124
V20.mp4,58,57,58,59,0,124
V20.mp4,59,58,59,60,0,124
V20.mp4,60,59,60,61,0,124
V20.mp4,61,60,61,62,0,124
V20.mp4,62,61,62,63,0,124
V20.mp4,63,62,63,64,0,124
V20.mp4,64,63,64,65,0,124
V20.mp4,65,64,65,66,0,124
V20.mp4,66,65,66,67,0,124
V20.mp4,67,66,67,68,0,124
V20.mp4,68,67,68,69,0,124
V20.mp4,69,68,69,70,0,124
V20.mp4,70,69,70,71,0,124
V20.mp4,71,70,71,72,0,124
V20.mp4,72,71,72,73,0,124
V20.mp4,73,72,73,74,0,124
V20.mp4,74,73,74,75,0,124
V20.mp4,75,74,75,76,0,124
V20.mp4,76,75,76,77,0,124
V20.mp4,77,76,77,78,0,124
V20.mp4,78,77,78,79,0,124
V20.mp4,79,78,79,80,0,124
V20.mp4,80,79,80,81,0,124
V20.mp4,81,80,81,82,0,124
V20.mp4,82,81,82,83,0,124
V20.mp4,83,82,83,84,0,124
V20.mp4,84,83,84,85,0,124
V20.mp4,85,84,85,86,0,124
V20.mp4,86,85,86,87,0,124
V20.mp4,87,86,87,88,0,124
V20.mp4,88,87,88,89,0,124
V20.mp4,89,88,89,90,0,124
V20.mp4,90,89,90,91,0,124
V20.mp4,91,90,91,92,0,124
V20.mp4,92,91,92,93,0,124
V20.mp4,93,92,93,94,0,124
V20.mp4,94,93,94,95,0,124
V20.mp4,95,94,95,96,0,124
V20.mp4,96,95,96,97,0,124
V20.mp4,97,96,97,98,0,124
V20.mp4,98,97,98,99,0,124
V20.mp4,99,98,99,100,0,124
V20.mp4,100,99,100,101,0,124
V20.mp4,101,100,101,102,0,124
V20.mp4,102,101,102,103,0,124
V20.mp4,103,102,103,104,0,124
V20.mp4,104,103,104,105,0,124
V20.mp4,105,104,105,106,0,124
V20.mp4,106,105,106,107,0,124
V20.mp4,107,106,107,108,0,124
V20.mp4,108,107,108,109,0,124
V20.mp4,109,108,109,110,0,124
V20.mp4,110,109,110,111,0,124
V20.mp4,111,110,111,112,0,124
V20.mp4,112,111,112,113,0,124
V20.mp4,113,112,113,114,0,124
V20.mp4,114,113,114,115,0,124
V20.mp4,115,114,115,116,0,124
V20.mp4,116,115,116,117,0,124
V20.mp4,117,116,117,118,0,124
V20.mp4,118,117,118,119,0,124
V20.mp4,119,118,119,120,0,124
V20.mp4,120,119,120,121,0,124
V20.mp4,121,120,121,122,0,124
V20.mp4,122,121,122,123,1,124
V20.mp4,123,122,123,124,1,124
V20.mp4,124,123,124,125,1,124
V20.mp4,125,124,125,126,1,124
V20.mp4,126,125,126,127,1,124
V20.mp4,127,126,127,128,0,124
V20.mp4,128,127,128,129,0,124
V20.mp4,129,128,129,130,0,124
V20.mp4,130,129,130,131,0,124
V20.mp4,131,130,131,132,0,124
V20.mp4,132,131,132,133,0,124
V20.mp4,133,132,133,134,0,124
V20.mp4,134,133,134,135,0,124
V20.mp4,135,134,135,136,0,124
V20.mp4,136,135,136,137,0,124
V20.mp4,137,136,137,138,0,124
V20.mp4,138,137,138,139,0,124
V20.mp4,139,138,139,140,0,124
V20.mp4,140,139,140,141,0,124
V20.mp4,141,140,141,142,0,124
V20.mp4,142,141,142,143,0,124
V20.mp4,143,142,143,144,0,124
V20.mp4,144,143,144,145,0,124
V20.mp4,145,144,145,146,0,124
V20.mp4,146,145,146,147,0,124
V20.mp4,147,146,147,148,0,124
V20.mp4,148,147,148,149,0,124
V20.mp4,149,148,149,150,0,124
V20.mp4,150,149,150,151,0,124
V20.mp4,151,150,151,152,0,124
V20.mp4,152,151,152,153,0,124
V20.mp4,153,152,153,154,0,124
V20.mp4,154,153,154,155,0,124
V20.mp4,155,154,155,156,0,124
V20.mp4,156,155,156,157,0,124
V20.mp4,157,156,157,158,0,124
V20.mp4,158,157,158,159,0,124
V20.mp4,159,158,159,160,0,124
V20.mp4,160,159,160,161,0,124
V20.mp4,161,160,161,162,0,124
V20.mp4,162,161,162,163,0,124
V20.mp4,163,162,163,164,0,124
V20.mp4,164,163,164,165,0,124
V20.mp4,165,164,165,166,0,124
V20.mp4,166,165,166,167,0,124
V20.mp4,167,166,167,168,0,124
V20.mp4,168,167,168,169,0,124
V20.mp4,169,168,169,170,0,124
V20.mp4,170,169,170,171,0,124
V20.mp4,171,170,171,172,0,124
V20.mp4,172,171,172,173,0,124
V20.mp4,173,172,173,174,0,124
V20.mp4,174,173,174,175,0,124
V20.mp4,175,174,175,176,0,124
V20.mp4,176,175,176,177,0,124
V20.mp4,177,176,177,178,0,124
V20.mp4,178,177,178,179,0,124
V20.mp4,179,178,179,180,0,124
V20.mp4,180,179,180,181,0,124
V20.mp4,181,180,181,182,0,124
V20.mp4,182,181,182,183,0,124
V20.mp4,183,182,183,184,0,124
V20.mp4,184,183,184,185,0,124
V20.mp4,185,184,185,186,0,124
V20.mp4,186,185,186,187,0,124
V20.mp4,187,186,187,188,0,124
V20.mp4,188,187,188,189,0,124
V20.mp4,189,188,189,190,0,124
V20.mp4,190,189,190,191,0,124
V20.mp4,191,190,191,192,0,124
V20.mp4,192,191,192,193,0,124
V20.mp4,193,192,193,194,0,124
V20.mp4,194,193,194,195,0,124
V20.mp4,195,194,195,196,0,124
V20.mp4,196,195,196,197,0,124
V20.mp4,197,196,197,198,0,124
V20.mp4,198,197,198,199,0,124
V20.mp4,199,198,199,200,0,124
V20.mp4,200,199,200,201,0,124
V20.mp4,201,200,201,202,0,124
V20.mp4,202,201,202,203,0,124
V20.mp4,203,202,203,204,0,124
V20.mp4,204,203,204,205,0,124
V20.mp4,205,204,205,206,0,124
V20.mp4,206,205,206,207,0,124
V20.mp4,207,206,207,208,0,124
V20.mp4,208,207,208,209,0,124
V20.mp4,209,208,209,210,0,124
V20.mp4,210,209,210,211,0,124
V20.mp4,211,210,211,212,0,124
V20.mp4,212,211,212,213,0,124
V20.mp4,213,212,213,214,0,124
V20.mp4,214,213,214,215,0,124
V20.mp4,215,214,215,216,0,124
V20.mp4,216,215,216,217,0,124
V20.mp4,217,216,217,218,0,124
V20.mp4,218,217,218,219,0,124
V20.mp4,219,218,219,220,0,124
V20.mp4,220,219,220,221,0,124
V20.mp4,221,220,221,222,0,124
V20.mp4,222,221,222,223,0,124
V20.mp4,223,222,223,224,0,124
V20.mp4,224,223,224,225,0,124
V20.mp4,225,224,225,226,0,124
V20.mp4,226,225,226,227,0,124
V20.mp4,227,226,227,228,0,124
V20.mp4,228,227,228,229,0,124
V20.mp4,229,228,229,230,0,124
V20.mp4,230,229,230,231,0,124
V20.mp4,231,230,231,232,0,124
V20.mp4,232,231,232,233,0,124
V20.mp4,233,232,233,234,0,124
V20.mp4,234,233,234,235,0,124
V20.mp4,235,234,235,236,0,124
V20.mp4,236,235,236,237,0,124
V20.mp4,237,236,237,238,0,124
V20.mp4,238,237,238,239,0,124
V20.mp4,239,238,239,240,0,124
V20.mp4,240,239,240,241,0,124
V20.mp4,241,240,241,242,0,124
V20.mp4,242,241,242,243,0,124
V20.mp4,243,242,243,244,0,124
V20.mp4,244,243,244,245,0,124
V20.mp4,245,244,245,246,0,124
V20.mp4,246,245,246,247,0,124
V20.mp4,247,246,247,248,0,124
V20.mp4,248,247,248,249,0,124
V20.mp4,249,248,249,250,0,124
V20.mp4,250,249,250,251,0,124
V20.mp4,251,250,251,252,0,124
V20.mp4,252,251,252,253,0,124
V20.mp4,253,252,253,254,0,124
V20.mp4,254,253,254,255,0,124
V20.mp4,255,254,255,256,0,124
V20.mp4,256,255,256,257,0,124
V20.mp4,257,256,257,258,0,124
V20.mp4,258,257,258,259,0,124
V20.mp4,259,258,259,260,0,124
V20.mp4,260,259,260,261,0,124
V20.mp4,261,260,261,262,0,124
V20.mp4,262,261,262,263,0,124
V20.mp4,263,262,263,264,0,124
V20.mp4,264,263,264,265,0,124
V20.mp4,265,264,265,266,0,124
V20.mp4,266,265,266,267,0,124
V3.mp4,1,0,1,2,0,75
V3.mp4,2,1,2,3,0,75
V3.mp4,3,2,3,4,0,75
V3.mp4,4,3,4,5,0,75
V3.mp4,5,4,5,6,0,75
V3.mp4,6,5,6,7,0,75
V3.mp4,7,6,7,8,0,75
V3.mp4,8,7,8,9,0,75
V3.mp4,9,8,9,10,0,75
V3.mp4,10,9,10,11,0,75
V3.mp4,11,10,11,12,0,75
V3.mp4,12,11,12,13,0,75
V3.mp4,13,12,13,14,0,75
V3.mp4,14,13,14,15,0,75
V3.mp4,15,14,15,16,0,75
V3.mp4,16,15,16,17,0,75
V3.mp4,17,16,17,18,0,75
V3.mp4,18,17,18,19,0,75
V3.mp4,19,18,19,20,0,75
V3.mp4,20,19,20,21,0,75
V3.mp4,21,20,21,22,0,75
V3.mp4,22,21,22,23,0,75
V3.mp4,23,22,23,24,0,75
V3.mp4,24,23,24,25,0,75
V3.mp4,25,24,25,26,0,75
V3.mp4,26,25,26,27,0,75
V3.mp4,27,26,27,28,0,75
V3.mp4,28,27,28,29,0,75
V3.mp4,29,28,29,30,0,75
V3.mp4,30,29,30,31,0,75
V3.mp4,31,30,31,32,0,75
V3.mp4,32,31,32,33,0,75
V3.mp4,33,32,33,34,0,75
V3.mp4,34,33,34,35,0,75
V3.mp4,35,34,35,36,0,75
V3.mp4,36,35,36,37,0,75
V3.mp4,37,36,37,38,0,75
V3.mp4,38,37,38,39,0,75
V3.mp4,39,38,39,40,0,75
V3.mp4,40,39,40,41,0,75
V3.mp4,41,40,41,42,0,75
V3.mp4,42,41,42,43,0,75
V3.mp4,43,42,43,44,0,75
V3.mp4,44,43,44,45,0,75
V3.mp4,45,44,45,46,0,75
V3.mp4,46,45,46,47,0,75
V3.mp4,47,46,47,48,0,75
V3.mp4,48,47,48,49,0,75
V3.mp4,49,48,49,50,0,75
V3.mp4,50,49,50,51,0,75
V3.mp4,51,50,51,52,0,75
V3.mp4,52,51,52,53,0,75
V3.mp4,53,52,53,54,0,75
V3.mp4,54,53,54,55,0,75
V3.mp4,55,54,55,56,0,75
V3.mp4,56,55,56,57,0,75
V3.mp4,57,56,57,58,0,75
V3.mp4,58,57,58,59,0,75
V3.mp4,59,58,59,60,0,75
V3.mp4,60,59,60,61,0,75
V3.mp4,61,60,61,62,0,75
V3.mp4,62,61,62,63,0,75
V3.mp4,63,62,63,64,0,75
V3.mp4,64,63,64,65,0,75
V3.mp4,65,64,65,66,0,75
V3.mp4,66,65,66,67,0,75
V3.mp4,67,66,67,68,0,75
V3.mp4,68,67,68,69,0,75
V3.mp4,69,68,69,70,0,75
V3.mp4,70,69,70,71,0,75
V3.mp4,71,70,71,72,0,75
V3.mp4,72,71,72,73,0,75
V3.mp4,73,72,73,74,1,75
V3.mp4,74,73,74,75,1,75
V3.mp4,75,74,75,76,1,75
V3.mp4,76,75,76,77,1,75
V3.mp4,77,76,77,78,1,75
V3.mp4,78,77,78,79,0,75
V3.mp4,79,78,79,80,0,75
V3.mp4,80,79,80,81,0,75
V3.mp4,81,80,81,82,0,75
V3.mp4,82,81,82,83,0,75
V3.mp4,83,82,83,84,0,75
V3.mp4,84,83,84,85,0,75
V3.mp4,85,84,85,86,0,75
V3.mp4,86,85,86,87,0,75
V3.mp4,87,86,87,88,0,75
V3.mp4,88,87,88,89,0,75
V3.mp4,89,88,89,90,0,75
V3.mp4,90,89,90,91,0,75
V3.mp4,91,90,91,92,0,75
V3.mp4,92,91,92,93,0,75
V3.mp4,93,92,93,94,0,75
V3.mp4,94,93,94,95,0,75
V3.mp4,95,94,95,96,0,75
V3.mp4,96,95,96,97,0,75
V3.mp4,97,96,97,98,0,75
V3.mp4,98,97,98,99,0,75
V3.mp4,99,98,99,100,0,75
V3.mp4,100,99,100,101,0,75
V3.mp4,101,100,101,102,0,75
V3.mp4,102,101,102,103,0,75
V3.mp4,103,102,103,104,0,75
V3.mp4,104,103,104,105,0,75
V3.mp4,105,104,105,106,0,75
V3.mp4,106,105,106,107,0,75
V3.mp4,107,106,107,108,0,75
V3.mp4,108,107,108,109,0,75
V3.mp4,109,108,109,110,0,75
V3.mp4,110,109,110,111,0,75
V3.mp4,111,110,111,112,0,75
V3.mp4,112,111,112,113,0,75
V3.mp4,113,112,113,114,0,75
V3.mp4,114,113,114,115,0,75
V3.mp4,115,114,115,116,0,75
V3.mp4,116,115,116,117,0,75
V3.mp4,117,116,117,118,0,75
V3.mp4,118,117,118,119,0,75
V3.mp4,119,118,119,120,0,75
V3.mp4,120,119,120,121,0,75
V3.mp4,121,120,121,122,0,75
V3.mp4,122,121,122,123,0,75
V3.mp4,123,122,123,124,0,75
V3.mp4,124,123,124,125,0,75
V3.mp4,125,124,125,126,0,75
V3.mp4,126,125,126,127,0,75
V3.mp4,127,126,127,128,0,75
V3.mp4,128,127,128,129,0,75
V3.mp4,129,128,129,130,0,75
V3.mp4,130,129,130,131,0,75
V3.mp4,131,130,131,132,0,75
V3.mp4,132,131,132,133,0,75
V3.mp4,133,132,133,134,0,75
V3.mp4,134,133,134,135,0,75
V3.mp4,135,134,135,136,0,75
V3.mp4,136,135,136,137,0,75
V3.mp4,137,136,137,138,0,75
V3.mp4,138,137,138,139,0,75
V3.mp4,139,138,139,140,0,75
V3.mp4,140,139,140,141,0,75
V3.mp4,141,140,141,142,0,75
V3.mp4,142,141,142,143,0,75
V3.mp4,143,142,143,144,0,75
V3.mp4,144,143,144,145,0,75
V3.mp4,145,144,145,146,0,75
V3.mp4,146,145,146,147,0,75
V3.mp4,147,146,147,148,0,75
V3.mp4,148,147,148,149,0,75
V3.mp4,149,148,149,150,0,75
V3.mp4,150,149,150,151,0,75
V3.mp4,151,150,151,152,0,75
V4.mp4,1,0,1,2,0,37
V4.mp4,2,1,2,3,0,37
V4.mp4,3,2,3,4,0,37
V4.mp4,4,3,4,5,0,37
V4.mp4,5,4,5,6,0,37
V4.mp4,6,5,6,7,0,37
V4.mp4,7,6,7,8,0,37
V4.mp4,8,7,8,9,0,37
V4.mp4,9,8,9,10,0,37
V4.mp4,10,9,10,11,0,37
V4.mp4,11,10,11,12,0,37
V4.mp4,12,11,12,13,0,37
V4.mp4,13,12,13,14,0,37
V4.mp4,14,13,14,15,0,37
V4.mp4,15,14,15,16,0,37
V4.mp4,16,15,16,17,0,37
V4.mp4,17,16,17,18,0,37
V4.mp4,18,17,18,19,0,37
V4.mp4,19,18,19,20,0,37
V4.mp4,20,19,20,21,0,37
V4.mp4,21,20,21,22,0,37
V4.mp4,22,21,22,23,0,37
V4.mp4,23,22,23,24,0,37
V4.mp4,24,23,24,25,0,37
V4.mp4,25,24,25,26,0,37
V4.mp4,26,25,26,27,0,37
V4.mp4,27,26,27,28,0,37
V4.mp4,28,27,28,29,0,37
V4.mp4,29,28,29,30,0,37
V4.mp4,30,29,30,31,0,37
V4.mp4,31,30,31,32,0,37
V4.mp4,32,31,32,33,0,37
V4.mp4,33,32,33,34,0,37
V4.mp4,34,33,34,35,0,37
V4.mp4,35,34,35,36,1,37
V4.mp4,36,35,36,37,1,37
V4.mp4,37,36,37,38,1,37
V4.mp4,38,37,38,39,1,37
V4.mp4,39,38,39,40,1,37
V4.mp4,40,39,40,41,0,37
V4.mp4,41,40,41,42,0,37
V4.mp4,42,41,42,43,0,37
V4.mp4,43,42,43,44,0,37
V4.mp4,44,43,44,45,0,37
V4.mp4,45,44,45,46,0,37
V4.mp4,46,45,46,47,0,37
V4.mp4,47,46,47,48,0,37
V4.mp4,48,47,48,49,0,37
V4.mp4,49,48,49,50,0,37
V4.mp4,50,49,50,51,0,37
V4.mp4,51,50,51,52,0,37
V4.mp4,52,51,52,53,0,37
V4.mp4,53,52,53,54,0,37
V4.mp4,54,53,54,55,0,37
V4.mp4,55,54,55,56,0,37
V4.mp4,56,55,56,57,0,37
V4.mp4,57,56,57,58,0,37
V4.mp4,58,57,58,59,0,37
V4.mp4,59,58,59,60,0,37
V4.mp4,60,59,60,61,0,37
V4.mp4,61,60,61,62,0,37
V4.mp4,62,61,62,63,0,37
V4.mp4,63,62,63,64,0,37
V4.mp4,64,63,64,65,0,37
V4.mp4,65,64,65,66,0,37
V4.mp4,66,65,66,67,0,37
V4.mp4,67,66,67,68,0,37
V4.mp4,68,67,68,69,0,37
V4.mp4,69,68,69,70,0,37
V4.mp4,70,69,70,71,0,37
V4.mp4,71,70,71,72,0,37
V4.mp4,72,71,72,73,0,37
V4.mp4,73,72,73,74,0,37
V4.mp4,74,73,74,75,0,37
V4.mp4,75,74,75,76,0,37
V4.mp4,76,75,76,77,0,37
V5.mp4,1,0,1,2,0,61
V5.mp4,2,1,2,3,0,61
V5.mp4,3,2,3,4,0,61
V5.mp4,4,3,4,5,0,61
V5.mp4,5,4,5,6,0,61
V5.mp4,6,5,6,7,0,61
V5.mp4,7,6,7,8,0,61
V5.mp4,8,7,8,9,0,61
V5.mp4,9,8,9,10,0,61
V5.mp4,10,9,10,11,0,61
V5.mp4,11,10,11,12,0,61
V5.mp4,12,11,12,13,0,61
V5.mp4,13,12,13,14,0,61
V5.mp4,14,13,14,15,0,61
V5.mp4,15,14,15,16,0,61
V5.mp4,16,15,16,17,0,61
V5.mp4,17,16,17,18,0,61
V5.mp4,18,17,18,19,0,61
V5.mp4,19,18,19,20,0,61
V5.mp4,20,19,20,21,0,61
V5.mp4,21,20,21,22,0,61
V5.mp4,22,21,22,23,0,61
V5.mp4,23,22,23,24,0,61
V5.mp4,24,23,24,25,0,61
V5.mp4,25,24,25,26,0,61
V5.mp4,26,25,26,27,0,61
V5.mp4,27,26,27,28,0,61
V5.mp4,28,27,28,29,0,61
V5.mp4,29,28,29,30,0,61
V5.mp4,30,29,30,31,0,61
V5.mp4,31,30,31,32,0,61
V5.mp4,32,31,32,33,0,61
V5.mp4,33,32,33,34,0,61
V5.mp4,34,33,34,35,0,61
V5.mp4,35,34,35,36,0,61
V5.mp4,36,35,36,37,0,61
V5.mp4,37,36,37,38,0,61
V5.mp4,38,37,38,39,0,61
V5.mp4,39,38,39,40,0,61
V5.mp4,40,39,40,41,0,61
V5.mp4,41,40,41,42,0,61
V5.mp4,42,41,42,43,0,61
V5.mp4,43,42,43,44,0,61
V5.mp4,44,43,44,45,0,61
V5.mp4,45,44,45,46,0,61
V5.mp4,46,45,46,47,0,61
V5.mp4,47,46,47,48,0,61
V5.mp4,48,47,48,49,0,61
V5.mp4,49,48,49,50,0,61
V5.mp4,50,49,50,51,0,61
V5.mp4,51,50,51,52,0,61
V5.mp4,52,51,52,53,0,61
V5.mp4,53,52,53,54,0,61
V5.mp4,54,53,54,55,0,61
V5.mp4,55,54,55,56,0,61
V5.mp4,56,55,56,57,0,61
V5.mp4,57,56,57,58,0,61
V5.mp4,58,57,58,59,0,61
V5.mp4,59,58,59,60,1,61
V5.mp4,60,59,60,61,1,61
V5.mp4,61,60,61,62,1,61
V5.mp4,62,61,62,63,1,61
V5.mp4,63,62,63,64,1,61
V5.mp4,64,63,64,65,0,61
V5.mp4,65,64,65,66,0,61
V5.mp4,66,65,66,67,0,61
V5.mp4,67,66,67,68,0,61
V5.mp4,68,67,68,69,0,61
V5.mp4,69,68,69,70,0,61
V5.mp4,70,69,70,71,0,61
V5.mp4,71,70,71,72,0,61
V5.mp4,72,71,72,73,0,61
V5.mp4,73,72,73,74,0,61
V5.mp4,74,73,74,75,0,61
V5.mp4,75,74,75,76,0,61
V5.mp4,76,75,76,77,0,61
V5.mp4,77,76,77,78,0,61
V5.mp4,78,77,78,79,0,61
V5.mp4,79,78,79,80,0,61
V5.mp4,80,79,80,81,0,61
V5.mp4,81,80,81,82,0,61
V5.mp4,82,81,82,83,0,61
V5.mp4,83,82,83,84,0,61
V5.mp4,84,83,84,85,0,61
V5.mp4,85,84,85,86,0,61
V5.mp4,86,85,86,87,0,61
V5.mp4,87,86,87,88,0,61
V5.mp4,88,87,88,89,0,61
V5.mp4,89,88,89,90,0,61
V5.mp4,90,89,90,91,0,61
V5.mp4,91,90,91,92,0,61
V5.mp4,92,91,92,93,0,61
V5.mp4,93,92,93,94,0,61
V5.mp4,94,93,94,95,0,61
V5.mp4,95,94,95,96,0,61
V5.mp4,96,95,96,97,0,61
V5.mp4,97,96,97,98,0,61
V5.mp4,98,97,98,99,0,61
V5.mp4,99,98,99,100,0,61
V6.mp4,1,0,1,2,0,58
V6.mp4,2,1,2,3,0,58
V6.mp4,3,2,3,4,0,58
V6.mp4,4,3,4,5,0,58
V6.mp4,5,4,5,6,0,58
V6.mp4,6,5,6,7,0,58
V6.mp4,7,6,7,8,0,58
V6.mp4,8,7,8,9,0,58
V6.mp4,9,8,9,10,0,58
V6.mp4,10,9,10,11,0,58
V6.mp4,11,10,11,12,0,58
V6.mp4,12,11,12,13,0,58
V6.mp4,13,12,13,14,0,58
V6.mp4,14,13,14,15,0,58
V6.mp4,15,14,15,16,0,58
V6.mp4,16,15,16,17,0,58
V6.mp4,17,16,17,18,0,58
V6.mp4,18,17,18,19,0,58
V6.mp4,19,18,19,20,0,58
V6.mp4,20,19,20,21,0,58
V6.mp4,21,20,21,22,0,58
V6.mp4,22,21,22,23,0,58
V6.mp4,23,22,23,24,0,58
V6.mp4,24,23,24,25,0,58
V6.mp4,25,24,25,26,0,58
V6.mp4,26,25,26,27,0,58
V6.mp4,27,26,27,28,0,58
V6.mp4,28,27,28,29,0,58
V6.mp4,29,28,29,30,0,58
V6.mp4,30,29,30,31,0,58
V6.mp4,31,30,31,32,0,58
V6.mp4,32,31,32,33,0,58
V6.mp4,33,32,33,34,0,58
V6.mp4,34,33,34,35,0,58
V6.mp4,35,34,35,36,0,58
V6.mp4,36,35,36,37,0,58
V6.mp4,37,36,37,38,0,58
V6.mp4,38,37,38,39,0,58
V6.mp4,39,38,39,40,0,58
V6.mp4,40,39,40,41,0,58
V6.mp4,41,40,41,42,0,58
V6.mp4,42,41,42,43,0,58
V6.mp4,43,42,43,44,0,58
V6.mp4,44,43,44,45,0,58
V6.mp4,45,44,45,46,0,58
V6.mp4,46,45,46,47,0,58
V6.mp4,47,46,47,48,0,58
V6.mp4,48,47,48,49,0,58
V6.mp4,49,48,49,50,0,58
V6.mp4,50,49,50,51,0,58
V6.mp4,51,50,51,52,0,58
V6.mp4,52,51,52,53,0,58
V6.mp4,53,52,53,54,0,58
V6.mp4,54,53,54,55,0,58
V6.mp4,55,54,55,56,0,58
V6.mp4,56,55,56,57,1,58
V6.mp4,57,56,57,58,1,58
V6.mp4,58,57,58,59,1,58
V6.mp4,59,58,59,60,1,58
V6.mp4,60,59,60,61,1,58
V6.mp4,61,60,61,62,0,58
V6.mp4,62,61,62,63,0,58
V6.mp4,63,62,63,64,0,58
V6.mp4,64,63,64,65,0,58
V6.mp4,65,64,65,66,0,58
V6.mp4,66,65,66,67,0,58
V6.mp4,67,66,67,68,0,58
V6.mp4,68,67,68,69,0,58
V6.mp4,69,68,69,70,0,58
V6.mp4,70,69,70,71,0,58
V6.mp4,71,70,71,72,0,58
V6.mp4,72,71,72,73,0,58
V6.mp4,73,72,73,74,0,58
V6.mp4,74,73,74,75,0,58
V6.mp4,75,74,75,76,0,58
V6.mp4,76,75,76,77,0,58
V6.mp4,77,76,77,78,0,58
V6.mp4,78,77,78,79,0,58
V6.mp4,79,78,79,80,0,58
V6.mp4,80,79,80,81,0,58
V6.mp4,81,80,81,82,0,58
V6.mp4,82,81,82,83,0,58
V6.mp4,83,82,83,84,0,58
V6.mp4,84,83,84,85,0,58
V6.mp4,85,84,85,86,0,58
V6.mp4,86,85,86,87,0,58
V6.mp4,87,86,87,88,0,58
V6.mp4,88,87,88,89,0,58
V6.mp4,89,88,89,90,0,58
V6.mp4,90,89,90,91,0,58
V6.mp4,91,90,91,92,0,58
V6.mp4,92,91,92,93,0,58
V6.mp4,93,92,93,94,0,58
V6.mp4,94,93,94,95,0,58
V6.mp4,95,94,95,96,0,58
V6.mp4,96,95,96,97,0,58
V6.mp4,97,96,97,98,0,58
V6.mp4,98,97,98,99,0,58
V6.mp4,99,98,99,100,0,58
V6.mp4,100,99,100,101,0,58
V6.mp4,101,100,101,102,0,58
V6.mp4,102,101,102,103,0,58
V6.mp4,103,102,103,104,0,58
V6.mp4,104,103,104,105,0,58
V6.mp4,105,104,105,106,0,58
V6.mp4,106,105,106,107,0,58
V6.mp4,107,106,107,108,0,58
V6.mp4,108,107,108,109,0,58
V6.mp4,109,108,109,110,0,58
V6.mp4,110,109,110,111,0,58
V6.mp4,111,110,111,112,0,58
V6.mp4,112,111,112,113,0,58
V6.mp4,113,112,113,114,0,58
V6.mp4,114,113,114,115,0,58
V6.mp4,115,114,115,116,0,58
V6.mp4,116,115,116,117,0,58
V6.mp4,117,116,117,118,0,58
V6.mp4,118,117,118,119,0,58
V6.mp4,119,118,119,120,0,58
V6.mp4,120,119,120,121,0,58
V6.mp4,121,120,121,122,0,58
V6.mp4,122,121,122,123,0,58
V6.mp4,123,122,123,124,0,58
V6.mp4,124,123,124,125,0,58
V6.mp4,125,124,125,126,0,58
V6.mp4,126,125,126,127,0,58
V6.mp4,127,126,127,128,0,58
V6.mp4,128,127,128,129,0,58
V6.mp4,129,128,129,130,0,58
V6.mp4,130,129,130,131,0,58
V6.mp4,131,130,131,132,0,58
V6.mp4,132,131,132,133,0,58
V6.mp4,133,132,133,134,0,58
V6.mp4,134,133,134,135,0,58
V6.mp4,135,134,135,136,0,58
V6.mp4,136,135,136,137,0,58
V6.mp4,137,136,137,138,0,58
V6.mp4,138,137,138,139,0,58
V6.mp4,139,138,139,140,0,58
V6.mp4,140,139,140,141,0,58
V6.mp4,141,140,141,142,0,58
V7.mp4,1,0,1,2,0,55
V7.mp4,2,1,2,3,0,55
V7.mp4,3,2,3,4,0,55
V7.mp4,4,3,4,5,0,55
V7.mp4,5,4,5,6,0,55
V7.mp4,6,5,6,7,0,55
V7.mp4,7,6,7,8,0,55
V7.mp4,8,7,8,9,0,55
V7.mp4,9,8,9,10,0,55
V7.mp4,10,9,10,11,0,55
V7.mp4,11,10,11,12,0,55
V7.mp4,12,11,12,13,0,55
V7.mp4,13,12,13,14,0,55
V7.mp4,14,13,14,15,0,55
V7.mp4,15,14,15,16,0,55
V7.mp4,16,15,16,17,0,55
V7.mp4,17,16,17,18,0,55
V7.mp4,18,17,18,19,0,55
V7.mp4,19,18,19,20,0,55
V7.mp4,20,19,20,21,0,55
V7.mp4,21,20,21,22,0,55
V7.mp4,22,21,22,23,0,55
V7.mp4,23,22,23,24,0,55
V7.mp4,24,23,24,25,0,55
V7.mp4,25,24,25,26,0,55
V7.mp4,26,25,26,27,0,55
V7.mp4,27,26,27,28,0,55
V7.mp4,28,27,28,29,0,55
V7.mp4,29,28,29,30,0,55
V7.mp4,30,29,30,31,0,55
V7.mp4,31,30,31,32,0,55
V7.mp4,32,31,32,33,0,55
V7.mp4,33,32,33,34,0,55
V7.mp4,34,33,34,35,0,55
V7.mp4,35,34,35,36,0,55
V7.mp4,36,35,36,37,0,55
V7.mp4,37,36,37,38,0,55
V7.mp4,38,37,38,39,0,55
V7.mp4,39,38,39,40,0,55
V7.mp4,40,39,40,41,0,55
V7.mp4,41,40,41,42,0,55
V7.mp4,42,41,42,43,0,55
V7.mp4,43,42,43,44,0,55
V7.mp4,44,43,44,45,0,55
V7.mp4,45,44,45,46,0,55
V7.mp4,46,45,46,47,0,55
V7.mp4,47,46,47,48,0,55
V7.mp4,48,47,48,49,0,55
V7.mp4,49,48,49,50,0,55
V7.mp4,50,49,50,51,0,55
V7.mp4,51,50,51,52,0,55
V7.mp4,52,51,52,53,0,55
V7.mp4,53,52,53,54,1,55
V7.mp4,54,53,54,55,1,55
V7.mp4,55,54,55,56,1,55
V7.mp4,56,55,56,57,1,55
V7.mp4,57,56,57,58,1,55
V7.mp4,58,57,58,59,0,55
V7.mp4,59,58,59,60,0,55
V7.mp4,60,59,60,61,0,55
V7.mp4,61,60,61,62,0,55
V7.mp4,62,61,62,63,0,55
V7.mp4,63,62,63,64,0,55
V7.mp4,64,63,64,65,0,55
V7.mp4,65,64,65,66,0,55
V7.mp4,66,65,66,67,0,55
V7.mp4,67,66,67,68,0,55
V7.mp4,68,67,68,69,0,55
V7.mp4,69,68,69,70,0,55
V7.mp4,70,69,70,71,0,55
V7.mp4,71,70,71,72,0,55
V7.mp4,72,71,72,73,0,55
V7.mp4,73,72,73,74,0,55
V7.mp4,74,73,74,75,0,55
V7.mp4,75,74,75,76,0,55
V7.mp4,76,75,76,77,0,55
V7.mp4,77,76,77,78,0,55
V7.mp4,78,77,78,79,0,55
V7.mp4,79,78,79,80,0,55
V7.mp4,80,79,80,81,0,55
V7.mp4,81,80,81,82,0,55
V7.mp4,82,81,82,83,0,55
V7.mp4,83,82,83,84,0,55
V7.mp4,84,83,84,85,0,55
V7.mp4,85,84,85,86,0,55
V7.mp4,86,85,86,87,0,55
V7.mp4,87,86,87,88,0,55
V7.mp4,88,87,88,89,0,55
V7.mp4,89,88,89,90,0,55
V7.mp4,90,89,90,91,0,55
V7.mp4,91,90,91,92,0,55
V7.mp4,92,91,92,93,0,55
V7.mp4,93,92,93,94,0,55
V7.mp4,94,93,94,95,0,55
V7.mp4,95,94,95,96,0,55
V7.mp4,96,95,96,97,0,55
V7.mp4,97,96,97,98,0,55
V7.mp4,98,97,98,99,0,55
V7.mp4,99,98,99,100,0,55
V7.mp4,100,99,100,101,0,55
V7.mp4,101,100,101,102,0,55
V7.mp4,102,101,102,103,0,55
V7.mp4,103,102,103,104,0,55
V7.mp4,104,103,104,105,0,55
V7.mp4,105,104,105,106,0,55
V7.mp4,106,105,106,107,0,55
V7.mp4,107,106,107,108,0,55
V7.mp4,108,107,108,109,0,55
V7.mp4,109,108,109,110,0,55
V7.mp4,110,109,110,111,0,55
V8.mp4,1,0,1,2,0,53
V8.mp4,2,1,2,3,0,53
V8.mp4,3,2,3,4,0,53
V8.mp4,4,3,4,5,0,53
V8.mp4,5,4,5,6,0,53
V8.mp4,6,5,6,7,0,53
V8.mp4,7,6,7,8,0,53
V8.mp4,8,7,8,9,0,53
V8.mp4,9,8,9,10,0,53
V8.mp4,10,9,10,11,0,53
V8.mp4,11,10,11,12,0,53
V8.mp4,12,11,12,13,0,53
V8.mp4,13,12,13,14,0,53
V8.mp4,14,13,14,15,0,53
V8.mp4,15,14,15,16,0,53
V8.mp4,16,15,16,17,0,53
V8.mp4,17,16,17,18,0,53
V8.mp4,18,17,18,19,0,53
V8.mp4,19,18,19,20,0,53
V8.mp4,20,19,20,21,0,53
V8.mp4,21,20,21,22,0,53
V8.mp4,22,21,22,23,0,53
V8.mp4,23,22,23,24,0,53
V8.mp4,24,23,24,25,0,53
V8.mp4,25,24,25,26,0,53
V8.mp4,26,25,26,27,0,53
V8.mp4,27,26,27,28,0,53
V8.mp4,28,27,28,29,0,53
V8.mp4,29,28,29,30,0,53
V8.mp4,30,29,30,31,0,53
V8.mp4,31,30,31,32,0,53
V8.mp4,32,31,32,33,0,53
V8.mp4,33,32,33,34,0,53
V8.mp4,34,33,34,35,0,53
V8.mp4,35,34,35,36,0,53
V8.mp4,36,35,36,37,0,53
V8.mp4,37,36,37,38,0,53
V8.mp4,38,37,38,39,0,53
V8.mp4,39,38,39,40,0,53
V8.mp4,40,39,40,41,0,53
V8.mp4,41,40,41,42,0,53
V8.mp4,42,41,42,43,0,53
V8.mp4,43,42,43,44,0,53
V8.mp4,44,43,44,45,0,53
V8.mp4,45,44,45,46,0,53
V8.mp4,46,45,46,47,0,53
V8.mp4,47,46,47,48,0,53
V8.mp4,48,47,48,49,0,53
V8.mp4,49,48,49,50,0,53
V8.mp4,50,49,50,51,0,53
V8.mp4,51,50,51,52,1,53
V8.mp4,52,51,52,53,1,53
V8.mp4,53,52,53,54,1,53
V8.mp4,54,53,54,55,1,53
V8.mp4,55,54,55,56,1,53
V8.mp4,56,55,56,57,0,53
V8.mp4,57,56,57,58,0,53
V8.mp4,58,57,58,59,0,53
V8.mp4,59,58,59,60,0,53
V8.mp4,60,59,60,61,0,53
V8.mp4,61,60,61,62,0,53
V8.mp4,62,61,62,63,0,53
V8.mp4,63,62,63,64,0,53
V8.mp4,64,63,64,65,0,53
V8.mp4,65,64,65,66,0,53
V8.mp4,66,65,66,67,0,53
V8.mp4,67,66,67,68,0,53
V8.mp4,68,67,68,69,0,53
V8.mp4,69,68,69,70,0,53
V8.mp4,70,69,70,71,0,53
V8.mp4,71,70,71,72,0,53
V8.mp4,72,71,72,73,0,53
V8.mp4,73,72,73,74,0,53
V8.mp4,74,73,74,75,0,53
V8.mp4,75,74,75,76,0,53
V8.mp4,76,75,76,77,0,53
V8.mp4,77,76,77,78,0,53
V8.mp4,78,77,78,79,0,53
V8.mp4,79,78,79,80,0,53
V8.mp4,80,79,80,81,0,53
V8.mp4,81,80,81,82,0,53
V8.mp4,82,81,82,83,0,53
V8.mp4,83,82,83,84,0,53
V8.mp4,84,83,84,85,0,53
V8.mp4,85,84,85,86,0,53
V8.mp4,86,85,86,87,0,53
V8.mp4,87,86,87,88,0,53
V8.mp4,88,87,88,89,0,53
V8.mp4,89,88,89,90,0,53
V8.mp4,90,89,90,91,0,53
V8.mp4,91,90,91,92,0,53
V8.mp4,92,91,92,93,0,53
V8.mp4,93,92,93,94,0,53
V8.mp4,94,93,94,95,0,53
V8.mp4,95,94,95,96,0,53
V8.mp4,96,95,96,97,0,53
V8.mp4,97,96,97,98,0,53
V8.mp4,98,97,98,99,0,53
V8.mp4,99,98,99,100,0,53
V8.mp4,100,99,100,101,0,53
V8.mp4,101,100,101,102,0,53
V8.mp4,102,101,102,103,0,53
V8.mp4,103,102,103,104,0,53
V8.mp4,104,103,104,105,0,53
V8.mp4,105,104,105,106,0,53
V8.mp4,106,105,106,107,0,53
V8.mp4,107,106,107,108,0,53
V8.mp4,108,107,108,109,0,53
V8.mp4,109,108,109,110,0,53
V8.mp4,110,109,110,111,0,53
V8.mp4,111,110,111,112,0,53
V8.mp4,112,111,112,113,0,53
V8.mp4,113,112,113,114,0,53
V8.mp4,114,113,114,115,0,53
V8.mp4,115,114,115,116,0,53
V8.mp4,116,115,116,117,0,53
V8.mp4,117,116,117,118,0,53
V8.mp4,118,117,118,119,0,53
V8.mp4,119,118,119,120,0,53
V8.mp4,120,119,120,121,0,53
V8.mp4,121,120,121,122,0,53
V8.mp4,122,121,122,123,0,53
V8.mp4,123,122,123,124,0,53
V8.mp4,124,123,124,125,0,53
V8.mp4,125,124,125,126,0,53
V8.mp4,126,125,126,127,0,53
V8.mp4,127,126,127,128,0,53
V9.mp4,1,0,1,2,0,243
V9.mp4,2,1,2,3,0,243
V9.mp4,3,2,3,4,0,243
V9.mp4,4,3,4,5,0,243
V9.mp4,5,4,5,6,0,243
V9.mp4,6,5,6,7,0,243
V9.mp4,7,6,7,8,0,243
V9.mp4,8,7,8,9,0,243
V9.mp4,9,8,9,10,0,243
V9.mp4,10,9,10,11,0,243
V9.mp4,11,10,11,12,0,243
V9.mp4,12,11,12,13,0,243
V9.mp4,13,12,13,14,0,243
V9.mp4,14,13,14,15,0,243
V9.mp4,15,14,15,16,0,243
V9.mp4,16,15,16,17,0,243
V9.mp4,17,16,17,18,0,243
V9.mp4,18,17,18,19,0,243
V9.mp4,19,18,19,20,0,243
V9.mp4,20,19,20,21,0,243
V9.mp4,21,20,21,22,0,243
V9.mp4,22,21,22,23,0,243
V9.mp4,23,22,23,24,0,243
V9.mp4,24,23,24,25,0,243
V9.mp4,25,24,25,26,0,243
V9.mp4,26,25,26,27,0,243
V9.mp4,27,26,27,28,0,243
V9.mp4,28,27,28,29,0,243
V9.mp4,29,28,29,30,0,243
V9.mp4,30,29,30,31,0,243
V9.mp4,31,30,31,32,0,243
V9.mp4,32,31,32,33,0,243
V9.mp4,33,32,33,34,0,243
V9.mp4,34,33,34,35,0,243
V9.mp4,35,34,35,36,0,243
V9.mp4,36,35,36,37,0,243
V9.mp4,37,36,37,38,0,243
V9.mp4,38,37,38,39,0,243
V9.mp4,39,38,39,40,0,243
V9.mp4,40,39,40,41,0,243
V9.mp4,41,40,41,42,0,243
V9.mp4,42,41,42,43,0,243
V9.mp4,43,42,43,44,0,243
V9.mp4,44,43,44,45,0,243
V9.mp4,45,44,45,46,0,243
V9.mp4,46,45,46,47,0,243
V9.mp4,47,46,47,48,0,243
V9.mp4,48,47,48,49,0,243
V9.mp4,49,48,49,50,0,243
V9.mp4,50,49,50,51,0,243
V9.mp4,51,50,51,52,0,243
V9.mp4,52,51,52,53,0,243
V9.mp4,53,52,53,54,0,243
V9.mp4,54,53,54,55,0,243
V9.mp4,55,54,55,56,0,243
V9.mp4,56,55,56,57,0,243
V9.mp4,57,56,57,58,0,243
V9.mp4,58,57,58,59,0,243
V9.mp4,59,58,59,60,0,243
V9.mp4,60,59,60,61,0,243
V9.mp4,61,60,61,62,0,243
V9.mp4,62,61,62,63,0,243
V9.mp4,63,62,63,64,0,243
V9.mp4,64,63,64,65,0,243
V9.mp4,65,64,65,66,0,243
V9.mp4,66,65,66,67,0,243
V9.mp4,67,66,67,68,0,243
V9.mp4,68,67,68,69,0,243
V9.mp4,69,68,69,70,0,243
V9.mp4,70,69,70,71,0,243
V9.mp4,71,70,71,72,0,243
V9.mp4,72,71,72,73,0,243
V9.mp4,73,72,73,74,0,243
V9.mp4,74,73,74,75,0,243
V9.mp4,75,74,75,76,0,243
V9.mp4,76,75,76,77,0,243
V9.mp4,77,76,77,78,0,243
V9.mp4,78,77,78,79,0,243
V9.mp4,79,78,79,80,0,243
V9.mp4,80,79,80,81,0,243
V9.mp4,81,80,81,82,0,243
V9.mp4,82,81,82,83,0,243
V9.mp4,83,82,83,84,0,243
V9.mp4,84,83,84,85,0,243
V9.mp4,85,84,85,86,0,243
V9.mp4,86,85,86,87,0,243
V9.mp4,87,86,87,88,0,243
V9.mp4,88,87,88,89,0,243
V9.mp4,89,88,89,90,0,243
V9.mp4,90,89,90,91,0,243
V9.mp4,91,90,91,92,0,243
V9.mp4,92,91,92,93,0,243
V9.mp4,93,92,93,94,0,243
V9.mp4,94,93,94,95,0,243
V9.mp4,95,94,95,96,0,243
V9.mp4,96,95,96,97,0,243
V9.mp4,97,96,97,98,0,243
V9.mp4,98,97,98,99,0,243
V9.mp4,99,98,99,100,0,243
V9.mp4,100,99,100,101,0,243
V9.mp4,101,100,101,102,0,243
V9.mp4,102,101,102,103,0,243
V9.mp4,103,102,103,104,0,243
V9.mp4,104,103,104,105,0,243
V9.mp4,105,104,105,106,0,243
V9.mp4,106,105,106,107,0,243
V9.mp4,107,106,107,108,0,243
V9.mp4,108,107,108,109,0,243
V9.mp4,109,108,109,110,0,243
V9.mp4,110,109,110,111,0,243
V9.mp4,111,110,111,112,0,243
V9.mp4,112,111,112,113,0,243
V9.mp4,113,112,113,114,0,243
V9.mp4,114,113,114,115,0,243
V9.mp4,115,114,115,116,0,243
V9.mp4,116,115,116,117,0,243
V9.mp4,117,116,117,118,0,243
V9.mp4,118,117,118,119,0,243
V9.mp4,119,118,119,120,0,243
V9.mp4,120,119,120,121,0,243
V9.mp4,121,120,121,122,0,243
V9.mp4,122,121,122,123,0,243
V9.mp4,123,122,123,124,0,243
V9.mp4,124,123,124,125,0,243
V9.mp4,125,124,125,126,0,243
V9.mp4,126,125,126,127,0,243
V9.mp4,127,126,127,128,0,243
V9.mp4,128,127,128,129,0,243
V9.mp4,129,128,129,130,0,243
V9.mp4,130,129,130,131,0,243
V9.mp4,131,130,131,132,0,243
V9.mp4,132,131,132,133,0,243
V9.mp4,133,132,133,134,0,243
V9.mp4,134,133,134,135,0,243
V9.mp4,135,134,135,136,0,243
V9.mp4,136,135,136,137,0,243
V9.mp4,137,136,137,138,0,243
V9.mp4,138,137,138,139,0,243
V9.mp4,139,138,139,140,0,243
V9.mp4,140,139,140,141,0,243
V9.mp4,141,140,141,142,0,243
V9.mp4,142,141,142,143,0,243
V9.mp4,143,142,143,144,0,243
V9.mp4,144,143,144,145,0,243
V9.mp4,145,144,145,146,0,243
V9.mp4,146,145,146,147,0,243
V9.mp4,147,146,147,148,0,243
V9.mp4,148,147,148,149,0,243
V9.mp4,149,148,149,150,0,243
V9.mp4,150,149,150,151,0,243
V9.mp4,151,150,151,152,0,243
V9.mp4,152,151,152,153,0,243
V9.mp4,153,152,153,154,0,243
V9.mp4,154,153,154,155,0,243
V9.mp4,155,154,155,156,0,243
V9.mp4,156,155,156,157,0,243
V9.mp4,157,156,157,158,0,243
V9.mp4,158,157,158,159,0,243
V9.mp4,159,158,159,160,0,243
V9.mp4,160,159,160,161,0,243
V9.mp4,161,160,161,162,0,243
V9.mp4,162,161,162,163,0,243
V9.mp4,163,162,163,164,0,243
V9.mp4,164,163,164,165,0,243
V9.mp4,165,164,165,166,0,243
V9.mp4,166,165,166,167,0,243
V9.mp4,167,166,167,168,0,243
V9.mp4,168,167,168,169,0,243
V9.mp4,169,168,169,170,0,243
V9.mp4,170,169,170,171,0,243
V9.mp4,171,170,171,172,0,243
V9.mp4,172,171,172,173,0,243
V9.mp4,173,172,173,174,0,243
V9.mp4,174,173,174,175,0,243
V9.mp4,175,174,175,176,0,243
V9.mp4,176,175,176,177,0,243
V9.mp4,177,176,177,178,0,243
V9.mp4,178,177,178,179,0,243
V9.mp4,179,178,179,180,0,243
V9.mp4,180,179,180,181,0,243
V9.mp4,181,180,181,182,0,243
V9.mp4,182,181,182,183,0,243
V9.mp4,183,182,183,184,0,243
V9.mp4,184,183,184,185,0,243
V9.mp4,185,184,185,186,0,243
V9.mp4,186,185,186,187,0,243
V9.mp4,187,186,187,188,0,243
V9.mp4,188,187,188,189,0,243
V9.mp4,189,188,189,190,0,243
V9.mp4,190,189,190,191,0,243
V9.mp4,191,190,191,192,0,243
V9.mp4,192,191,192,193,0,243
V9.mp4,193,192,193,194,0,243
V9.mp4,194,193,194,195,0,243
V9.mp4,195,194,195,196,0,243
V9.mp4,196,195,196,197,0,243
V9.mp4,197,196,197,198,0,243
V9.mp4,198,197,198,199,0,243
V9.mp4,199,198,199,200,0,243
V9.mp4,200,199,200,201,0,243
V9.mp4,201,200,201,202,0,243
V9.mp4,202,201,202,203,0,243
V9.mp4,203,202,203,204,0,243
V9.mp4,204,203,204,205,0,243
V9.mp4,205,204,205,206,0,243
V9.mp4,206,205,206,207,0,243
V9.mp4,207,206,207,208,0,243
V9.mp4,208,207,208,209,0,243
V9.mp4,209,208,209,210,0,243
V9.mp4,210,209,210,211,0,243
V9.mp4,211,210,211,212,0,243
V9.mp4,212,211,212,213,0,243
V9.mp4,213,212,213,214,0,243
V9.mp4,214,213,214,215,0,243
V9.mp4,215,214,215,216,0,243
V9.mp4,216,215,216,217,0,243
V9.mp4,217,216,217,218,0,243
V9.mp4,218,217,218,219,0,243
V9.mp4,219,218,219,220,0,243
V9.mp4,220,219,220,221,0,243
V9.mp4,221,220,221,222,0,243
V9.mp4,222,221,222,223,0,243
V9.mp4,223,222,223,224,0,243
V9.mp4,224,223,224,225,0,243
V9.mp4,225,224,225,226,0,243
V9.mp4,226,225,226,227,0,243
V9.mp4,227,226,227,228,0,243
V9.mp4,228,227,228,229,0,243
V9.mp4,229,228,229,230,0,243
V9.mp4,230,229,230,231,0,243
V9.mp4,231,230,231,232,0,243
V9.mp4,232,231,232,233,0,243
V9.mp4,233,232,233,234,0,243
V9.mp4,234,233,234,235,0,243
V9.mp4,235,234,235,236,0,243
V9.mp4,236,235,236,237,0,243
V9.mp4,237,236,237,238,0,243
V9.mp4,238,237,238,239,0,243
V9.mp4,239,238,239,240,0,243
V9.mp4,240,239,240,241,0,243
V9.mp4,241,240,241,242,1,243
V9.mp4,242,241,242,243,1,243
V9.mp4,243,242,243,244,1,243
V9.mp4,244,243,244,245,1,243
V9.mp4,245,244,245,246,1,243
V9.mp4,246,245,246,247,0,243
V9.mp4,247,246,247,248,0,243
V9.mp4,248,247,248,249,0,243
V9.mp4,249,248,249,250,0,243
V9.mp4,250,249,250,251,0,243
V9.mp4,251,250,251,252,0,243
V9.mp4,252,251,252,253,0,243
V9.mp4,253,252,253,254,0,243
V9.mp4,254,253,254,255,0,243
V9.mp4,255,254,255,256,0,243
V9.mp4,256,255,256,257,0,243
V9.mp4,257,256,257,258,0,243
V9.mp4,258,257,258,259,0,243
V9.mp4,259,258,259,260,0,243
V9.mp4,260,259,260,261,0,243
V9.mp4,261,260,261,262,0,243
V9.mp4,262,261,262,263,0,243
V9.mp4,263,262,263,264,0,243
V9.mp4,264,263,264,265,0,243
V9.mp4,265,264,265,266,0,243
V9.mp4,266,265,266,267,0,243
V9.mp4,267,266,267,268,0,243
V9.mp4,268,267,268,269,0,243
V9.mp4,269,268,269,270,0,243
V9.mp4,270,269,270,271,0,243
V9.mp4,271,270,271,272,0,243
V9.mp4,272,271,272,273,0,243
V9.mp4,273,272,273,274,0,243
V9.mp4,274,273,274,275,0,243
V9.mp4,275,274,275,276,0,243
V9.mp4,276,275,276,277,0,243
V9.mp4,277,276,277,278,0,243
V9.mp4,278,277,278,279,0,243
V9.mp4,279,278,279,280,0,243
V9.mp4,280,279,280,281,0,243
V9.mp4,281,280,281,282,0,243
V9.mp4,282,281,282,283,0,243
V9.mp4,283,282,283,284,0,243
V9.mp4,284,283,284,285,0,243
V9.mp4,285,284,285,286,0,243
V9.mp4,286,285,286,287,0,243
V9.mp4,287,286,287,288,0,243
V9.mp4,288,287,288,289,0,243
V9.mp4,289,288,289,290,0,243
V9.mp4,290,289,290,291,0,243
V9.mp4,291,290,291,292,0,243
V9.mp4,292,291,292,293,0,243
V9.mp4,293,292,293,294,0,243
V9.mp4,294,293,294,295,0,243
V9.mp4,295,294,295,296,0,243
V9.mp4,296,295,296,297,0,243
V9.mp4,297,296,297,298,0,243
V9.mp4,298,297,298,299,0,243
V9.mp4,299,298,299,300,0,243
V9.mp4,300,299,300,301,0,243
