video_name,center_frame,true_label,pred_label,score
V1.mp4,1,0,1,0.1444382075012709
V1.mp4,2,0,1,0.07892318301742551
V1.mp4,3,0,0,-0.19937491048342926
V1.mp4,4,0,1,0.36640080900357797
V1.mp4,5,0,0,-0.08026583829419809
V1.mp4,6,0,0,-1.0234333106828903
V1.mp4,7,0,0,-1.2014166540488034
V1.mp4,8,0,0,-1.9530931586188245
V1.mp4,9,0,0,-1.3674076776114137
V1.mp4,10,0,0,-1.372361620458708
V1.mp4,11,0,0,-1.4394559912802136
V1.mp4,12,0,0,-1.5569614152728455
V1.mp4,13,0,0,-1.4127097179717916
V1.mp4,14,0,0,-1.4057960710100905
V1.mp4,15,0,0,-0.865759905905108
V1.mp4,16,0,0,-1.3319004436823993
V1.mp4,17,0,0,-0.8267333683881385
V1.mp4,18,0,0,-1.0512212689653706
V1.mp4,19,0,0,-1.3021465217392572
V1.mp4,20,0,0,-1.2451383144176922
V1.mp4,21,0,0,-1.0525712739864261
V1.mp4,22,0,0,-1.0119726243038465
V1.mp4,23,0,0,-0.5877709753738583
V1.mp4,24,0,0,-1.2596344927560923
V1.mp4,25,0,0,-1.3811830033275638
V1.mp4,26,0,0,-1.517859811415535
V1.mp4,27,0,0,-1.3927788088199138
V1.mp4,28,0,0,-0.8809070248970169
V1.mp4,29,0,0,-1.1439111847293795
V1.mp4,30,0,0,-0.9030010809956331
V1.mp4,31,0,0,-0.596885001735894
V1.mp4,32,0,1,0.005654066118399914
V1.mp4,33,0,0,-0.03263384843046846
V1.mp4,34,0,0,-0.2936346549566351
V1.mp4,35,0,0,-0.2108156019317664
V1.mp4,36,0,0,-0.11499583989149875
V1.mp4,37,0,0,-0.32685022757043125
V1.mp4,38,0,1,0.30283314361066127
V1.mp4,39,0,1,0.17994386309435573
V1.mp4,40,0,0,-0.08495724121781967
V1.mp4,41,0,0,-0.43588640111191435
V1.mp4,42,0,0,-0.38698207808355445
V1.mp4,43,0,0,-0.40929912417658376
V1.mp4,44,0,0,-0.27105484329067253
V1.mp4,45,0,0,-0.5384209716663613
V1.mp4,46,0,0,-0.6926106934313111
V1.mp4,47,0,0,-0.7491698565507319
V1.mp4,48,0,0,-0.7718319036158701
V1.mp4,49,0,0,-0.5572183188718854
V1.mp4,50,0,0,-0.40553306896229024
V1.mp4,51,0,0,-0.6006523447867173
V1.mp4,52,0,0,-0.9582130376117368
V1.mp4,53,0,0,-0.6502841279175752
V1.mp4,54,0,0,-0.33835416593428436
V1.mp4,55,0,0,-0.9146043429034096
V1.mp4,56,0,0,-1.1234575591742448
V1.mp4,57,0,0,-0.5196248448637254
V1.mp4,58,0,0,-0.7102868530205958
V1.mp4,59,0,0,-1.017973711194905
V1.mp4,60,0,0,-0.4407428842279423
V1.mp4,61,0,0,-0.8653412297343965
V1.mp4,62,0,0,-0.8278208078709218
V1.mp4,63,0,0,-0.6287008683453104
V1.mp4,64,0,0,-0.6893231977058335
V1.mp4,65,0,0,-0.855577849182729
V1.mp4,66,0,0,-1.3649606419516067
V1.mp4,67,0,0,-0.9320239147664074
V1.mp4,68,0,0,-1.066902217555716
V1.mp4,69,0,0,-1.3659360121858568
V1.mp4,70,0,0,-1.0219975386957068
V1.mp4,71,0,0,-1.0223463202040752
V1.mp4,72,0,0,-1.7736524382327543
V1.mp4,73,0,0,-1.209126085535736
V1.mp4,74,0,0,-1.8543767882097943
V1.mp4,75,0,0,-1.4031295818580825
V1.mp4,76,0,0,-1.3831832843718692
V1.mp4,77,0,0,-1.699697272042582
V1.mp4,78,0,0,-1.6283824408416345
V1.mp4,79,0,0,-1.7180323753522357
V1.mp4,80,0,0,-1.4454062242255927
V1.mp4,81,0,0,-1.2777661777014273
V1.mp4,82,0,0,-1.270962731467975
V1.mp4,83,0,0,-1.1152848091844414
V1.mp4,84,0,0,-1.1799394173456728
V1.mp4,85,0,0,-1.3447898787406616
V1.mp4,86,0,0,-1.4597327131597204
V1.mp4,87,0,0,-1.3403016176942928
V1.mp4,88,0,0,-1.0452573650072845
V1.mp4,89,0,0,-1.2045014489663937
V1.mp4,90,0,0,-1.468627666167786
V1.mp4,91,0,0,-1.5910328942920104
V1.mp4,92,0,0,-1.589232489403119
V1.mp4,93,0,0,-1.9580734764405636
V1.mp4,94,0,0,-1.8498922647310303
V1.mp4,95,0,0,-1.9852212623984058
V1.mp4,96,0,0,-1.8811391983497083
V1.mp4,97,0,0,-1.569912288254824
V1.mp4,98,0,0,-1.7646641488422286
V1.mp4,99,0,0,-2.2019827756885197
V1.mp4,100,0,0,-1.8635154168853365
V1.mp4,101,0,0,-2.1919187341899464
V1.mp4,102,0,0,-2.434270161058543
V1.mp4,103,0,0,-2.6440014862728844
V1.mp4,104,0,0,-2.7684417622810553
V1.mp4,105,0,0,-2.3936212403950115
V1.mp4,106,0,0,-2.319714766963178
V1.mp4,107,0,0,-2.441843719060807
V1.mp4,108,0,0,-2.883261598719626
V1.mp4,109,0,0,-2.6070117916691524
V1.mp4,110,0,0,-2.699837276762124
V1.mp4,111,0,0,-2.3412472756189016
V1.mp4,112,0,0,-2.648553872732812
V1.mp4,113,0,0,-2.9720336081165075
V1.mp4,114,0,0,-2.419889476914648
V1.mp4,115,0,0,-2.331499136427622
V1.mp4,116,0,0,-1.9126294449970311
V1.mp4,117,0,0,-2.019904178953233
V1.mp4,118,0,0,-2.4604172391047063
V1.mp4,119,0,0,-2.5260714836482228
V1.mp4,120,1,0,-2.116879623649131
V1.mp4,121,1,0,-2.046793139881119
V1.mp4,122,1,0,-2.2645789716016265
V1.mp4,123,1,0,-2.2530002502448303
V1.mp4,124,1,0,-2.5213914677001856
V1.mp4,125,0,0,-1.738788150857189
V1.mp4,126,0,0,-2.4575486140457787
V1.mp4,127,0,0,-2.1673188164817274
V1.mp4,128,0,0,-2.2428794331073125
V1.mp4,129,0,0,-2.0012413292687645
V1.mp4,130,0,0,-2.339567172850173
V1.mp4,131,0,0,-2.237617201252331
V1.mp4,132,0,0,-2.1340171391598584
V1.mp4,133,0,0,-2.291892341096084
V1.mp4,134,0,0,-1.9645580774595608
V1.mp4,135,0,0,-2.0566845365494117
V1.mp4,136,0,0,-1.7034593605582078
V1.mp4,137,0,0,-1.2763931003531572
V1.mp4,138,0,0,-1.4937541626469273
V1.mp4,139,0,0,-1.0428382119022643
V1.mp4,140,0,0,-1.4870362535186676
V1.mp4,141,0,0,-1.1155575916828273
V1.mp4,142,0,0,-1.6201503760988294
V1.mp4,143,0,0,-1.59033252551819
V1.mp4,144,0,0,-1.7639379652954912
V1.mp4,145,0,0,-1.0712352899590996
V1.mp4,146,0,0,-1.1480901049556207
V1.mp4,147,0,0,-1.688892717954676
V1.mp4,148,0,0,-1.4451115103298937
V1.mp4,149,0,0,-1.0052935822829105
V1.mp4,150,0,0,-1.3269465503763922
V1.mp4,151,0,0,-1.502813421989576
V1.mp4,152,0,0,-1.3150180986930624
V1.mp4,153,0,0,-1.07876475445349
V1.mp4,154,0,0,-1.1955614151363885
V1.mp4,155,0,0,-1.0190417221560424
V1.mp4,156,0,0,-0.839882330280852
V1.mp4,157,0,0,-0.9984085185807138
V1.mp4,158,0,0,-2.066679138621028
V1.mp4,159,0,0,-1.7803334399225261
V1.mp4,160,0,0,-1.8286956838009838
V1.mp4,161,0,0,-1.5459431753338033
V1.mp4,162,0,0,-1.7302247385059655
V1.mp4,163,0,0,-1.6002322271588771
V1.mp4,164,0,0,-1.7493290081656865
V1.mp4,165,0,0,-1.0324375483196557
V1.mp4,166,0,0,-1.2445432052576417
V1.mp4,167,0,0,-1.1611138634102567
V1.mp4,168,0,0,-0.9937853990926864
V1.mp4,169,0,0,-0.08766295528461887
V1.mp4,170,0,0,-0.8002525675830126
V1.mp4,171,0,0,-1.5707234672930888
V1.mp4,172,0,0,-1.7354395546521055
V1.mp4,173,0,0,-1.7109442030041642
V1.mp4,174,0,0,-1.8044266605155468
V1.mp4,175,0,0,-2.0093692414047655
V1.mp4,176,0,0,-2.0408425664517216
V1.mp4,177,0,0,-1.915464123773468
V1.mp4,178,0,0,-1.9149585323953109
V1.mp4,179,0,0,-1.5992166919357758
V1.mp4,180,0,0,-1.7039042101312862
V1.mp4,181,0,0,-1.7796250111587006
V1.mp4,182,0,0,-1.6596636941742684
V1.mp4,183,0,0,-1.681150421843571
V1.mp4,184,0,0,-2.1685761795174536
V1.mp4,185,0,0,-1.6967714395680575
V1.mp4,186,0,0,-1.8105702825570118
V1.mp4,187,0,0,-1.7952183346189994
V1.mp4,188,0,0,-2.0892920778609945
V1.mp4,189,0,0,-2.0474343124850507
V1.mp4,190,0,0,-2.1175207101602065
V1.mp4,191,0,0,-1.9796645734930853
V1.mp4,192,0,0,-1.1082286302405175
V1.mp4,193,0,0,-1.2854639533521686
V1.mp4,194,0,0,-1.6157669120025264
V1.mp4,195,0,0,-1.8190494792503467
V1.mp4,196,0,0,-1.797565163357763
V1.mp4,197,0,0,-1.4709206205414256
V1.mp4,198,0,0,-2.1358051506471516
V1.mp4,199,0,0,-2.300948968851706
V1.mp4,200,0,0,-2.388043053138804
V1.mp4,201,0,0,-2.172015239604624
V1.mp4,202,0,0,-1.9011657870290177
V1.mp4,203,0,0,-1.9716747185811956
V1.mp4,204,0,0,-1.8238997709078066
V1.mp4,205,0,0,-1.4759926103448167
V1.mp4,206,0,0,-1.6539960667996296
V1.mp4,207,0,0,-1.6294880444031734
V1.mp4,208,0,0,-1.3704600416358477
V1.mp4,209,0,0,-0.9826534931374544
V1.mp4,210,0,0,-1.0568330058220574
V1.mp4,211,0,0,-1.0583347638071476
V1.mp4,212,0,0,-1.2261586498301282
V1.mp4,213,0,0,-1.0382644086199488
V1.mp4,214,0,0,-0.8929750129055078
V1.mp4,215,0,0,-0.6676265884432251
V1.mp4,216,0,0,-0.6565392055953195
V1.mp4,217,0,0,-0.7239473571253702
V1.mp4,218,0,0,-1.0458561782677247
V1.mp4,219,0,0,-0.8976938590222151
V1.mp4,220,0,0,-0.6733333738727567
V1.mp4,221,0,0,-1.1660560513732126
V1.mp4,222,0,0,-1.1925838154567852
V1.mp4,223,0,0,-1.1696360225843214
V1.mp4,224,0,0,-0.78081958401597
V1.mp4,225,0,1,0.04384241789380838
V1.mp4,226,0,0,-0.174441141747824
V1.mp4,227,0,0,-0.6497641875446528
V1.mp4,228,0,0,-0.4769605604582541
V1.mp4,229,0,0,-0.5903152509575817
V1.mp4,230,0,0,-0.2753959926802465
V1.mp4,231,0,0,-0.4013361607206867
V1.mp4,232,0,0,-0.4665584015915898
V1.mp4,233,0,0,-0.5427420126660915
V1.mp4,234,0,0,-0.9830748462072676
V1.mp4,235,0,0,-0.6803047253172809
V1.mp4,236,0,0,-0.9723665233788323
V1.mp4,237,0,0,-0.64043721081366
V1.mp4,238,0,0,-0.7822027007917296
V1.mp4,239,0,0,-1.0135784788609672
V1.mp4,240,0,0,-1.0072357353676744
V1.mp4,241,0,0,-1.030029999975331
V1.mp4,242,0,0,-0.9337539849096925
V1.mp4,243,0,0,-0.9207120123874615
V1.mp4,244,0,0,-0.9511171852801787
V1.mp4,245,0,0,-1.1686166035157832
V1.mp4,246,0,0,-1.2959289892606338
V1.mp4,247,0,0,-1.5255947482741068
V1.mp4,248,0,0,-1.1505135905158597
V1.mp4,249,0,0,-1.1362696525455038
V1.mp4,250,0,0,-0.8960785692995331
V1.mp4,251,0,0,-1.0585951454496076
V1.mp4,252,0,0,-1.4242570026216703
V1.mp4,253,0,0,-0.4727803423174025
V1.mp4,254,0,0,-0.4183601301381694
V1.mp4,255,0,0,-0.4173650473772952
V1.mp4,256,0,0,-0.5807614106831315
V10.mp4,1,0,0,-2.5711737450052388
V10.mp4,2,0,0,-2.6064932411464303
V10.mp4,3,0,0,-2.834635964473097
V10.mp4,4,0,0,-2.744574824600072
V10.mp4,5,0,0,-2.7298538866422764
V10.mp4,6,0,0,-2.8648492385266744
V10.mp4,7,0,0,-2.6113506231002424
V10.mp4,8,0,0,-2.5797300189933683
V10.mp4,9,0,0,-2.6665201250004817
V10.mp4,10,0,0,-2.097230839335211
V10.mp4,11,0,0,-2.5920018656800634
V10.mp4,12,0,0,-2.552081779832629
V10.mp4,13,0,0,-2.320411800625867
V10.mp4,14,0,0,-2.2850555452880177
V10.mp4,15,0,0,-2.5932211846693543
V10.mp4,16,0,0,-2.656678024471926
V10.mp4,17,0,0,-2.931650813665632
V10.mp4,18,0,0,-2.367987507170729
V10.mp4,19,0,0,-2.661843406359136
V10.mp4,20,0,0,-2.6732467068536763
V10.mp4,21,0,0,-2.5159022969096467
V10.mp4,22,0,0,-2.644280219422528
V10.mp4,23,0,0,-2.9308342608453337
V10.mp4,24,0,0,-2.8344815173442965
V10.mp4,25,0,0,-3.2894101151667585
V10.mp4,26,0,0,-2.6325181293985587
V10.mp4,27,0,0,-2.8555678538606637
V10.mp4,28,0,0,-3.407171521266453
V10.mp4,29,0,0,-3.2989447360611095
V10.mp4,30,0,0,-2.6828686488898343
V10.mp4,31,0,0,-3.0207881936673577
V10.mp4,32,0,0,-3.1394864730596
V10.mp4,33,0,0,-2.9012176370867406
V10.mp4,34,0,0,-3.020593959715849
V10.mp4,35,0,0,-3.0424916268507953
V10.mp4,36,0,0,-3.27183230050367
V10.mp4,37,0,0,-3.2807281527357564
V10.mp4,38,0,0,-3.5498563678233426
V10.mp4,39,0,0,-3.8193748434900265
V10.mp4,40,0,0,-3.7689538567759984
V10.mp4,41,0,0,-3.2789596141362627
V10.mp4,42,0,0,-2.9152861678915554
V10.mp4,43,0,0,-3.13661507152687
V10.mp4,44,0,0,-3.2036617058449774
V10.mp4,45,0,0,-3.0280080326936742
V10.mp4,46,0,0,-3.2559585975790744
V10.mp4,47,0,0,-3.210076014019564
V10.mp4,48,0,0,-3.5357204909659754
V10.mp4,49,0,0,-3.4323159653949618
V10.mp4,50,0,0,-3.3790527080210415
V10.mp4,51,0,0,-3.302010244421756
V10.mp4,52,0,0,-3.2317506158925298
V10.mp4,53,0,0,-3.397405807700938
V10.mp4,54,0,0,-3.4338506086898746
V10.mp4,55,0,0,-3.4695030050278084
V10.mp4,56,0,0,-3.379038905274003
V10.mp4,57,0,0,-3.2683631801433606
V10.mp4,58,0,0,-2.974402831881547
V10.mp4,59,0,0,-2.8913506584174398
V10.mp4,60,0,0,-3.2116141295993956
V10.mp4,61,0,0,-2.8721322819334416
V10.mp4,62,0,0,-2.4017679519980772
V10.mp4,63,0,0,-2.8591618284557763
V10.mp4,64,0,0,-2.624088338163888
V10.mp4,65,0,0,-2.704477605892956
V10.mp4,66,0,0,-2.582254879681316
V10.mp4,67,0,0,-2.6771112185684007
V10.mp4,68,0,0,-3.333298530960544
V10.mp4,69,0,0,-3.0601106462625203
V10.mp4,70,0,0,-3.3347912515093334
V10.mp4,71,0,0,-3.495250207982449
V10.mp4,72,0,0,-3.526767670407217
V10.mp4,73,0,0,-3.503946545037915
V10.mp4,74,0,0,-3.445304858939026
V10.mp4,75,0,0,-3.4883285398998516
V10.mp4,76,0,0,-3.473335531154972
V10.mp4,77,0,0,-3.240955169021807
V10.mp4,78,0,0,-3.2080950318533605
V10.mp4,79,0,0,-3.3341127468730587
V10.mp4,80,0,0,-3.5715630283073034
V10.mp4,81,0,0,-3.327499522690429
V10.mp4,82,0,0,-2.8988252600598807
V10.mp4,83,0,0,-3.0126359719660556
V10.mp4,84,0,0,-3.0551402272040757
V10.mp4,85,0,0,-3.0274649520272363
V10.mp4,86,0,0,-3.352516785889242
V10.mp4,87,0,0,-2.991633514458063
V10.mp4,88,0,0,-3.4284580062122507
V10.mp4,89,0,0,-3.3128340381809336
V10.mp4,90,0,0,-3.4798958599079666
V10.mp4,91,0,0,-3.400659269758142
V10.mp4,92,0,0,-3.5165633286775835
V10.mp4,93,0,0,-3.502862901956083
V10.mp4,94,0,0,-2.86067268962852
V10.mp4,95,0,0,-3.135365005397941
V10.mp4,96,0,0,-3.3220610431792177
V10.mp4,97,0,0,-2.975411458043833
V10.mp4,98,0,0,-3.1013673945705564
V10.mp4,99,0,0,-3.3603264895172815
V10.mp4,100,0,0,-3.58687834365316
V10.mp4,101,0,0,-2.983645256481225
V10.mp4,102,0,0,-3.337852009468999
V10.mp4,103,0,0,-3.0636480319712547
V10.mp4,104,0,0,-3.529855641944436
V10.mp4,105,0,0,-3.8964060365045197
V10.mp4,106,0,0,-3.5012288797125106
V10.mp4,107,0,0,-3.749039560716127
V10.mp4,108,0,0,-3.631009759174932
V10.mp4,109,0,0,-3.7142840285901197
V10.mp4,110,0,0,-3.6561615598994885
V10.mp4,111,0,0,-3.7875498591664405
V10.mp4,112,0,0,-3.4364255820040377
V10.mp4,113,0,0,-3.8110773349104066
V10.mp4,114,0,0,-3.442062116094498
V10.mp4,115,0,0,-3.7910301445664034
V10.mp4,116,0,0,-3.494132424276288
V10.mp4,117,0,0,-3.326295143147304
V10.mp4,118,0,0,-3.472934769600766
V10.mp4,119,0,0,-3.4846616605437144
V10.mp4,120,0,0,-3.5363401742824467
V10.mp4,121,0,0,-3.626608906454471
V10.mp4,122,0,0,-3.444268433570064
V10.mp4,123,0,0,-3.6186636693717302
V10.mp4,124,0,0,-3.474333337052705
V10.mp4,125,0,0,-3.3181458981209184
V10.mp4,126,0,0,-3.332472218820853
V10.mp4,127,0,0,-3.4103831605901442
V10.mp4,128,0,0,-4.227865407178523
V10.mp4,129,0,0,-3.827207009327897
V10.mp4,130,0,0,-3.139687452939529
V10.mp4,131,0,0,-2.9028830550991387
V10.mp4,132,0,0,-2.93643038180054
V10.mp4,133,0,0,-3.1334493453504146
V10.mp4,134,0,0,-2.932680571273991
V10.mp4,135,0,0,-3.231980187940267
V10.mp4,136,0,0,-3.4874872481517474
V10.mp4,137,0,0,-3.1624285335725384
V10.mp4,138,0,0,-3.117872746452484
V10.mp4,139,0,0,-2.0572944492994636
V10.mp4,140,0,0,-2.4881617846058157
V10.mp4,141,0,0,-2.534699987729521
V10.mp4,142,0,0,-2.3546030578769144
V10.mp4,143,0,0,-2.3742903411241896
V10.mp4,144,0,0,-2.823178684000169
V10.mp4,145,0,0,-2.398900705681087
V10.mp4,146,0,0,-2.5706594855094034
V10.mp4,147,0,0,-2.0995944201024033
V10.mp4,148,0,0,-2.158587972518291
V10.mp4,149,0,0,-2.724667349183145
V10.mp4,150,0,0,-1.5462373458891168
V10.mp4,151,0,0,-2.2927489565886465
V10.mp4,152,0,0,-2.506718642297552
V10.mp4,153,0,0,-1.6511026501965504
V10.mp4,154,0,0,-1.943229580632572
V10.mp4,155,0,0,-1.290067819945198
V10.mp4,156,0,0,-2.0646435240267094
V10.mp4,157,0,0,-1.7960435713747052
V10.mp4,158,0,0,-2.2582943290036406
V10.mp4,159,0,0,-2.690369869095994
V10.mp4,160,0,0,-2.3503451279989322
V10.mp4,161,0,0,-2.151960703676714
V10.mp4,162,0,0,-1.7637273789194854
V10.mp4,163,0,0,-1.7817456984857425
V10.mp4,164,0,0,-1.8365684056970388
V10.mp4,165,0,0,-1.757392158269477
V10.mp4,166,0,0,-1.4430747917055795
V10.mp4,167,0,0,-1.2337518019747638
V10.mp4,168,0,0,-1.5734230533252092
V10.mp4,169,0,0,-2.0451579992511006
V10.mp4,170,0,0,-2.118096752573347
V10.mp4,171,0,0,-2.081516979439657
V10.mp4,172,0,0,-2.047933659602695
V10.mp4,173,0,0,-2.0531630496723325
V10.mp4,174,0,0,-2.022728713979419
V10.mp4,175,0,0,-1.820873009449758
V10.mp4,176,0,0,-1.264413522928528
V10.mp4,177,0,0,-1.5489648613986624
V10.mp4,178,0,0,-2.139300334578077
V10.mp4,179,0,0,-1.9885176817218515
V10.mp4,180,0,0,-1.8124814978500448
V10.mp4,181,0,0,-2.25111916636895
V10.mp4,182,0,0,-1.9003819279753735
V10.mp4,183,0,0,-2.2467376057265036
V10.mp4,184,0,0,-1.9437961746314718
V10.mp4,185,0,0,-1.7848748254806783
V10.mp4,186,0,0,-2.124929670026123
V10.mp4,187,0,0,-2.0719424952636665
V10.mp4,188,0,0,-2.176880008961599
V10.mp4,189,0,0,-1.8960292111338357
V10.mp4,190,0,0,-2.10035445043032
V10.mp4,191,0,0,-1.9524737446119576
V10.mp4,192,0,0,-1.9615133356299557
V10.mp4,193,0,0,-2.0228843932338743
V10.mp4,194,0,0,-2.2910201369852254
V10.mp4,195,0,0,-2.5317695775330455
V10.mp4,196,0,0,-2.9614878607559483
V10.mp4,197,0,0,-2.5116724606984677
V10.mp4,198,0,0,-2.0453516802309513
V10.mp4,199,0,0,-1.950192353055247
V10.mp4,200,0,0,-1.520938264230304
V10.mp4,201,0,0,-2.03164218191254
V10.mp4,202,0,0,-2.370178930522335
V10.mp4,203,0,0,-3.7422621086319574
V10.mp4,204,0,0,-3.576996802388419
V10.mp4,205,0,0,-3.234504186648488
V10.mp4,206,0,0,-2.6524707140606316
V10.mp4,207,0,0,-2.3326917401281766
V10.mp4,208,0,0,-2.631936353786056
V10.mp4,209,0,0,-1.577762125581088
V10.mp4,210,0,0,-1.827756053504917
V10.mp4,211,0,0,-2.472764382060692
V10.mp4,212,0,0,-2.6680356835008494
V10.mp4,213,0,0,-3.2093316069473588
V10.mp4,214,0,0,-2.088028120769149
V10.mp4,215,0,0,-2.521856749319072
V10.mp4,216,0,0,-2.624499508255239
V10.mp4,217,0,0,-2.7175110209190465
V10.mp4,218,0,0,-3.243140850554532
V10.mp4,219,0,0,-2.475777654469014
V10.mp4,220,0,0,-2.832354881350599
V10.mp4,221,0,0,-2.589719583244219
V10.mp4,222,0,0,-3.2887486918941153
V10.mp4,223,0,0,-3.3760628007437967
V10.mp4,224,0,0,-2.322996453942846
V10.mp4,225,0,0,-2.646793737600721
V10.mp4,226,0,0,-3.3977079076192194
V10.mp4,227,0,0,-3.1150207144315543
V10.mp4,228,0,0,-3.6465757914836163
V10.mp4,229,0,0,-3.2955457160984425
V10.mp4,230,0,0,-3.6121990986972943
V10.mp4,231,0,0,-3.550598382597998
V10.mp4,232,0,0,-3.598098305907809
V10.mp4,233,0,0,-2.916732252521168
V10.mp4,234,0,0,-2.427865077753645
V10.mp4,235,0,0,-2.715271224075505
V10.mp4,236,0,0,-3.1871992377566434
V10.mp4,237,0,0,-2.0917664650177907
V10.mp4,238,0,0,-2.0633466917888046
V10.mp4,239,0,0,-2.1914935838899705
V10.mp4,240,0,0,-3.3463444604264847
V10.mp4,241,0,0,-3.22636091386232
V10.mp4,242,0,0,-2.7201149826920332
V10.mp4,243,0,0,-2.71849864245947
V10.mp4,244,0,0,-2.668679532561937
V10.mp4,245,0,0,-3.8513141571541887
V10.mp4,246,0,0,-2.241820849142489
V10.mp4,247,0,0,-2.6287988908375284
V10.mp4,248,0,0,-2.9321685502240085
V10.mp4,249,0,0,-2.9294698108948047
V10.mp4,250,0,0,-2.436541985374596
V10.mp4,251,0,0,-1.6291561224572586
V10.mp4,252,0,0,-1.442918523407921
V10.mp4,253,0,0,-0.343451840930745
V10.mp4,254,0,0,-1.031780703286246
V10.mp4,255,0,0,-0.2849204915193755
V10.mp4,256,0,0,-0.8796826424206481
V10.mp4,257,0,0,-1.2155156112413872
V10.mp4,258,0,0,-0.9434530676826363
V10.mp4,259,0,0,-0.43855324536008267
V10.mp4,260,0,0,-0.38456988009754256
V10.mp4,261,0,0,-0.6654624725209344
V10.mp4,262,0,0,-0.9393087138508551
V10.mp4,263,0,0,-1.9739259484876037
V10.mp4,264,0,0,-2.5920619019809243
V10.mp4,265,0,0,-2.25095484443315
V10.mp4,266,0,0,-2.604927233835393
V10.mp4,267,0,0,-2.674174286528622
V10.mp4,268,0,0,-2.180610097502101
V10.mp4,269,0,0,-1.9924180434902823
V10.mp4,270,0,0,-1.9026056344150715
V10.mp4,271,0,0,-1.9547440269702094
V10.mp4,272,0,0,-1.7354284638830442
V10.mp4,273,0,0,-1.4940926080134527
V10.mp4,274,0,0,-2.6945104158109756
V10.mp4,275,0,0,-2.7163087576232305
V10.mp4,276,0,0,-2.4704963116737435
V10.mp4,277,0,0,-3.148873228974214
V10.mp4,278,0,0,-1.7013161023346839
V10.mp4,279,0,0,-2.144762775255473
V10.mp4,280,0,0,-1.8847641496339667
V10.mp4,281,0,0,-1.777465897539248
V10.mp4,282,0,0,-1.9592166704810166
V10.mp4,283,0,0,-2.824228302564873
V10.mp4,284,0,0,-2.9628320285915217
V10.mp4,285,0,0,-2.6570603035868734
V10.mp4,286,0,0,-1.6708241725649142
V10.mp4,287,0,0,-1.6515322296676904
V10.mp4,288,0,0,-2.330885334099052
V10.mp4,289,0,0,-2.2755319564568848
V10.mp4,290,0,0,-0.8036963487712138
V10.mp4,291,0,0,-1.1000998999104885
V10.mp4,292,0,0,-1.0756312803260422
V10.mp4,293,0,0,-0.6363303075524177
V10.mp4,294,0,0,-0.9585418898194786
V10.mp4,295,0,0,-1.407120535745742
V10.mp4,296,0,0,-1.442335631764505
V10.mp4,297,0,0,-2.290890573644434
V10.mp4,298,0,0,-1.4495121787372662
V10.mp4,299,0,0,-1.4929630493779724
V10.mp4,300,0,0,-0.06223895737222396
V10.mp4,301,0,0,-0.9581525628435332
V10.mp4,302,0,0,-0.18481294995019137
V10.mp4,303,0,0,-0.022430351959389583
V10.mp4,304,0,0,-0.31648727526543086
V10.mp4,305,0,0,-0.543034266982854
V10.mp4,306,0,0,-1.9968639036325178
V10.mp4,307,0,0,-2.3100561643613955
V10.mp4,308,0,0,-1.375672913212956
V10.mp4,309,0,0,-0.4690160107632828
V10.mp4,310,0,0,-0.6647013956048856
V10.mp4,311,0,0,-1.3999823976323513
V10.mp4,312,0,0,-1.7047314835085758
V10.mp4,313,0,0,-2.325698810600123
V10.mp4,314,0,0,-2.0719423667232992
V10.mp4,315,0,0,-1.0830558695029833
V10.mp4,316,0,0,-2.3357513177613978
V10.mp4,317,0,0,-3.3073903211130755
V10.mp4,318,0,0,-1.6698699403985295
V10.mp4,319,0,0,-2.946570052453388
V10.mp4,320,0,0,-2.712104347579981
V10.mp4,321,0,0,-2.4139432750539704
V10.mp4,322,0,0,-2.84407422963638
V10.mp4,323,0,0,-3.287697372930273
V10.mp4,324,0,0,-2.77154285424766
V10.mp4,325,0,0,-2.593545760821605
V10.mp4,326,0,0,-2.798281021121659
V10.mp4,327,0,0,-3.114429865799041
V10.mp4,328,0,0,-2.3229631268444777
V10.mp4,329,0,0,-1.690167219573004
V10.mp4,330,0,0,-1.3350215714854907
V10.mp4,331,0,0,-1.4234914371953071
V10.mp4,332,0,0,-2.266899575611764
V10.mp4,333,0,0,-2.083702124230802
V10.mp4,334,0,0,-2.349135704298485
V10.mp4,335,0,0,-2.1822396696865063
V10.mp4,336,0,0,-1.8996496985944717
V10.mp4,337,0,0,-1.5330560660679056
V10.mp4,338,0,0,-1.1204437568441117
V10.mp4,339,0,0,-1.2894708071398844
V10.mp4,340,0,0,-2.603862572014851
V10.mp4,341,0,0,-3.1625745574141755
V10.mp4,342,0,0,-2.085101869729071
V10.mp4,343,0,0,-1.3689466568534179
V10.mp4,344,0,0,-1.0962798959368474
V10.mp4,345,0,0,-1.999605609970295
V10.mp4,346,0,0,-1.4751694539046958
V10.mp4,347,0,0,-1.097661331788046
V10.mp4,348,0,0,-0.6688090217768353
V10.mp4,349,0,0,-0.4800400035163238
V10.mp4,350,0,0,-0.4375385811808725
V10.mp4,351,0,0,-1.0168111736412033
V10.mp4,352,0,0,-1.379725162529369
V10.mp4,353,0,0,-0.3050274897180685
V10.mp4,354,0,0,-0.13949111718518536
V10.mp4,355,0,0,-0.4875562895504415
V10.mp4,356,0,0,-0.7278522970303517
V10.mp4,357,0,0,-0.5690398368195881
V10.mp4,358,0,0,-0.516814470779137
V10.mp4,359,0,0,-1.739307413679485
V10.mp4,360,0,0,-1.6584055450525845
V10.mp4,361,0,0,-1.6024545155546601
V10.mp4,362,0,0,-1.4096817156757775
V10.mp4,363,0,0,-1.635171080801165
V10.mp4,364,0,0,-1.8494805701467425
V10.mp4,365,0,0,-2.4750098620830685
V10.mp4,366,0,0,-2.571365681244921
V10.mp4,367,0,0,-3.0180568699212422
V10.mp4,368,0,0,-3.3270007664995656
V10.mp4,369,0,0,-3.6189637248197273
V10.mp4,370,0,0,-3.0291471535692347
V10.mp4,371,0,0,-2.5095574817985393
V10.mp4,372,0,0,-2.0306780904493946
V10.mp4,373,0,0,-3.4627417774491116
V10.mp4,374,0,0,-2.86848827730686
V10.mp4,375,0,0,-2.7460659875933633
V10.mp4,376,0,0,-3.676823247988516
V10.mp4,377,0,0,-2.6923823536037435
V10.mp4,378,0,0,-2.6126530846382803
V10.mp4,379,0,0,-3.0974428534368315
V10.mp4,380,0,0,-1.9785464715024972
V10.mp4,381,0,0,-1.9902510106423141
V10.mp4,382,0,0,-1.8228974397711348
V10.mp4,383,0,0,-2.8176223722936213
V10.mp4,384,0,0,-2.6076668973803265
V10.mp4,385,0,0,-2.576191035712854
V10.mp4,386,0,0,-2.0984634632301256
V10.mp4,387,0,0,-1.972128357035842
V10.mp4,388,0,0,-2.4733061683224573
V10.mp4,389,0,0,-2.016911179815286
V10.mp4,390,0,0,-1.148636948805
V10.mp4,391,0,0,-0.22824792545593064
V10.mp4,392,1,1,0.35737851396217035
V10.mp4,393,1,1,0.010695378276890155
V10.mp4,394,1,1,0.2805289462920171
V10.mp4,395,1,1,0.20245213945821416
V10.mp4,396,1,0,-0.23123949653117593
V10.mp4,397,0,1,0.2527489822327442
V10.mp4,398,0,1,0.14903446769947104
V10.mp4,399,0,1,0.344712669207313
V10.mp4,400,0,0,-0.6259461843416172
V10.mp4,401,0,0,-0.6952787084128249
V10.mp4,402,0,0,-0.00015783073137343173
V10.mp4,403,0,1,0.06032981432868745
V10.mp4,404,0,0,-0.20977340368953845
V10.mp4,405,0,0,-0.3630146284372373
V10.mp4,406,0,0,-0.8773348063453066
V10.mp4,407,0,0,-0.8024020199324087
V10.mp4,408,0,0,-0.6496908355855848
V10.mp4,409,0,0,-0.9194371740274636
V10.mp4,410,0,0,-1.0327106674726112
V10.mp4,411,0,0,-1.3234300355476978
V10.mp4,412,0,0,-1.1721569305332726
V10.mp4,413,0,0,-1.8700523393731112
V10.mp4,414,0,0,-1.8700997609409806
V10.mp4,415,0,0,-1.847005575263275
V10.mp4,416,0,0,-1.704542099682675
V10.mp4,417,0,0,-1.2918158978658782
V10.mp4,418,0,0,-0.8700445004183052
V10.mp4,419,0,0,-1.4985634025681132
V10.mp4,420,0,0,-1.6959736368385425
V10.mp4,421,0,0,-2.2212943083946732
V10.mp4,422,0,0,-2.3021859748064832
V10.mp4,423,0,0,-2.230630153996796
V10.mp4,424,0,0,-2.2908633964522407
V10.mp4,425,0,0,-1.9818986761388517
V10.mp4,426,0,0,-1.9759678009351032
V10.mp4,427,0,0,-2.2074094810719513
V10.mp4,428,0,0,-2.2752007838022346
V10.mp4,429,0,0,-2.0888320519589585
V10.mp4,430,0,0,-2.12732764430743
V10.mp4,431,0,0,-2.475514340929061
V10.mp4,432,0,0,-2.2235276409768856
V10.mp4,433,0,0,-1.88057213740534
V10.mp4,434,0,0,-2.083780426410259
V10.mp4,435,0,0,-2.269616180995596
V10.mp4,436,0,0,-2.0242653746758226
V10.mp4,437,0,0,-1.8958297481380908
V10.mp4,438,0,0,-1.0393866013418223
V10.mp4,439,0,0,-1.1944127108535116
V10.mp4,440,0,0,-1.0101752242871669
V10.mp4,441,0,0,-0.8081258207789063
V10.mp4,442,0,0,-0.44375738565829936
V10.mp4,443,0,0,-0.8197969595017375
V10.mp4,444,0,0,-1.5638160755676804
V10.mp4,445,0,0,-1.7001435302265766
V10.mp4,446,0,0,-1.0115192813186857
V10.mp4,447,0,0,-0.41794392630939303
V10.mp4,448,0,0,-0.9197571670074629
V10.mp4,449,0,0,-1.2032956822218541
V10.mp4,450,0,0,-1.1546505220018823
V10.mp4,451,0,0,-1.0679019022089096
V10.mp4,452,0,0,-1.2613399422722893
V10.mp4,453,0,0,-0.9494392526089237
V10.mp4,454,0,0,-1.4142050303053537
V10.mp4,455,0,0,-1.0336274624419697
V10.mp4,456,0,0,-0.640800641153811
V10.mp4,457,0,0,-0.8700414538235461
V10.mp4,458,0,0,-1.3206589042155787
V10.mp4,459,0,0,-1.422115770358068
V10.mp4,460,0,0,-1.7437810574876242
V10.mp4,461,0,0,-1.944711551343571
V10.mp4,462,0,0,-1.8177368365702944
V10.mp4,463,0,0,-2.7196733602483683
V10.mp4,464,0,0,-2.7400381494484742
V10.mp4,465,0,0,-2.4516032630171027
V10.mp4,466,0,0,-2.321996238980253
V10.mp4,467,0,0,-2.7405777327511753
V10.mp4,468,0,0,-2.6875774395169927
V10.mp4,469,0,0,-2.8511049919698177
V10.mp4,470,0,0,-2.4073151418817633
V10.mp4,471,0,0,-2.3195712326764064
V10.mp4,472,0,0,-2.968288905799444
V10.mp4,473,0,0,-2.647707900516189
V10.mp4,474,0,0,-2.678042256251736
V10.mp4,475,0,0,-2.281414517153031
V10.mp4,476,0,0,-2.6829257369371744
V10.mp4,477,0,0,-2.9371223640364694
V11.mp4,1,0,0,-3.8566194119169435
V11.mp4,2,0,0,-3.4321845948744247
V11.mp4,3,0,0,-3.755372474886286
V11.mp4,4,0,0,-3.338637407431275
V11.mp4,5,0,0,-3.282296542823107
V11.mp4,6,0,0,-2.774015176417003
V11.mp4,7,0,0,-2.337397830586024
V11.mp4,8,0,0,-2.9270215549047824
V11.mp4,9,0,0,-2.837740056101242
V11.mp4,10,0,0,-3.0377642455141167
V11.mp4,11,0,0,-2.208992791847031
V11.mp4,12,0,0,-2.2553156472563467
V11.mp4,13,0,0,-2.1557519505566427
V11.mp4,14,0,0,-1.539019975680929
V11.mp4,15,0,0,-1.3658364891300436
V11.mp4,16,0,0,-1.6804125531089402
V11.mp4,17,0,0,-1.4971955522256704
V11.mp4,18,0,0,-1.095285471579186
V11.mp4,19,0,1,0.0874475636384695
V11.mp4,20,0,0,-0.4976607024237675
V11.mp4,21,0,0,-1.5409506332138854
V11.mp4,22,0,0,-1.4913620970153194
V11.mp4,23,0,0,-2.0340158273447946
V11.mp4,24,0,0,-2.405380479022512
V11.mp4,25,0,0,-1.1796300881500839
V11.mp4,26,0,0,-1.7767928765328707
V11.mp4,27,0,0,-1.2782912890820548
V11.mp4,28,0,0,-1.1856588665073184
V11.mp4,29,0,0,-1.3954128865744875
V11.mp4,30,0,0,-0.8498793015450464
V11.mp4,31,0,0,-0.004423256005106069
V11.mp4,32,0,0,-0.4520490142685607
V11.mp4,33,0,0,-0.8827837005210598
V11.mp4,34,0,0,-1.0432947692039118
V11.mp4,35,0,0,-1.7291715304009272
V11.mp4,36,0,0,-1.10676186463331
V11.mp4,37,0,0,-1.3998588582298728
V11.mp4,38,0,0,-1.5899760494598878
V11.mp4,39,0,0,-1.685061144023975
V11.mp4,40,0,0,-1.380761872313619
V11.mp4,41,0,0,-2.030849235191682
V11.mp4,42,0,0,-1.283027000949401
V11.mp4,43,0,0,-2.041012565658726
V11.mp4,44,0,0,-1.7723776486962708
V11.mp4,45,0,0,-1.726636064473465
V11.mp4,46,0,0,-2.132525727683285
V11.mp4,47,0,0,-1.3626961723482056
V11.mp4,48,0,0,-0.8487160500326805
V11.mp4,49,0,0,-0.5640665551999665
V11.mp4,50,0,0,-0.049370213154815046
V11.mp4,51,0,0,-0.9186272583091183
V11.mp4,52,0,0,-1.1474561935607843
V11.mp4,53,0,0,-1.589263549045524
V11.mp4,54,0,0,-1.4409895062455027
V11.mp4,55,0,0,-0.7752463486012963
V11.mp4,56,0,0,-0.1446725416199901
V11.mp4,57,0,0,-0.5188343639833917
V11.mp4,58,0,0,-1.1989896792979393
V11.mp4,59,0,0,-1.6841033286133174
V11.mp4,60,0,0,-1.459851227031311
V11.mp4,61,0,0,-1.0344697286849802
V11.mp4,62,0,0,-0.573676434455252
V11.mp4,63,0,0,-0.27152560795285363
V11.mp4,64,0,0,-0.7969380961249128
V11.mp4,65,0,0,-1.3047431727403382
V11.mp4,66,0,0,-1.136087654430566
V11.mp4,67,0,0,-1.7127669653598296
V11.mp4,68,0,0,-1.6255331130829886
V11.mp4,69,0,0,-0.973723826870887
V11.mp4,70,0,0,-0.9995528918140353
V11.mp4,71,0,0,-0.6383340620073982
V11.mp4,72,0,0,-0.8958523000487842
V11.mp4,73,0,0,-0.6291857310468885
V11.mp4,74,0,0,-0.8198507300642011
V11.mp4,75,0,0,-0.7276692043619747
V11.mp4,76,0,0,-0.846633482622192
V11.mp4,77,0,0,-1.274532032179231
V11.mp4,78,0,0,-0.5465789215255417
V11.mp4,79,0,0,-0.9775081263835648
V11.mp4,80,0,1,0.3279403358762787
V11.mp4,81,0,1,0.23487194590430804
V11.mp4,82,0,0,-0.0955869890209271
V11.mp4,83,0,0,-0.3558429353397081
V11.mp4,84,0,0,-1.4155452700735476
V11.mp4,85,0,0,-1.0931504415494797
V11.mp4,86,0,0,-0.8380987691585592
V11.mp4,87,0,0,-1.3512682702516092
V11.mp4,88,0,0,-1.783801323015461
V11.mp4,89,0,0,-2.58308081303554
V11.mp4,90,0,0,-1.9504164473988101
V11.mp4,91,0,0,-2.1490076374353664
V11.mp4,92,0,0,-3.0789969907859756
V11.mp4,93,0,0,-2.70220160202423
V11.mp4,94,0,0,-2.5601364579520274
V11.mp4,95,0,0,-1.821432448540179
V11.mp4,96,0,0,-2.212152473872213
V11.mp4,97,0,0,-2.972206337320248
V11.mp4,98,0,0,-2.317331943617061
V11.mp4,99,0,0,-3.043954143584731
V11.mp4,100,0,0,-3.480790288134952
V11.mp4,101,0,0,-2.9250842895941056
V11.mp4,102,0,0,-2.574961361857606
V11.mp4,103,0,0,-2.1521999266572136
V11.mp4,104,0,0,-2.7267206222342013
V11.mp4,105,0,0,-1.366437329178111
V11.mp4,106,0,0,-1.599534221373232
V11.mp4,107,0,0,-1.3283001017198093
V11.mp4,108,0,0,-1.342078395887487
V11.mp4,109,0,0,-1.5636269430120948
V11.mp4,110,0,0,-0.790601872282781
V11.mp4,111,0,0,-1.233896855206237
V11.mp4,112,0,0,-2.4622108669724145
V11.mp4,113,0,0,-2.2625910125758115
V11.mp4,114,0,0,-1.6109968456072397
V11.mp4,115,0,0,-2.0915787838372983
V11.mp4,116,0,0,-1.167885302181018
V11.mp4,117,0,0,-1.6763243518192157
V11.mp4,118,0,0,-1.5533008943664108
V11.mp4,119,0,0,-0.7849810227606928
V11.mp4,120,0,0,-0.4938863306990363
V11.mp4,121,0,0,-0.6754630605379668
V11.mp4,122,0,0,-0.7920147973179387
V11.mp4,123,0,0,-0.8286036669652103
V11.mp4,124,0,0,-1.6074918157801485
V11.mp4,125,0,0,-1.2233617198366078
V11.mp4,126,1,1,0.07352055202636798
V11.mp4,127,1,1,0.3995469646231764
V11.mp4,128,1,0,-0.6773476855491589
V11.mp4,129,1,0,-0.9672980187216272
V11.mp4,130,1,0,-0.5604401639311231
V11.mp4,131,0,0,-0.5903467700025299
V11.mp4,132,0,0,-0.6205733179338229
V11.mp4,133,0,0,-1.1965094822170088
V11.mp4,134,0,0,-1.3557025601110135
V11.mp4,135,0,0,-1.0767719409297678
V11.mp4,136,0,0,-1.3679409869244297
V11.mp4,137,0,0,-0.692272253014757
V11.mp4,138,0,0,-2.167597439497308
V11.mp4,139,0,0,-2.3801216567779226
V11.mp4,140,0,0,-2.801764146604598
V11.mp4,141,0,0,-2.7738808106006507
V11.mp4,142,0,0,-2.845477019624508
V11.mp4,143,0,0,-2.0033163190671197
V11.mp4,144,0,0,-1.9821930628082498
V11.mp4,145,0,0,-0.6934777025154827
V11.mp4,146,0,0,-1.7005452993623658
V11.mp4,147,0,0,-1.5248727654297993
V11.mp4,148,0,0,-1.4458336963161664
V11.mp4,149,0,0,-1.857193184470531
V11.mp4,150,0,0,-1.7126523550253765
V11.mp4,151,0,0,-1.2728264520319956
V11.mp4,152,0,0,-1.5770438451287245
V11.mp4,153,0,0,-1.9414795978348822
V11.mp4,154,0,0,-2.144318468210649
V11.mp4,155,0,0,-1.5594407927913962
V11.mp4,156,0,0,-1.3790727908186002
V11.mp4,157,0,0,-1.3925523958739827
V11.mp4,158,0,0,-0.8947856324667958
V11.mp4,159,0,0,-0.9275275664051215
V11.mp4,160,0,0,-1.1698440667804015
V11.mp4,161,0,0,-1.470207789712121
V11.mp4,162,0,0,-1.3822510853322163
V11.mp4,163,0,0,-1.0843170118358385
V11.mp4,164,0,0,-1.231767462382372
V11.mp4,165,0,0,-1.4831110907779759
V12.mp4,1,0,0,-1.6652690829293257
V12.mp4,2,0,0,-1.5691932071414394
V12.mp4,3,0,0,-1.456479111708912
V12.mp4,4,0,0,-1.6970614907262247
V12.mp4,5,0,0,-1.6057469311721682
V12.mp4,6,0,0,-1.5760988683129034
V12.mp4,7,0,0,-1.7409087427448464
V12.mp4,8,0,0,-1.64086611021812
V12.mp4,9,0,0,-1.4448203139884996
V12.mp4,10,0,0,-1.254917143808439
V12.mp4,11,0,0,-1.1240861957712425
V12.mp4,12,0,0,-1.5264670733605907
V12.mp4,13,0,0,-1.1861336962817375
V12.mp4,14,0,0,-1.0744456194324994
V12.mp4,15,0,0,-0.9096681585631385
V12.mp4,16,0,0,-1.3528972857812838
V12.mp4,17,0,0,-1.509842074963816
V12.mp4,18,0,0,-1.8378764300956894
V12.mp4,19,0,0,-1.4188458630909346
V12.mp4,20,0,0,-0.8824294656423842
V12.mp4,21,0,0,-1.4204820961974072
V12.mp4,22,0,0,-1.6568363209606558
V12.mp4,23,0,0,-1.0012308674959738
V12.mp4,24,0,0,-0.41998927734631764
V12.mp4,25,0,0,-0.7633087517563235
V12.mp4,26,0,0,-0.71538643107772
V12.mp4,27,0,0,-0.06258756868944415
V12.mp4,28,0,0,-0.09674799151564839
V12.mp4,29,0,0,-0.104841833921693
V12.mp4,30,0,0,-0.013073339724070765
V12.mp4,31,0,1,0.460947389555481
V12.mp4,32,0,0,-0.15808142319601037
V12.mp4,33,0,0,-0.15874501892470017
V12.mp4,34,0,0,-0.27888399361144955
V12.mp4,35,0,1,0.1913399134269873
V12.mp4,36,0,0,-0.4242997018065062
V12.mp4,37,0,0,-0.5050909085257863
V12.mp4,38,0,0,-1.1387371264821327
V12.mp4,39,0,0,-1.2469851677147519
V12.mp4,40,0,0,-0.9455685107994043
V12.mp4,41,0,0,-0.8896646802454069
V12.mp4,42,0,0,-0.8302686255757906
V12.mp4,43,0,0,-1.395278526109998
V12.mp4,44,0,0,-1.555294255984729
V12.mp4,45,0,0,-1.0048633956453052
V12.mp4,46,0,0,-0.5244447757426046
V12.mp4,47,0,1,0.3761749642132388
V12.mp4,48,0,1,0.10609247444131298
V12.mp4,49,0,0,-0.07581664880449113
V12.mp4,50,0,1,0.5754175995632405
V12.mp4,51,0,1,0.7506649963784613
V12.mp4,52,0,1,0.06668678526470417
V12.mp4,53,0,0,-0.8107134344162078
V12.mp4,54,0,0,-0.5076244877598006
V12.mp4,55,0,0,-0.3056977901965803
V12.mp4,56,0,0,-0.28469117170641023
V12.mp4,57,0,1,0.12038305323448806
V12.mp4,58,0,1,0.23330664742762175
V12.mp4,59,0,1,0.8249683910811016
V12.mp4,60,0,1,0.20107910805880214
V12.mp4,61,0,1,0.9078695297807331
V12.mp4,62,0,1,1.3207104403619374
V12.mp4,63,0,1,0.9531918614603565
V12.mp4,64,0,1,1.3850166625679272
V12.mp4,65,0,1,0.5919655764145253
V12.mp4,66,1,1,0.2864268239793042
V12.mp4,67,1,1,0.26162452413545867
V12.mp4,68,1,0,-0.3480749331070969
V12.mp4,69,1,0,-0.7181747280967299
V12.mp4,70,1,0,-1.5538168813007032
V12.mp4,71,0,0,-1.9689538826620185
V12.mp4,72,0,0,-2.1979624469716237
V12.mp4,73,0,0,-2.430670700961741
V12.mp4,74,0,0,-2.011752134104999
V12.mp4,75,0,0,-1.857397648337691
V12.mp4,76,0,0,-1.016405764344361
V12.mp4,77,0,0,-1.4766910556808495
V12.mp4,78,0,0,-1.2984391250604381
V12.mp4,79,0,0,-1.3249006404107186
V12.mp4,80,0,0,-1.1510155497613637
V12.mp4,81,0,0,-0.4232679358555962
V12.mp4,82,0,0,-0.12028774319927682
V12.mp4,83,0,1,0.6653272592986899
V12.mp4,84,0,0,-0.1242338175168245
V12.mp4,85,0,0,-0.647601386528118
V12.mp4,86,0,0,-1.5574301523498213
V12.mp4,87,0,0,-0.9733558909368747
V12.mp4,88,0,0,-1.0493391009596582
V12.mp4,89,0,0,-1.838178558728558
V12.mp4,90,0,0,-0.9110534056829706
V12.mp4,91,0,0,-0.9017950200058164
V12.mp4,92,0,0,-0.7203316860131054
V12.mp4,93,0,0,-1.2548294565788034
V12.mp4,94,0,0,-0.9976646295288345
V12.mp4,95,0,0,-1.2005878727160857
V12.mp4,96,0,0,-0.736073532935626
V12.mp4,97,0,0,-0.35739578320119914
V12.mp4,98,0,0,-0.7823955060960592
V12.mp4,99,0,0,-0.5662526385885798
V12.mp4,100,0,0,-0.6552815081099927
V12.mp4,101,0,0,-0.8310050227245072
V12.mp4,102,0,0,-0.34882544059947684
V12.mp4,103,0,0,-0.5347950289147749
V12.mp4,104,0,0,-1.564429256953511
V12.mp4,105,0,0,-1.5245914380311156
V12.mp4,106,0,0,-1.4626183762160159
V12.mp4,107,0,0,-1.4853802625175272
V12.mp4,108,0,0,-2.078511411112482
V12.mp4,109,0,0,-2.096972690195343
V12.mp4,110,0,0,-1.004892016891627
V12.mp4,111,0,0,-0.5502727942866424
V12.mp4,112,0,0,-0.17397847403506095
V12.mp4,113,0,0,-0.44637177815827256
V12.mp4,114,0,0,-1.1383792542658124
V12.mp4,115,0,0,-1.1912826977832043
V12.mp4,116,0,0,-1.6774486328276346
V12.mp4,117,0,0,-1.6997825724007616
V12.mp4,118,0,0,-1.1409051325101798
V12.mp4,119,0,0,-1.982249948799538
V12.mp4,120,0,0,-1.4040925498483539
V12.mp4,121,0,0,-0.9001653720069037
V12.mp4,122,0,0,-1.0766817585754112
V12.mp4,123,0,0,-0.6765932684277056
V12.mp4,124,0,0,-1.331298302318297
V12.mp4,125,0,0,-1.0979540205933156
V12.mp4,126,0,0,-0.7254411877093111
V12.mp4,127,0,0,-0.646495291127124
V13.mp4,1,0,0,-0.26760565672756886
V13.mp4,2,0,0,-0.6235800047595005
V13.mp4,3,0,0,-1.5268975376888247
V13.mp4,4,0,0,-1.4667505145933684
V13.mp4,5,0,0,-1.4131372292333622
V13.mp4,6,0,0,-1.656213625805643
V13.mp4,7,0,0,-2.385255054731501
V13.mp4,8,0,0,-1.8801815281454484
V13.mp4,9,0,0,-1.9832350680859627
V13.mp4,10,0,0,-1.9025916674475727
V13.mp4,11,0,0,-1.172975836132593
V13.mp4,12,0,0,-1.0685140690173769
V13.mp4,13,0,0,-1.470544541217187
V13.mp4,14,0,0,-1.6127917847556232
V13.mp4,15,0,0,-1.129023517917574
V13.mp4,16,0,0,-1.4239887240338076
V13.mp4,17,0,0,-1.1167481530417782
V13.mp4,18,0,0,-0.6523183182458117
V13.mp4,19,0,0,-1.0786010882921737
V13.mp4,20,0,0,-0.785482141464003
V13.mp4,21,0,0,-0.9288003184578341
V13.mp4,22,0,0,-0.6596819387557052
V13.mp4,23,0,0,-0.7194179330687142
V13.mp4,24,0,0,-0.5336295991588119
V13.mp4,25,0,0,-1.0064534119924788
V13.mp4,26,0,0,-1.0312801897861146
V13.mp4,27,0,0,-0.8659747484714098
V13.mp4,28,0,0,-1.4831265854662892
V13.mp4,29,0,0,-1.39866637481256
V13.mp4,30,0,0,-1.837850672501141
V13.mp4,31,0,0,-1.71917222510305
V13.mp4,32,0,0,-0.7243178402001912
V13.mp4,33,0,0,-1.167656548576489
V13.mp4,34,0,0,-1.972803554595362
V13.mp4,35,0,0,-1.4859124461741242
V13.mp4,36,0,0,-1.531773479226657
V13.mp4,37,0,0,-1.739585195503235
V13.mp4,38,0,0,-1.447259697911189
V13.mp4,39,0,0,-1.0820379324644298
V13.mp4,40,0,0,-0.0011387728804257424
V13.mp4,41,0,0,-0.9946555948143114
V13.mp4,42,0,0,-0.9890145096362952
V13.mp4,43,0,0,-0.8727597171935547
V13.mp4,44,0,0,-1.0779094677914436
V13.mp4,45,0,0,-1.194145156071008
V13.mp4,46,0,0,-0.6825399970549086
V13.mp4,47,0,0,-0.7036040999526096
V13.mp4,48,0,0,-0.8415191794082452
V13.mp4,49,0,0,-0.47666865875539177
V13.mp4,50,0,0,-1.0407029101868996
V13.mp4,51,0,0,-1.4628083306669915
V13.mp4,52,0,0,-1.4868854643019886
V13.mp4,53,0,0,-1.4205607092873669
V13.mp4,54,0,0,-1.8051562088966813
V13.mp4,55,0,0,-1.3225975968711736
V13.mp4,56,0,0,-1.6299519606348476
V13.mp4,57,0,0,-1.210367445245484
V13.mp4,58,0,0,-1.34516253879756
V13.mp4,59,0,0,-1.3652169440588033
V13.mp4,60,0,0,-1.2146816148691442
V13.mp4,61,0,0,-1.2074107330930288
V13.mp4,62,0,0,-1.6795313830508891
V13.mp4,63,0,0,-1.845087243089287
V13.mp4,64,0,0,-1.8365084113953007
V13.mp4,65,0,0,-1.4103765893111762
V13.mp4,66,0,0,-1.9185107957738223
V13.mp4,67,0,0,-2.237836316734424
V13.mp4,68,0,0,-1.9313304540504896
V13.mp4,69,0,0,-2.0394788887890902
V13.mp4,70,0,0,-1.4607286191928537
V13.mp4,71,0,0,-1.2438531640148964
V13.mp4,72,0,0,-1.1302202434274393
V13.mp4,73,0,0,-1.016268068905476
V13.mp4,74,0,0,-1.2887134752277793
V13.mp4,75,0,0,-1.5955624105229138
V13.mp4,76,0,0,-1.2027705470749193
V13.mp4,77,0,0,-1.7465178885789627
V13.mp4,78,0,0,-1.6197339690089927
V13.mp4,79,0,0,-1.2938696171272823
V13.mp4,80,0,0,-1.715892152661152
V13.mp4,81,0,0,-1.4776936236615756
V13.mp4,82,0,0,-1.2940078765045944
V13.mp4,83,0,0,-1.4708881593966148
V13.mp4,84,0,0,-1.337636514236138
V13.mp4,85,0,0,-0.7392788284501125
V13.mp4,86,0,0,-0.790152908782446
V13.mp4,87,0,0,-0.9146781459836021
V13.mp4,88,0,0,-0.6811944462083183
V13.mp4,89,0,0,-1.5346976411107591
V13.mp4,90,0,0,-1.9441289848751102
V13.mp4,91,0,0,-1.780595208409237
V13.mp4,92,0,0,-1.8655100555217854
V13.mp4,93,0,0,-2.120517711575348
V13.mp4,94,0,0,-2.0881599123257737
V13.mp4,95,0,0,-2.2132024231198923
V13.mp4,96,0,0,-2.2520301291625398
V13.mp4,97,0,0,-2.4800370126864717
V13.mp4,98,0,0,-2.4166462442854435
V13.mp4,99,0,0,-2.2441913721635216
V13.mp4,100,0,0,-1.4653796820965697
V13.mp4,101,0,0,-1.575895898211013
V13.mp4,102,0,0,-2.0843250240729074
V13.mp4,103,0,0,-2.0258197521627888
V13.mp4,104,0,0,-1.882973156665441
V13.mp4,105,0,0,-1.8942532333829911
V13.mp4,106,0,0,-2.4058481113366295
V13.mp4,107,0,0,-2.5300770279889013
V13.mp4,108,0,0,-2.5312001849749683
V13.mp4,109,0,0,-2.5094475291358322
V13.mp4,110,0,0,-2.9177932543496325
V13.mp4,111,0,0,-2.325197411401264
V13.mp4,112,0,0,-2.314728518891407
V13.mp4,113,0,0,-3.1280888715863018
V13.mp4,114,0,0,-3.5019681937571168
V13.mp4,115,0,0,-2.9769728801076822
V13.mp4,116,0,0,-3.287129217772706
V13.mp4,117,0,0,-3.399966337568949
V13.mp4,118,0,0,-3.330176800005095
V13.mp4,119,0,0,-3.285293354055546
V13.mp4,120,0,0,-3.1427953043221923
V13.mp4,121,0,0,-3.431978373783804
V13.mp4,122,0,0,-3.156539599664227
V13.mp4,123,0,0,-2.4631857746166204
V13.mp4,124,0,0,-2.185413307038394
V13.mp4,125,0,0,-1.792427151661738
V13.mp4,126,0,0,-1.697533085930428
V13.mp4,127,0,0,-2.105481014072323
V13.mp4,128,0,0,-1.7741294393322495
V13.mp4,129,0,0,-2.4009125407694922
V13.mp4,130,0,0,-2.3105032106071506
V13.mp4,131,0,0,-2.1930201296911203
V13.mp4,132,0,0,-0.8237026575362305
V13.mp4,133,0,0,-0.8908139257854139
V13.mp4,134,0,0,-0.711629353683383
V13.mp4,135,1,0,-1.5052721677559535
V13.mp4,136,1,0,-1.347001472867812
V13.mp4,137,1,0,-1.2116899749354941
V13.mp4,138,1,0,-1.1992497245820264
V13.mp4,139,1,0,-1.2308692076848384
V13.mp4,140,0,0,-1.3963011092231112
V13.mp4,141,0,0,-1.5892569660432563
V13.mp4,142,0,0,-2.0207441480711545
V13.mp4,143,0,0,-2.239397144692269
V13.mp4,144,0,0,-1.2798636932332677
V13.mp4,145,0,0,-1.2848343330007121
V13.mp4,146,0,0,-1.4850887005477893
V13.mp4,147,0,0,-0.6994865385690662
V13.mp4,148,0,0,-1.1504965458155658
V13.mp4,149,0,0,-1.3694195358831562
V13.mp4,150,0,0,-1.5082253516407766
V13.mp4,151,0,0,-1.3367104096937568
V13.mp4,152,0,0,-1.7974985632993337
V13.mp4,153,0,0,-1.596614109810591
V13.mp4,154,0,0,-1.6563808132929336
V13.mp4,155,0,0,-1.5919388271485582
V13.mp4,156,0,0,-1.6280023962816064
V13.mp4,157,0,0,-1.7467252509200064
V13.mp4,158,0,0,-1.4574300295107003
V13.mp4,159,0,0,-1.3547094432703728
V13.mp4,160,0,0,-1.4961486380801836
V13.mp4,161,0,0,-1.2009713564157627
V13.mp4,162,0,0,-1.3376192096357413
V13.mp4,163,0,0,-0.9621459449710261
V13.mp4,164,0,0,-0.9726430239382998
V13.mp4,165,0,0,-0.9640123380892214
V13.mp4,166,0,0,-1.0825186884339888
V13.mp4,167,0,0,-1.279292344941461
V13.mp4,168,0,0,-1.3899474372976695
V13.mp4,169,0,0,-1.6660914772496827
V13.mp4,170,0,0,-1.5137217598045751
V13.mp4,171,0,0,-1.5726505313905133
V13.mp4,172,0,0,-1.696891063314418
V13.mp4,173,0,0,-2.20397654833224
V13.mp4,174,0,0,-2.163436526765879
V13.mp4,175,0,0,-2.1749298903250414
V13.mp4,176,0,0,-1.9543787480866937
V13.mp4,177,0,0,-1.9991315983001599
V13.mp4,178,0,0,-2.321892038688528
V13.mp4,179,0,0,-2.020306057240099
V13.mp4,180,0,0,-2.025850444256929
V13.mp4,181,0,0,-1.9862462655767779
V13.mp4,182,0,0,-2.346131925374491
V13.mp4,183,0,0,-2.061617779186313
V13.mp4,184,0,0,-1.801640992286839
V13.mp4,185,0,0,-1.8156764106381211
V13.mp4,186,0,0,-1.9185346648151402
V13.mp4,187,0,0,-2.0981518481890298
V13.mp4,188,0,0,-2.5585433051006925
V13.mp4,189,0,0,-2.1952556713530647
V13.mp4,190,0,0,-2.48719936583294
V13.mp4,191,0,0,-2.0686481893836435
V13.mp4,192,0,0,-2.428213803095737
V13.mp4,193,0,0,-2.2114727298215255
V13.mp4,194,0,0,-2.2679387314369115
V13.mp4,195,0,0,-2.1576741591582342
V13.mp4,196,0,0,-1.7958030246138608
V13.mp4,197,0,0,-2.177247983694292
V13.mp4,198,0,0,-1.9089115424336844
V13.mp4,199,0,0,-2.150957100274681
V13.mp4,200,0,0,-2.2422310695717167
V13.mp4,201,0,0,-2.582633671258724
V13.mp4,202,0,0,-2.5738753321731167
V13.mp4,203,0,0,-2.784057576817018
V13.mp4,204,0,0,-2.5620454343994186
V13.mp4,205,0,0,-2.7363687734512006
V13.mp4,206,0,0,-2.594048533039486
V13.mp4,207,0,0,-2.6853995191445432
V13.mp4,208,0,0,-2.8868830377608417
V13.mp4,209,0,0,-2.822441659362294
V13.mp4,210,0,0,-2.854302181890759
V13.mp4,211,0,0,-1.942774370425578
V13.mp4,212,0,0,-1.462483877168832
V13.mp4,213,0,0,-1.524630826451886
V13.mp4,214,0,0,-1.7547019868489093
V13.mp4,215,0,0,-1.6508119796323772
V13.mp4,216,0,0,-1.5115867321013012
V13.mp4,217,0,0,-1.313288559521473
V13.mp4,218,0,0,-1.401472658453439
V13.mp4,219,0,0,-1.5934128671609111
V13.mp4,220,0,0,-1.7704100873332498
V13.mp4,221,0,0,-1.838832543660709
V13.mp4,222,0,0,-2.3212588780827508
V13.mp4,223,0,0,-2.528661421809467
V13.mp4,224,0,0,-3.0680074177662435
V13.mp4,225,0,0,-2.9972711955054496
V13.mp4,226,0,0,-2.9709510130489933
V13.mp4,227,0,0,-3.2271692808283157
V13.mp4,228,0,0,-3.0004493293389025
V14.mp4,1,0,0,-0.7521355100572212
V14.mp4,2,0,0,-1.272312965242042
V14.mp4,3,0,0,-1.038219732841015
V14.mp4,4,0,0,-1.2822008143218868
V14.mp4,5,0,0,-2.239811227063866
V14.mp4,6,0,0,-1.6429720224933406
V14.mp4,7,0,0,-2.0073472862354427
V14.mp4,8,0,0,-1.7707475518846478
V14.mp4,9,0,0,-1.8017827437984488
V14.mp4,10,0,0,-1.9013676492435005
V14.mp4,11,0,0,-2.2960508581810353
V14.mp4,12,0,0,-1.412942542476468
V14.mp4,13,0,0,-1.0074376000251173
V14.mp4,14,0,0,-0.9703995068906313
V14.mp4,15,0,0,-1.2861317110005595
V14.mp4,16,0,0,-1.1487398707297285
V14.mp4,17,0,0,-1.4314773792884512
V14.mp4,18,0,0,-1.149842244934417
V14.mp4,19,0,0,-1.9238958935789527
V14.mp4,20,0,0,-1.487280682024804
V14.mp4,21,0,0,-1.79464698176477
V14.mp4,22,0,0,-1.2125500756129277
V14.mp4,23,0,0,-1.2828330812332112
V14.mp4,24,0,0,-0.5332647596873582
V14.mp4,25,0,0,-1.2067680326808996
V14.mp4,26,0,0,-1.9698687698138941
V14.mp4,27,0,0,-2.023690693481295
V14.mp4,28,0,0,-1.3483090821186967
V14.mp4,29,0,0,-0.3436255584800958
V14.mp4,30,0,0,-0.5460174824484715
V14.mp4,31,0,1,0.40014282178594085
V14.mp4,32,0,1,0.13286151648290745
V14.mp4,33,0,0,-0.17750827104210454
V14.mp4,34,0,0,-0.17467990740610362
V14.mp4,35,0,0,-0.1859174091804876
V14.mp4,36,0,0,-0.033403318152532835
V14.mp4,37,0,0,-0.002634377847539726
V14.mp4,38,0,1,0.933978444244004
V14.mp4,39,0,1,0.973446361216701
V14.mp4,40,0,1,1.6710539005545528
V14.mp4,41,0,1,1.5198263681986397
V14.mp4,42,0,1,1.6642834828827402
V14.mp4,43,0,1,1.328888007300269
V14.mp4,44,0,1,1.710626606453801
V14.mp4,45,0,1,1.627344444496384
V14.mp4,46,0,1,1.249055684677577
V14.mp4,47,0,1,1.1283137165757715
V14.mp4,48,0,1,1.0105001386112287
V14.mp4,49,0,1,1.6038364688703854
V14.mp4,50,0,1,0.7972462936333513
V14.mp4,51,0,1,0.6145673329569097
V14.mp4,52,0,1,0.8402998552369896
V14.mp4,53,0,1,0.6521918399650604
V14.mp4,54,0,1,0.38641288653074324
V14.mp4,55,0,1,1.2789991610968614
V14.mp4,56,0,1,0.7146436285892821
V14.mp4,57,0,1,0.3032531267134748
V14.mp4,58,0,1,0.13571546619333974
V14.mp4,59,0,1,0.3214964623353813
V14.mp4,60,0,0,-0.5253010821127112
V14.mp4,61,0,0,-0.7179528554692303
V14.mp4,62,0,0,-0.2895645347147482
V14.mp4,63,0,0,-1.1115176262781996
V14.mp4,64,0,0,-0.32293569672488776
V14.mp4,65,0,0,-1.033362187843926
V14.mp4,66,0,0,-1.20590492213601
V14.mp4,67,0,1,0.15831001184096571
V14.mp4,68,0,1,0.51398175480338
V14.mp4,69,0,1,0.337401742052174
V14.mp4,70,0,1,0.5113712723988735
V14.mp4,71,0,0,-0.06245075695629421
V14.mp4,72,0,0,-0.593200223799552
V14.mp4,73,0,0,-0.19762271882474192
V14.mp4,74,0,0,-0.5671148312016874
V14.mp4,75,0,0,-1.1457762676172771
V14.mp4,76,0,0,-0.9233302048425905
V14.mp4,77,0,0,-1.3160119983620815
V14.mp4,78,0,0,-1.6994120685871557
V14.mp4,79,0,0,-1.3409771809207753
V14.mp4,80,0,0,-0.7839764318270803
V14.mp4,81,0,0,-1.18154598850054
V14.mp4,82,0,0,-1.665682009530128
V14.mp4,83,0,0,-1.5134402378593168
V14.mp4,84,0,0,-1.4671456184166194
V14.mp4,85,0,0,-1.4892520873501873
V14.mp4,86,0,0,-1.9946081948935812
V14.mp4,87,0,0,-2.0226128685330753
V14.mp4,88,0,0,-1.8082437954001995
V14.mp4,89,0,0,-1.082262842176497
V14.mp4,90,0,0,-2.3271509403211486
V14.mp4,91,0,0,-2.9505909570242297
V14.mp4,92,0,0,-2.354441434880223
V14.mp4,93,0,0,-2.828849895330519
V14.mp4,94,0,0,-2.8665182713644946
V14.mp4,95,0,0,-1.7382962560440516
V14.mp4,96,0,0,-0.9041331981762833
V14.mp4,97,0,0,-0.7084182357462302
V14.mp4,98,0,0,-0.5918153305327631
V14.mp4,99,0,0,-0.8820208290707136
V14.mp4,100,0,0,-0.944863937906892
V14.mp4,101,0,0,-0.7001625163627888
V14.mp4,102,0,0,-0.3453979888837895
V14.mp4,103,0,0,-1.2585569780309795
V14.mp4,104,0,0,-1.4428538789291205
V14.mp4,105,0,0,-2.039354092765911
V14.mp4,106,0,0,-2.342181516145947
V14.mp4,107,0,0,-1.9526905670097898
V14.mp4,108,0,0,-1.6310019911584406
V14.mp4,109,0,0,-0.4498936301750842
V14.mp4,110,0,1,0.3227454354721937
V14.mp4,111,0,0,-0.8964555432978618
V14.mp4,112,0,0,-1.4100956974854666
V14.mp4,113,0,0,-1.0841061191031107
V14.mp4,114,0,1,0.04335354201286612
V14.mp4,115,0,0,-0.9650862421402734
V14.mp4,116,0,0,-0.738212815219486
V14.mp4,117,0,0,-0.9176573115652393
V14.mp4,118,0,0,-1.4624326659058993
V14.mp4,119,0,0,-1.335246485145123
V14.mp4,120,0,0,-0.9217156384942445
V14.mp4,121,0,0,-1.5807548813270542
V14.mp4,122,0,0,-1.7103223613642071
V14.mp4,123,0,0,-1.2209050617939052
V14.mp4,124,0,0,-0.5957103044053618
V14.mp4,125,0,0,-0.47385874631018365
V14.mp4,126,0,0,-1.6944986095686196
V14.mp4,127,0,0,-2.0172727618328112
V14.mp4,128,0,0,-1.9817136493891576
V14.mp4,129,0,0,-1.2478636347574927
V14.mp4,130,0,0,-1.012211910707575
V14.mp4,131,0,0,-1.3259366200573897
V14.mp4,132,0,0,-1.9341262512207718
V14.mp4,133,0,0,-1.764186964462116
V14.mp4,134,0,0,-1.5496697654835132
V14.mp4,135,1,0,-0.9682321498236579
V14.mp4,136,1,0,-0.8947310565812702
V14.mp4,137,1,1,0.30890456927719856
V14.mp4,138,1,0,-1.3614869350799088
V14.mp4,139,1,0,-2.2620027815277686
V14.mp4,140,0,0,-2.6333488791890938
V14.mp4,141,0,0,-1.693879042203374
V14.mp4,142,0,0,-1.728509194880541
V14.mp4,143,0,0,-1.9123926983420088
V14.mp4,144,0,0,-0.972691176372489
V14.mp4,145,0,0,-0.5838445725788067
V14.mp4,146,0,0,-0.19291755689458223
V14.mp4,147,0,0,-1.2014535744823465
V14.mp4,148,0,0,-0.8821580907325453
V14.mp4,149,0,0,-0.7400156868655989
V14.mp4,150,0,1,0.03396987203052615
V14.mp4,151,0,1,0.18115632226491218
V14.mp4,152,0,1,0.44320509894064153
V14.mp4,153,0,0,-0.4008483285275024
V14.mp4,154,0,0,-0.4824653959329651
V14.mp4,155,0,0,-0.4421708602239356
V14.mp4,156,0,0,-0.0357065659395055
V14.mp4,157,0,0,-0.08841677805971826
V14.mp4,158,0,1,0.5146816223197992
V14.mp4,159,0,0,-0.13120595069407281
V14.mp4,160,0,0,-0.4411306417288797
V14.mp4,161,0,0,-0.42828298661392195
V14.mp4,162,0,1,0.5079497837285012
V14.mp4,163,0,1,0.38222630097188626
V14.mp4,164,0,1,0.8854416128024059
V14.mp4,165,0,1,0.554649368259329
V14.mp4,166,0,1,0.9787754172673679
V14.mp4,167,0,1,0.25401842404755537
V14.mp4,168,0,0,-0.026637119113628982
V14.mp4,169,0,0,-0.15831959028795817
V14.mp4,170,0,0,-0.06958913099547548
V14.mp4,171,0,0,-0.5309783407149048
V14.mp4,172,0,1,0.028547031807684142
V14.mp4,173,0,1,0.14012945800947008
V14.mp4,174,0,0,-0.3320046479755703
V14.mp4,175,0,0,-1.1998680941448674
V14.mp4,176,0,0,-0.4057537806067144
V14.mp4,177,0,0,-0.892638882444722
V14.mp4,178,0,0,-0.8629385089124708
V14.mp4,179,0,0,-0.5240559683182077
V14.mp4,180,0,0,-0.13354612075528105
V14.mp4,181,0,0,-0.07471876554119072
V14.mp4,182,0,0,-0.08658201890774309
V14.mp4,183,0,0,-0.3529378751821721
V14.mp4,184,0,0,-0.2400534179557643
V14.mp4,185,0,1,0.1121169453196107
V14.mp4,186,0,1,0.2474132752056022
V14.mp4,187,0,1,0.29218088068822134
V14.mp4,188,0,0,-0.0770020761693444
V14.mp4,189,0,1,1.0664254812429248
V14.mp4,190,0,1,0.3685249380737021
V14.mp4,191,0,1,0.12401006726830222
V14.mp4,192,0,1,0.3353285050042354
V14.mp4,193,0,1,0.06931394998390727
V14.mp4,194,0,1,0.1607616720601155
V14.mp4,195,0,1,0.053690938614257444
V14.mp4,196,0,1,0.10483181414145726
V14.mp4,197,0,0,-0.05473175922525253
V14.mp4,198,0,0,-0.4519886657159581
V14.mp4,199,0,0,-0.07965812180149201
V14.mp4,200,0,0,-0.5668923762176405
V14.mp4,201,0,0,-0.21478451315259162
V14.mp4,202,0,0,-0.1262369605276028
V15.mp4,1,0,0,-2.639490586341414
V15.mp4,2,0,0,-2.148959612109038
V15.mp4,3,0,0,-2.475341332427881
V15.mp4,4,0,0,-2.49089857408946
V15.mp4,5,0,0,-2.054238634617817
V15.mp4,6,0,0,-1.8391677853780721
V15.mp4,7,0,0,-2.3043454033330244
V15.mp4,8,0,0,-2.2440493907476218
V15.mp4,9,0,0,-2.3347640119324597
V15.mp4,10,0,0,-1.6144544198971955
V15.mp4,11,0,0,-2.1245673359879933
V15.mp4,12,0,0,-1.5743976511172886
V15.mp4,13,0,0,-1.6248414465542622
V15.mp4,14,0,0,-1.7975556721594759
V15.mp4,15,0,0,-1.7892040090649224
V15.mp4,16,0,0,-1.5796750956727457
V15.mp4,17,0,0,-2.044167867553184
V15.mp4,18,0,0,-1.6577435661030218
V15.mp4,19,0,0,-1.321592575250656
V15.mp4,20,0,0,-2.017709119743138
V15.mp4,21,0,0,-1.8678336737898922
V15.mp4,22,0,0,-1.721572474569972
V15.mp4,23,0,0,-2.1710721296846414
V15.mp4,24,0,0,-2.194205168353533
V15.mp4,25,0,0,-1.948320040284995
V15.mp4,26,0,0,-2.0241073367810114
V15.mp4,27,0,0,-2.106085559452818
V15.mp4,28,0,0,-1.7536131452552437
V15.mp4,29,0,0,-1.993862752322835
V15.mp4,30,0,0,-2.1928873528200437
V15.mp4,31,0,0,-2.217279373215584
V15.mp4,32,0,0,-2.0608686394094806
V15.mp4,33,0,0,-1.8400071540991945
V15.mp4,34,0,0,-2.1150367439635374
V15.mp4,35,0,0,-2.1109238395474046
V15.mp4,36,0,0,-2.161404801237045
V15.mp4,37,0,0,-2.66547281514214
V15.mp4,38,0,0,-2.1063156741831484
V15.mp4,39,0,0,-2.127879878256274
V15.mp4,40,0,0,-1.754097121998778
V15.mp4,41,0,0,-1.5003756010236453
V15.mp4,42,0,0,-1.0313824995860175
V15.mp4,43,0,0,-1.8647544374511067
V15.mp4,44,0,0,-2.017537821340997
V15.mp4,45,0,0,-1.3719439855157791
V15.mp4,46,0,0,-1.4846157250940148
V15.mp4,47,0,0,-1.6949798164673158
V15.mp4,48,0,0,-1.5020975772452867
V15.mp4,49,0,0,-1.417539267153269
V15.mp4,50,0,0,-1.7297650028596325
V15.mp4,51,0,0,-1.6981555459651425
V15.mp4,52,0,0,-1.912043728981758
V15.mp4,53,0,0,-2.220740408166137
V15.mp4,54,0,0,-1.6382965135906675
V15.mp4,55,0,0,-2.1621767137677548
V15.mp4,56,0,0,-2.1952445679840227
V15.mp4,57,0,0,-1.6106268326442663
V15.mp4,58,0,0,-1.4240708667121122
V15.mp4,59,0,0,-1.4178409803089211
V15.mp4,60,0,0,-1.3301876253705385
V15.mp4,61,0,0,-0.8200566220804931
V15.mp4,62,0,0,-0.8687155838577463
V15.mp4,63,0,0,-1.1655984754759976
V15.mp4,64,0,0,-1.5205995537226822
V15.mp4,65,0,0,-1.575682548961072
V15.mp4,66,0,0,-1.1751487668637417
V15.mp4,67,0,0,-1.6070896941119104
V15.mp4,68,0,0,-1.7693596417041584
V15.mp4,69,0,0,-1.4856841132249663
V15.mp4,70,0,0,-1.4283004999483182
V15.mp4,71,0,0,-1.2052523764302148
V15.mp4,72,0,0,-1.0571242680652335
V15.mp4,73,0,0,-0.35461702397522865
V15.mp4,74,0,0,-0.45313429083827683
V15.mp4,75,0,0,-0.5869741377159557
V15.mp4,76,0,0,-0.6120874494247421
V15.mp4,77,0,0,-0.6107848954259852
V15.mp4,78,0,0,-0.8060556378545441
V15.mp4,79,0,0,-0.7687603121677491
V15.mp4,80,0,0,-1.5290176407381155
V15.mp4,81,0,0,-1.1606616244579966
V15.mp4,82,0,0,-0.4961481025226452
V15.mp4,83,0,0,-0.696849024997392
V15.mp4,84,0,0,-0.47170512251732943
V15.mp4,85,1,0,-0.7745870449203557
V15.mp4,86,1,0,-0.14970210179666377
V15.mp4,87,1,1,0.21255468028773894
V15.mp4,88,1,0,-0.013626926266300021
V15.mp4,89,1,0,-0.4427706438257265
V15.mp4,90,0,0,-0.5995097545805504
V15.mp4,91,0,0,-0.8196114009337897
V15.mp4,92,0,0,-0.773960918632234
V15.mp4,93,0,0,-0.9867877622972098
V15.mp4,94,0,0,-1.3664681530613216
V15.mp4,95,0,0,-1.8799039121187904
V15.mp4,96,0,0,-2.105752561802473
V15.mp4,97,0,0,-2.1020338687340434
V15.mp4,98,0,0,-1.4689429107448533
V15.mp4,99,0,0,-1.2155188591098978
V15.mp4,100,0,0,-1.4616402421957715
V15.mp4,101,0,0,-1.006087400214649
V15.mp4,102,0,0,-1.0048619848289584
V15.mp4,103,0,0,-1.0637049275726047
V15.mp4,104,0,0,-1.2446144435011581
V15.mp4,105,0,0,-1.4401653636322262
V15.mp4,106,0,0,-1.222410984137578
V15.mp4,107,0,0,-0.890401537266757
V15.mp4,108,0,0,-1.4826208085790096
V15.mp4,109,0,0,-1.2396098574743248
V15.mp4,110,0,0,-0.4383938426153915
V15.mp4,111,0,0,-0.9111156725061396
V15.mp4,112,0,0,-1.2449734534140215
V15.mp4,113,0,0,-0.7256562920867745
V15.mp4,114,0,0,-1.1351410748568942
V15.mp4,115,0,0,-1.1413005454960423
V15.mp4,116,0,0,-1.118054490348833
V15.mp4,117,0,0,-1.3491277628791138
V15.mp4,118,0,0,-1.6527778550539582
V15.mp4,119,0,0,-1.2449363776430087
V15.mp4,120,0,0,-1.21729864851929
V15.mp4,121,0,0,-1.188419777978508
V15.mp4,122,0,0,-1.20582904304504
V15.mp4,123,0,0,-1.0619141083534145
V15.mp4,124,0,0,-1.6147389777756036
V15.mp4,125,0,0,-1.2190929442116722
V15.mp4,126,0,0,-1.1549506954990327
V15.mp4,127,0,0,-1.2178621880317286
V15.mp4,128,0,0,-1.4890864022487764
V15.mp4,129,0,0,-1.585162067596968
V15.mp4,130,0,0,-1.2949562337486304
V15.mp4,131,0,0,-1.518620850375266
V15.mp4,132,0,0,-1.5695709181716482
V15.mp4,133,0,0,-1.3037431460507247
V15.mp4,134,0,0,-1.0377693781492676
V15.mp4,135,0,0,-1.080827342162973
V15.mp4,136,0,0,-1.2634155488586087
V15.mp4,137,0,0,-1.0624191897215152
V15.mp4,138,0,0,-0.5448951246628706
V15.mp4,139,0,0,-0.5924749302279833
V15.mp4,140,0,0,-0.5544814545598005
V15.mp4,141,0,0,-0.730703263546925
V15.mp4,142,0,0,-0.43833212310458536
V15.mp4,143,0,0,-0.7359395411964231
V15.mp4,144,0,0,-1.2301653244015474
V15.mp4,145,0,0,-1.322342621142146
V15.mp4,146,0,0,-1.3229606722963392
V15.mp4,147,0,0,-1.4337941352813008
V15.mp4,148,0,0,-1.8943028348251172
V15.mp4,149,0,0,-1.59749722491794
V15.mp4,150,0,0,-1.3390923339128853
V15.mp4,151,0,0,-0.8562593782598658
V15.mp4,152,0,0,-0.6812624661476651
V15.mp4,153,0,0,-0.9402855583188313
V15.mp4,154,0,0,-0.7434928941947763
V15.mp4,155,0,0,-1.5157252039846973
V15.mp4,156,0,0,-1.6263864374543564
V15.mp4,157,0,0,-1.3579376454165577
V15.mp4,158,0,0,-0.7696798385657402
V15.mp4,159,0,0,-0.743042787229434
V15.mp4,160,0,0,-0.14260067077605365
V15.mp4,161,0,0,-0.5522299753053999
V15.mp4,162,0,0,-0.7614336687539719
V15.mp4,163,0,0,-0.946679212692332
V15.mp4,164,0,0,-0.7484785427900302
V15.mp4,165,0,0,-0.9394677620271368
V15.mp4,166,0,0,-0.964249295300222
V15.mp4,167,0,0,-1.257310097163852
V15.mp4,168,0,0,-2.060372870816554
V15.mp4,169,0,0,-1.9059634338034526
V15.mp4,170,0,0,-1.54762211823519
V15.mp4,171,0,0,-1.7019398690096599
V15.mp4,172,0,0,-1.746531332920269
V15.mp4,173,0,0,-1.6959867406680083
V15.mp4,174,0,0,-1.8306872945746777
V15.mp4,175,0,0,-1.8877783384535134
V15.mp4,176,0,0,-2.2754288281071013
V15.mp4,177,0,0,-2.2969324048167854
V15.mp4,178,0,0,-2.4480028025694955
V15.mp4,179,0,0,-2.5550192388600297
V15.mp4,180,0,0,-2.180988839222656
V15.mp4,181,0,0,-2.488436262463204
V15.mp4,182,0,0,-2.380065848716904
V15.mp4,183,0,0,-2.4281598810894156
V15.mp4,184,0,0,-2.5024470404751202
V15.mp4,185,0,0,-2.349677698908876
V15.mp4,186,0,0,-2.4504915358429233
V15.mp4,187,0,0,-2.5503430476635
V15.mp4,188,0,0,-2.7864784354277483
V15.mp4,189,0,0,-2.5960736692319393
V15.mp4,190,0,0,-2.6444606514131994
V15.mp4,191,0,0,-2.360305989187483
V15.mp4,192,0,0,-2.2257818930480773
V16.mp4,1,0,0,-1.041731626592317
V16.mp4,2,0,0,-0.3944461410076734
V16.mp4,3,0,0,-0.8827489067590082
V16.mp4,4,0,0,-1.8138106289562934
V16.mp4,5,0,0,-1.2187004251755058
V16.mp4,6,0,0,-1.7273363378478548
V16.mp4,7,0,0,-1.3400309688405663
V16.mp4,8,0,0,-1.8539119654832805
V16.mp4,9,0,0,-0.9168009552036698
V16.mp4,10,0,0,-0.19398919329917597
V16.mp4,11,0,0,-0.9931507601044276
V16.mp4,12,0,0,-1.8150972564487566
V16.mp4,13,0,0,-1.1144637733165337
V16.mp4,14,0,0,-0.295542359767863
V16.mp4,15,0,0,-0.881914487879617
V16.mp4,16,0,0,-0.5020199218412434
V16.mp4,17,0,0,-1.2066896309827222
V16.mp4,18,0,0,-1.7253668435033662
V16.mp4,19,0,0,-2.5609788751101146
V16.mp4,20,0,0,-2.4594351438353477
V16.mp4,21,0,0,-1.76782314846738
V16.mp4,22,0,0,-1.759381436449203
V16.mp4,23,0,0,-1.197824949811082
V16.mp4,24,0,0,-1.1738854347904204
V16.mp4,25,0,0,-1.2586440876209564
V16.mp4,26,0,0,-0.7410512027841942
V16.mp4,27,0,0,-0.5282037176566676
V16.mp4,28,0,0,-0.11487580445808265
V16.mp4,29,0,0,-0.029984724278796948
V16.mp4,30,0,0,-0.3621655882632584
V16.mp4,31,0,0,-0.03927519537920943
V16.mp4,32,0,0,-0.6225587496604362
V16.mp4,33,0,0,-1.5216274647967472
V16.mp4,34,0,0,-0.5909196137979099
V16.mp4,35,0,0,-0.4005380877794489
V16.mp4,36,0,0,-0.4258325916645549
V16.mp4,37,0,0,-0.7840719909767454
V16.mp4,38,0,0,-1.0914758398872682
V16.mp4,39,0,0,-1.289016094524548
V16.mp4,40,0,0,-0.1494769980710946
V16.mp4,41,0,0,-0.20146231272170212
V16.mp4,42,0,0,-0.646133077900797
V16.mp4,43,0,0,-0.31225309921422983
V16.mp4,44,0,0,-0.6779027507209423
V16.mp4,45,0,0,-0.5616058074972798
V16.mp4,46,0,0,-0.5885943587173614
V16.mp4,47,0,0,-0.4398927425338295
V16.mp4,48,0,0,-0.7374614679664023
V16.mp4,49,0,0,-0.7026485214148364
V16.mp4,50,0,0,-1.5297954360153205
V16.mp4,51,0,0,-2.2270877990247113
V16.mp4,52,0,0,-1.3770393621130539
V16.mp4,53,0,0,-0.7843288494660027
V16.mp4,54,0,0,-0.5852816219579831
V16.mp4,55,0,0,-1.3380111205410177
V16.mp4,56,0,0,-1.7033913643506176
V16.mp4,57,0,0,-0.854760145583285
V16.mp4,58,0,0,-0.9591418789981447
V16.mp4,59,0,0,-1.9021504112408392
V16.mp4,60,0,0,-1.8812434786172523
V16.mp4,61,0,0,-1.625766287702715
V16.mp4,62,0,0,-1.6274595993651229
V16.mp4,63,0,0,-1.5086475607894017
V16.mp4,64,0,0,-1.7670918933754904
V16.mp4,65,0,0,-1.7894696130482377
V16.mp4,66,0,0,-1.7448381312353494
V16.mp4,67,0,0,-1.7157196171618012
V16.mp4,68,0,0,-1.9676145253036545
V16.mp4,69,0,0,-2.445053804067525
V16.mp4,70,0,0,-2.1965191768240087
V16.mp4,71,0,0,-1.2117218618361
V16.mp4,72,0,0,-1.0767939418580115
V16.mp4,73,0,0,-0.28279149112552115
V16.mp4,74,0,1,0.2978235824974049
V16.mp4,75,0,1,0.544854439256214
V16.mp4,76,0,1,0.5573984833247789
V16.mp4,77,0,1,1.1421530052151718
V16.mp4,78,0,1,0.4582406792043143
V16.mp4,79,0,1,0.6017295614711262
V16.mp4,80,0,1,0.7939998722207853
V16.mp4,81,0,1,0.5883299220900908
V16.mp4,82,0,1,0.6053023821326056
V16.mp4,83,0,1,0.25308696174013656
V16.mp4,84,0,0,-0.4523650498139137
V16.mp4,85,0,0,-1.4285237349581565
V16.mp4,86,0,0,-1.8269023501754116
V16.mp4,87,0,0,-1.2314066020112542
V16.mp4,88,0,0,-0.4506233547647881
V16.mp4,89,0,0,-0.6067771771962827
V16.mp4,90,0,0,-0.3986655990108974
V16.mp4,91,0,0,-0.7517545949277878
V16.mp4,92,0,0,-0.7286578429927631
V16.mp4,93,0,0,-0.870556904370517
V16.mp4,94,0,0,-0.7002249819635097
V16.mp4,95,0,0,-0.8329298777203076
V16.mp4,96,0,0,-1.4426949789602557
V16.mp4,97,0,0,-1.4766913291406127
V16.mp4,98,0,0,-1.032924040488687
V16.mp4,99,0,0,-1.4413691208493435
V16.mp4,100,0,0,-1.9031463829204731
V16.mp4,101,0,0,-1.7033046574785788
V16.mp4,102,0,0,-1.3359268858636881
V16.mp4,103,0,0,-0.9198574963723126
V16.mp4,104,0,0,-1.0579579668661578
V16.mp4,105,0,0,-0.8567462778275758
V16.mp4,106,0,0,-0.7520569132671372
V16.mp4,107,0,1,0.04464564941916649
V16.mp4,108,0,0,-0.9727355861945091
V16.mp4,109,0,0,-1.1147369388284325
V16.mp4,110,0,0,-1.3098970276379769
V16.mp4,111,0,0,-1.5192533704324918
V16.mp4,112,0,0,-2.1378823141039582
V16.mp4,113,0,0,-2.0763542963048622
V16.mp4,114,0,0,-2.3981057631329605
V16.mp4,115,0,0,-3.064996294066087
V16.mp4,116,0,0,-3.4962193164011577
V16.mp4,117,0,0,-4.006282625083905
V16.mp4,118,0,0,-3.3055438151074967
V16.mp4,119,0,0,-2.045918624504172
V16.mp4,120,0,0,-1.9439672557477512
V16.mp4,121,0,0,-1.3716461080810407
V16.mp4,122,0,0,-1.275604066031101
V16.mp4,123,0,0,-2.116778619471372
V16.mp4,124,0,0,-1.8998045415583156
V16.mp4,125,0,0,-0.5055250892798083
V16.mp4,126,0,0,-0.818989295646978
V16.mp4,127,0,0,-0.4968360115722805
V16.mp4,128,0,0,-0.22411146049013864
V16.mp4,129,0,0,-0.4102927883714458
V16.mp4,130,0,0,-0.09410541940740269
V16.mp4,131,0,0,-0.36420622850598816
V16.mp4,132,0,0,-1.1352581576579606
V16.mp4,133,0,0,-0.3065852972779286
V16.mp4,134,0,0,-0.7612106606849603
V16.mp4,135,0,0,-0.6313999465254099
V16.mp4,136,0,0,-0.9824431806628344
V16.mp4,137,0,0,-1.3879304274090263
V16.mp4,138,0,0,-1.255296712155852
V16.mp4,139,0,0,-1.2822858096274101
V16.mp4,140,0,0,-0.8708265743506414
V16.mp4,141,0,0,-0.7729430817716275
V16.mp4,142,0,0,-0.11813628995554959
V16.mp4,143,0,0,-1.6471729939855289
V16.mp4,144,0,0,-1.2589452516936663
V16.mp4,145,0,0,-0.8516998786259606
V16.mp4,146,0,0,-0.677818886415189
V16.mp4,147,0,0,-0.24936334981985597
V16.mp4,148,0,1,0.0990536591295661
V16.mp4,149,0,0,-0.1725344736073291
V16.mp4,150,0,0,-0.5270521702874238
V16.mp4,151,0,1,0.21009570523184973
V16.mp4,152,0,0,-0.04952703259503077
V16.mp4,153,0,0,-1.127680436709869
V16.mp4,154,0,0,-0.9527242935293848
V16.mp4,155,0,0,-1.1940963991920392
V16.mp4,156,1,1,0.017506009058375627
V16.mp4,157,1,1,0.4610581231415214
V16.mp4,158,1,1,0.9892027655078284
V16.mp4,159,1,1,1.3865404620313653
V16.mp4,160,1,1,1.7312768247000196
V16.mp4,161,0,1,1.7036516874120342
V16.mp4,162,0,1,0.9926150283259205
V16.mp4,163,0,1,1.142275109468018
V16.mp4,164,0,1,1.2343964920391741
V16.mp4,165,0,1,1.0666303867235012
V16.mp4,166,0,1,0.522516424626108
V16.mp4,167,0,1,0.30188558134260224
V16.mp4,168,0,1,0.15802310392401542
V16.mp4,169,0,1,0.007140273201993175
V16.mp4,170,0,0,-0.05578501807933467
V16.mp4,171,0,0,-0.4252872132839116
V16.mp4,172,0,0,-0.4119220599986275
V16.mp4,173,0,0,-0.3994606168349022
V16.mp4,174,0,0,-0.31276682245659115
V16.mp4,175,0,0,-0.9559024464996931
V16.mp4,176,0,0,-1.71005557026311
V16.mp4,177,0,0,-1.7043324805655478
V16.mp4,178,0,0,-1.2713636572644698
V16.mp4,179,0,0,-1.4098396904941324
V16.mp4,180,0,0,-0.6861907162857681
V16.mp4,181,0,0,-0.6492142963171693
V16.mp4,182,0,0,-0.5314263654819054
V16.mp4,183,0,0,-0.8883685482187575
V16.mp4,184,0,1,0.34989206946681306
V16.mp4,185,0,0,-0.1880270800447168
V16.mp4,186,0,0,-0.0594412293055131
V16.mp4,187,0,0,-0.5704861819192402
V16.mp4,188,0,0,-1.155964528738005
V16.mp4,189,0,0,-1.2724806363178003
V16.mp4,190,0,0,-0.34728959928751024
V16.mp4,191,0,1,0.6459082042743227
V16.mp4,192,0,1,0.680029836314151
V16.mp4,193,0,1,0.6660725587859537
V16.mp4,194,0,1,0.22568796123224644
V16.mp4,195,0,1,0.11204492160408974
V16.mp4,196,0,1,0.4409555029028067
V16.mp4,197,0,0,-0.5827553304600352
V16.mp4,198,0,0,-0.38741300938497436
V16.mp4,199,0,0,-0.8520185902126367
V16.mp4,200,0,0,-1.4486021159969704
V16.mp4,201,0,0,-1.3445601241551821
V16.mp4,202,0,0,-1.1294192628100166
V16.mp4,203,0,0,-1.0770888958312064
V16.mp4,204,0,0,-0.40494954511943004
V16.mp4,205,0,0,-0.5377105761457412
V16.mp4,206,0,1,0.014227194047722103
V16.mp4,207,0,0,-0.4758281749741202
V16.mp4,208,0,0,-0.8403428754294506
V16.mp4,209,0,0,-0.9643942477477639
V16.mp4,210,0,0,-0.3940220473528122
V16.mp4,211,0,0,-0.6771040784204249
V16.mp4,212,0,0,-1.0974780186846071
V16.mp4,213,0,1,0.1691028245380286
V16.mp4,214,0,0,-0.4461472679252163
V16.mp4,215,0,1,0.022514800743368424
V16.mp4,216,0,0,-0.7178023486954536
V16.mp4,217,0,0,-0.26036882212997936
V16.mp4,218,0,0,-0.043903829312192055
V16.mp4,219,0,1,0.5296377795711056
V16.mp4,220,0,0,-0.07571397139234248
V16.mp4,221,0,0,-0.4601033771895695
V16.mp4,222,0,0,-0.7527563246690195
V16.mp4,223,0,0,-0.8730998940556766
V16.mp4,224,0,0,-0.7275599523706021
V16.mp4,225,0,0,-0.5157206853549627
V16.mp4,226,0,0,-0.28892451054327606
V16.mp4,227,0,0,-0.440171540507418
V16.mp4,228,0,0,-0.8259095601963329
V16.mp4,229,0,0,-0.41889093793158616
V16.mp4,230,0,0,-0.2222389800868032
V16.mp4,231,0,0,-0.7438737949998234
V16.mp4,232,0,0,-0.22671068215628987
V16.mp4,233,0,1,0.07630516415846378
V16.mp4,234,0,1,0.6004425999334027
V16.mp4,235,0,1,0.49234464826024604
V16.mp4,236,0,1,1.2541385736544028
V16.mp4,237,0,1,1.2830238906275482
V16.mp4,238,0,1,1.4449354737492275
V17.mp4,1,0,0,-1.4300533035517584
V17.mp4,2,0,0,-1.3070577312051204
V17.mp4,3,0,0,-1.49716670063869
V17.mp4,4,0,0,-0.8338561421140305
V17.mp4,5,0,0,-1.3864860529425995
V17.mp4,6,0,0,-1.0368233075751367
V17.mp4,7,0,0,-0.9080732021567504
V17.mp4,8,0,0,-1.537063969893295
V17.mp4,9,0,0,-1.6162615208429028
V17.mp4,10,0,0,-1.3862858536416551
V17.mp4,11,0,0,-1.131390397799164
V17.mp4,12,0,0,-1.3737916259687089
V17.mp4,13,0,0,-0.688669882426663
V17.mp4,14,0,0,-1.051753791446131
V17.mp4,15,0,0,-1.1529648581580363
V17.mp4,16,0,0,-0.882510927950538
V17.mp4,17,0,0,-0.8473467549749929
V17.mp4,18,0,0,-0.6159158887914082
V17.mp4,19,0,0,-0.736396081668505
V17.mp4,20,0,0,-1.2300911850821294
V17.mp4,21,0,0,-0.8794709417542488
V17.mp4,22,0,0,-0.7401686393850432
V17.mp4,23,0,0,-0.6992142413846063
V17.mp4,24,0,0,-0.8456377133120073
V17.mp4,25,0,1,0.23544709678266407
V17.mp4,26,0,0,-0.37073512474445725
V17.mp4,27,0,0,-0.4269856540282939
V17.mp4,28,0,0,-1.0243604761402527
V17.mp4,29,0,0,-0.9155964217519932
V17.mp4,30,0,0,-0.43315052334238047
V17.mp4,31,0,0,-0.3628709139213533
V17.mp4,32,0,0,-0.6531547590634621
V17.mp4,33,0,0,-1.2861030293588505
V17.mp4,34,0,0,-0.9805518322150988
V17.mp4,35,0,0,-1.054272801689961
V17.mp4,36,0,0,-1.2052372718961069
V17.mp4,37,0,0,-1.4233993832856144
V17.mp4,38,0,0,-1.488770444351504
V17.mp4,39,0,0,-1.611888045569926
V17.mp4,40,0,0,-1.346677743421394
V17.mp4,41,0,0,-1.260516064270062
V17.mp4,42,0,0,-1.347008457712942
V17.mp4,43,0,0,-1.5741036731900635
V17.mp4,44,0,0,-1.8888620455357603
V17.mp4,45,0,0,-1.4984070143031363
V17.mp4,46,0,0,-0.7687992333044926
V17.mp4,47,0,0,-0.9298751257043536
V17.mp4,48,0,0,-1.2434526779474289
V17.mp4,49,0,0,-1.277689841919294
V17.mp4,50,0,0,-0.7214270035198392
V17.mp4,51,0,0,-0.7823595210243494
V17.mp4,52,0,0,-1.0626889977802176
V17.mp4,53,0,0,-1.547059033225518
V17.mp4,54,0,0,-1.5281996586646238
V17.mp4,55,0,0,-2.0146044305835606
V17.mp4,56,0,0,-2.4005352447252237
V17.mp4,57,0,0,-2.4925492921163492
V17.mp4,58,0,0,-1.8756458332823542
V17.mp4,59,0,0,-1.2089740804917117
V17.mp4,60,0,0,-1.3296607848021789
V17.mp4,61,0,0,-1.580205660919391
V17.mp4,62,0,0,-0.9864955877021109
V17.mp4,63,0,0,-1.0323140340012933
V17.mp4,64,0,0,-1.140167161346394
V17.mp4,65,0,0,-0.702544143573232
V17.mp4,66,0,0,-0.8183230232131359
V17.mp4,67,0,0,-1.2193933921260172
V17.mp4,68,0,0,-0.4375856643025088
V17.mp4,69,0,0,-0.947862376346015
V17.mp4,70,0,0,-0.9177665730024375
V17.mp4,71,0,0,-1.3968004589613283
V17.mp4,72,0,0,-1.1608550035588192
V17.mp4,73,0,0,-0.8476387164110757
V17.mp4,74,0,0,-0.952827340150097
V17.mp4,75,0,0,-0.5127166372796873
V17.mp4,76,0,0,-0.294831897006435
V17.mp4,77,0,0,-0.07867279229202584
V17.mp4,78,0,0,-0.3888292785716292
V17.mp4,79,0,0,-1.1776497648156716
V17.mp4,80,0,0,-1.2891727212051138
V17.mp4,81,0,0,-1.2213793321626947
V17.mp4,82,0,0,-0.9145407011352125
V17.mp4,83,0,0,-1.3782546876476927
V17.mp4,84,0,0,-1.0562734858884708
V17.mp4,85,0,0,-0.9098090854611112
V17.mp4,86,0,0,-0.7838310093096589
V17.mp4,87,0,0,-0.654934072525193
V17.mp4,88,0,0,-1.079856530054284
V17.mp4,89,0,0,-1.0075408475155787
V17.mp4,90,0,0,-0.6708202459605059
V17.mp4,91,0,0,-0.3770432182910497
V17.mp4,92,0,0,-0.18017049246917072
V17.mp4,93,0,1,0.1504039654439151
V17.mp4,94,0,1,0.24241992570904602
V17.mp4,95,0,0,-0.07150564988451924
V17.mp4,96,0,0,-0.6272975710703098
V17.mp4,97,0,0,-0.5467930620288926
V17.mp4,98,0,0,-0.35479022672278715
V17.mp4,99,0,1,0.09559272286076803
V17.mp4,100,0,0,-0.5319314306747934
V17.mp4,101,0,0,-1.2749704590466295
V17.mp4,102,0,0,-1.2621718710505554
V17.mp4,103,0,0,-1.7478632604052096
V17.mp4,104,0,0,-1.7169593626416004
V17.mp4,105,0,0,-1.7915033409697547
V17.mp4,106,0,0,-1.4973798850958322
V17.mp4,107,0,0,-1.2721190460406757
V17.mp4,108,0,0,-0.9206175875489927
V17.mp4,109,0,0,-0.4467335634033863
V17.mp4,110,0,0,-0.21538668639144776
V17.mp4,111,0,0,-0.8131833604714169
V17.mp4,112,0,0,-0.3009114812799649
V17.mp4,113,0,1,0.01146575436713504
V17.mp4,114,0,0,-0.09081443182249216
V17.mp4,115,0,0,-0.20275500572227156
V17.mp4,116,0,0,-0.007707093315039604
V17.mp4,117,0,0,-0.02389388369126788
V17.mp4,118,0,1,0.18677169443805264
V17.mp4,119,0,1,0.016204129300267267
V17.mp4,120,0,0,-0.2343010901796716
V17.mp4,121,0,0,-0.24594833589606302
V17.mp4,122,0,0,-0.33315596824637184
V17.mp4,123,0,0,-1.0983743955454655
V17.mp4,124,0,0,-1.2237299391709509
V17.mp4,125,0,0,-0.9242909371041854
V17.mp4,126,0,0,-0.8816469790382072
V17.mp4,127,0,0,-1.445264372199615
V17.mp4,128,1,0,-0.9690491016047984
V17.mp4,129,1,0,-0.737829614207719
V17.mp4,130,1,0,-1.3909022108922295
V17.mp4,131,1,0,-1.5772883498766224
V17.mp4,132,1,0,-1.391141225865712
V17.mp4,133,0,0,-1.0454344622241531
V17.mp4,134,0,0,-0.6681278300077459
V17.mp4,135,0,0,-0.9432158714043786
V17.mp4,136,0,0,-1.4960789868928486
V17.mp4,137,0,0,-1.3084276871823908
V17.mp4,138,0,0,-1.5023214776355156
V17.mp4,139,0,0,-1.5704374333081503
V17.mp4,140,0,0,-1.5463221928144724
V17.mp4,141,0,0,-1.8249474526853597
V17.mp4,142,0,0,-1.552043560633781
V17.mp4,143,0,0,-1.1849358312865108
V17.mp4,144,0,0,-1.6325511183492927
V17.mp4,145,0,0,-1.2191709518434088
V17.mp4,146,0,0,-0.6171322593383027
V17.mp4,147,0,0,-0.6798913939966429
V17.mp4,148,0,0,-0.9910661936362963
V17.mp4,149,0,0,-0.3083074067907394
V17.mp4,150,0,0,-0.6902188864288121
V17.mp4,151,0,0,-1.3886153864020638
V17.mp4,152,0,0,-0.9593672960046243
V17.mp4,153,0,0,-1.2512697926924274
V17.mp4,154,0,0,-1.1215331278948732
V17.mp4,155,0,0,-1.0886028866931536
V17.mp4,156,0,0,-1.5280978309317765
V17.mp4,157,0,0,-1.0100724108425547
V17.mp4,158,0,0,-1.533046567668506
V17.mp4,159,0,0,-1.3654800561711453
V17.mp4,160,0,0,-1.4979955464643633
V17.mp4,161,0,0,-1.2739614299391195
V17.mp4,162,0,0,-0.629823903435563
V17.mp4,163,0,0,-1.0813902226298957
V17.mp4,164,0,0,-1.1071372444424876
V17.mp4,165,0,0,-1.2173924157893563
V17.mp4,166,0,0,-0.9345767010024715
V17.mp4,167,0,0,-1.120003129129673
V17.mp4,168,0,0,-1.7536676953618973
V17.mp4,169,0,0,-1.6511357432939293
V17.mp4,170,0,0,-1.8767761036819341
V17.mp4,171,0,0,-1.7266617163563032
V17.mp4,172,0,0,-1.6158305536983886
V17.mp4,173,0,0,-1.9805491647436166
V17.mp4,174,0,0,-0.7849997796394284
V17.mp4,175,0,0,-0.633893603131753
V17.mp4,176,0,0,-0.4609703165516089
V17.mp4,177,0,0,-0.660125703221409
V17.mp4,178,0,0,-0.34972769442120666
V17.mp4,179,0,0,-0.09014945639061978
V17.mp4,180,0,0,-0.7155994646808752
V17.mp4,181,0,0,-0.29152179409842915
V17.mp4,182,0,0,-0.20260433649657017
V17.mp4,183,0,0,-0.7638502115895291
V17.mp4,184,0,0,-1.3240433915841048
V17.mp4,185,0,0,-1.5330987759928596
V17.mp4,186,0,0,-1.5860846621818985
V17.mp4,187,0,0,-1.5774827588312963
V17.mp4,188,0,0,-1.7744805386427103
V17.mp4,189,0,0,-1.9723447675475247
V17.mp4,190,0,0,-1.3162758662534073
V17.mp4,191,0,0,-1.2178846726923749
V17.mp4,192,0,0,-0.7549771395467718
V17.mp4,193,0,0,-0.761434995700054
V17.mp4,194,0,0,-0.2416180385587674
V17.mp4,195,0,0,-0.587321403170382
V17.mp4,196,0,0,-0.3493596708052129
V17.mp4,197,0,0,-0.8315185327676018
V17.mp4,198,0,0,-1.1866225097165428
V17.mp4,199,0,0,-1.226422140395818
V17.mp4,200,0,0,-0.7275437561228628
V17.mp4,201,0,0,-1.096592165497492
V17.mp4,202,0,0,-0.9676575731815802
V17.mp4,203,0,0,-1.3827157343169838
V17.mp4,204,0,0,-1.560171524390106
V17.mp4,205,0,0,-0.32486305721871256
V17.mp4,206,0,0,-0.06213186560982775
V17.mp4,207,0,0,-0.8561710559588347
V17.mp4,208,0,0,-0.9102448127623542
V17.mp4,209,0,0,-0.6385086549843932
V17.mp4,210,0,0,-0.29580045058226045
V17.mp4,211,0,0,-0.7669833185743269
V17.mp4,212,0,0,-1.0139728251192626
V17.mp4,213,0,0,-1.2958368054860574
V18.mp4,1,0,0,-3.0450566385690783
V18.mp4,2,0,0,-2.617089534138751
V18.mp4,3,0,0,-3.0846053876371435
V18.mp4,4,0,0,-2.938540083646804
V18.mp4,5,0,0,-3.055559781064207
V18.mp4,6,0,0,-2.8445880447749787
V18.mp4,7,0,0,-2.8799251361202653
V18.mp4,8,0,0,-2.9698207391833416
V18.mp4,9,0,0,-2.9946340893477066
V18.mp4,10,0,0,-3.5757348653161607
V18.mp4,11,0,0,-3.2112433480796976
V18.mp4,12,0,0,-3.355403486980778
V18.mp4,13,0,0,-2.677450922948536
V18.mp4,14,0,0,-2.8847856881617884
V18.mp4,15,0,0,-2.8000760232343125
V18.mp4,16,0,0,-2.8733895228496733
V18.mp4,17,0,0,-3.219897224892171
V18.mp4,18,0,0,-2.509872231425061
V18.mp4,19,0,0,-3.13846797677126
V18.mp4,20,0,0,-3.582177207376252
V18.mp4,21,0,0,-3.4361531527872806
V18.mp4,22,0,0,-2.8209160956464316
V18.mp4,23,0,0,-3.154497412578971
V18.mp4,24,0,0,-3.1918453025282347
V18.mp4,25,0,0,-3.2499507974687525
V18.mp4,26,0,0,-3.4943727472707122
V18.mp4,27,0,0,-2.949000358875467
V18.mp4,28,0,0,-2.8053247283592695
V18.mp4,29,0,0,-2.7787551488939513
V18.mp4,30,0,0,-2.765702513993878
V18.mp4,31,0,0,-2.559173666564826
V18.mp4,32,0,0,-2.9263192387612174
V18.mp4,33,0,0,-2.8587539635621635
V18.mp4,34,0,0,-2.4752490578475954
V18.mp4,35,0,0,-2.721368240643569
V18.mp4,36,0,0,-3.1438191720662605
V18.mp4,37,0,0,-2.7758671021336614
V18.mp4,38,0,0,-2.6777611421244365
V18.mp4,39,0,0,-2.746709553984061
V18.mp4,40,0,0,-2.8385665933342574
V18.mp4,41,0,0,-3.0331412849990658
V18.mp4,42,0,0,-2.821359483840798
V18.mp4,43,0,0,-3.0082125298602316
V18.mp4,44,0,0,-3.511359965352053
V18.mp4,45,0,0,-3.1371131743555245
V18.mp4,46,0,0,-2.808760625158201
V18.mp4,47,0,0,-3.022662504327491
V18.mp4,48,0,0,-3.2518209152071735
V18.mp4,49,0,0,-2.741491881983845
V18.mp4,50,0,0,-2.8445278313383846
V18.mp4,51,0,0,-2.4540748329425064
V18.mp4,52,0,0,-2.461267928837372
V18.mp4,53,0,0,-2.6334792156939884
V18.mp4,54,0,0,-2.692822136329669
V18.mp4,55,0,0,-2.8108135163060957
V18.mp4,56,0,0,-2.703759076214296
V18.mp4,57,0,0,-3.092342630526767
V18.mp4,58,0,0,-2.0898152164297823
V18.mp4,59,0,0,-1.8268110368345447
V18.mp4,60,0,0,-2.2423197892667965
V18.mp4,61,0,0,-2.663212923627813
V18.mp4,62,0,0,-2.4616725780761364
V18.mp4,63,0,0,-2.3289290042465245
V18.mp4,64,0,0,-2.3852106374326634
V18.mp4,65,0,0,-2.0691373031153217
V18.mp4,66,0,0,-1.7418749975292591
V18.mp4,67,0,0,-2.5439609703803865
V18.mp4,68,0,0,-2.3809175544168295
V18.mp4,69,0,0,-2.403268870726072
V18.mp4,70,0,0,-1.8065087737240721
V18.mp4,71,0,0,-1.298238086259599
V18.mp4,72,0,0,-1.842087464906096
V18.mp4,73,0,0,-1.867149066710566
V18.mp4,74,0,0,-1.2828262387659022
V18.mp4,75,1,0,-1.4341236116952727
V18.mp4,76,1,0,-1.9118458996758179
V18.mp4,77,1,0,-1.3316217766156901
V18.mp4,78,1,0,-1.6997898225482668
V18.mp4,79,1,0,-1.9865697720000397
V18.mp4,80,0,0,-1.510104382962831
V18.mp4,81,0,0,-0.9613636651754984
V18.mp4,82,0,0,-0.82844299698462
V18.mp4,83,0,0,-1.0012291967911802
V18.mp4,84,0,0,-0.7934544803660799
V18.mp4,85,0,0,-1.6047672435938836
V18.mp4,86,0,0,-1.8771145916136978
V18.mp4,87,0,0,-2.173973922139365
V18.mp4,88,0,0,-2.3276358292674466
V18.mp4,89,0,0,-2.368547046303849
V18.mp4,90,0,0,-1.9487538329841514
V18.mp4,91,0,0,-1.9276852448183255
V18.mp4,92,0,0,-1.8164902580576396
V18.mp4,93,0,0,-2.2559330755786116
V18.mp4,94,0,0,-2.068849050485852
V18.mp4,95,0,0,-2.5370389045657373
V18.mp4,96,0,0,-2.7639403116180046
V18.mp4,97,0,0,-2.528926296591325
V18.mp4,98,0,0,-2.182458127785474
V18.mp4,99,0,0,-2.730571808002799
V18.mp4,100,0,0,-2.791758710265884
V18.mp4,101,0,0,-2.440752311574558
V18.mp4,102,0,0,-1.8482750535613568
V18.mp4,103,0,0,-1.7791967043890669
V18.mp4,104,0,0,-1.8094582351133819
V18.mp4,105,0,0,-1.6615704156933921
V18.mp4,106,0,0,-1.0604820116441052
V18.mp4,107,0,0,-1.072691087599521
V18.mp4,108,0,0,-1.4083510404239632
V18.mp4,109,0,0,-1.5598762612085473
V18.mp4,110,0,0,-1.5215410978453314
V18.mp4,111,0,0,-1.4331883419825715
V18.mp4,112,0,0,-1.1666640858565722
V18.mp4,113,0,0,-1.0817624381135675
V18.mp4,114,0,0,-0.9864778582864551
V18.mp4,115,0,0,-1.0870265911610333
V18.mp4,116,0,0,-1.3245721336494556
V18.mp4,117,0,0,-1.4616932267671472
V18.mp4,118,0,0,-1.6765277885469174
V18.mp4,119,0,0,-2.1130168509335396
V18.mp4,120,0,0,-2.2710720156834774
V18.mp4,121,0,0,-2.1522724729449716
V18.mp4,122,0,0,-1.69685649853667
V18.mp4,123,0,0,-2.0856156023053556
V18.mp4,124,0,0,-2.0169965198910993
V18.mp4,125,0,0,-2.074432307581751
V18.mp4,126,0,0,-2.055236772850854
V18.mp4,127,0,0,-2.1972338222006176
V18.mp4,128,0,0,-2.3826894230559033
V18.mp4,129,0,0,-2.434486992715616
V18.mp4,130,0,0,-2.1450971621194945
V18.mp4,131,0,0,-2.45951268393162
V18.mp4,132,0,0,-2.915344949744017
V18.mp4,133,0,0,-2.414166410543559
V18.mp4,134,0,0,-2.4560844912575766
V18.mp4,135,0,0,-2.7579604999765563
V18.mp4,136,0,0,-2.61076844002304
V18.mp4,137,0,0,-2.6570092461721213
V18.mp4,138,0,0,-2.5614727406980116
V18.mp4,139,0,0,-2.6907493285109165
V18.mp4,140,0,0,-2.292422600597921
V18.mp4,141,0,0,-1.9792417948055347
V18.mp4,142,0,0,-2.0719950498431556
V18.mp4,143,0,0,-2.525929659608156
V18.mp4,144,0,0,-2.6745515174633043
V18.mp4,145,0,0,-2.4673625108262964
V18.mp4,146,0,0,-2.531565367640372
V18.mp4,147,0,0,-2.296174807760682
V18.mp4,148,0,0,-2.0613029051333833
V18.mp4,149,0,0,-2.2130204866087038
V18.mp4,150,0,0,-2.035833890261725
V18.mp4,151,0,0,-2.1073288373514343
V18.mp4,152,0,0,-2.471838124405254
V18.mp4,153,0,0,-2.1335209268588877
V18.mp4,154,0,0,-2.3699613540100213
V18.mp4,155,0,0,-2.2938589441341968
V18.mp4,156,0,0,-2.4059551693918313
V18.mp4,157,0,0,-2.3313654662660257
V18.mp4,158,0,0,-2.645937849416553
V18.mp4,159,0,0,-2.5551363039035224
V18.mp4,160,0,0,-2.9657680912881106
V18.mp4,161,0,0,-2.835605648017091
V18.mp4,162,0,0,-2.0191063505021463
V18.mp4,163,0,0,-1.7758260562253718
V18.mp4,164,0,0,-2.035562005778668
V18.mp4,165,0,0,-1.937848129029976
V18.mp4,166,0,0,-1.5532171166865305
V18.mp4,167,0,0,-1.5468936640890039
V18.mp4,168,0,0,-2.3001322037951093
V18.mp4,169,0,0,-2.5772898072599895
V18.mp4,170,0,0,-2.2706553216810708
V18.mp4,171,0,0,-2.5664383123575023
V18.mp4,172,0,0,-2.0454608170651074
V18.mp4,173,0,0,-2.6053250712908262
V18.mp4,174,0,0,-1.6611545771231548
V18.mp4,175,0,0,-2.05865347784762
V18.mp4,176,0,0,-1.710403013905396
V18.mp4,177,0,0,-1.160358409570375
V18.mp4,178,0,0,-1.4973846526337655
V18.mp4,179,0,0,-1.7950839349683794
V18.mp4,180,0,0,-2.1234177440740125
V18.mp4,181,0,0,-1.4823829790965857
V18.mp4,182,0,0,-1.728719387925433
V18.mp4,183,0,0,-2.0287934934947227
V18.mp4,184,0,0,-2.0382143518061264
V18.mp4,185,0,0,-1.365363701036147
V18.mp4,186,0,0,-0.6428529217094261
V18.mp4,187,0,0,-0.8159033909107462
V18.mp4,188,0,0,-1.2111414783534211
V18.mp4,189,0,0,-0.21981893735482294
V18.mp4,190,0,1,0.03345453520290387
V18.mp4,191,0,0,-0.2298155088697531
V18.mp4,192,0,0,-0.6633038070596149
V18.mp4,193,0,0,-0.3108115218705154
V18.mp4,194,0,0,-0.3618603732279375
V18.mp4,195,0,0,-0.4329601422594431
V18.mp4,196,0,0,-0.9551957902450146
V19.mp4,1,0,0,-3.148536524687104
V19.mp4,2,0,0,-3.408162502448652
V19.mp4,3,0,0,-3.0409908681580187
V19.mp4,4,0,0,-3.1007357335730674
V19.mp4,5,0,0,-3.3678641697607388
V19.mp4,6,0,0,-2.791736091142427
V19.mp4,7,0,0,-2.6947332302861855
V19.mp4,8,0,0,-1.7038515341495155
V19.mp4,9,0,0,-1.6856403658285346
V19.mp4,10,0,0,-1.7787621773428293
V19.mp4,11,0,0,-1.8434637262179372
V19.mp4,12,0,0,-1.8367273663359
V19.mp4,13,0,0,-2.1781527196391153
V19.mp4,14,0,0,-2.2040054111966376
V19.mp4,15,0,0,-2.079732340108433
V19.mp4,16,0,0,-1.4639857112584123
V19.mp4,17,0,0,-0.9858504864393074
V19.mp4,18,0,0,-1.3536231368075407
V19.mp4,19,0,0,-1.6977106515420641
V19.mp4,20,0,0,-1.9258076991726334
V19.mp4,21,0,0,-1.9404831039806347
V19.mp4,22,0,0,-2.270167061973951
V19.mp4,23,0,0,-1.6487268698117739
V19.mp4,24,0,0,-1.7845462740406075
V19.mp4,25,0,0,-1.9289996555854867
V19.mp4,26,0,0,-1.7571160604259775
V19.mp4,27,0,0,-1.567172296124544
V19.mp4,28,0,0,-1.8299678709389653
V19.mp4,29,0,0,-1.2780307034257608
V19.mp4,30,0,0,-1.805326127349998
V19.mp4,31,0,0,-2.231223923256649
V19.mp4,32,0,0,-2.276978089837116
V19.mp4,33,0,0,-2.725645743743959
V19.mp4,34,0,0,-3.773313276370664
V19.mp4,35,0,0,-3.4564800740313153
V19.mp4,36,0,0,-3.2657016088567037
V19.mp4,37,0,0,-3.0959330558219147
V19.mp4,38,0,0,-3.2836990875313816
V19.mp4,39,0,0,-2.851544947101555
V19.mp4,40,0,0,-3.3692361033281166
V19.mp4,41,0,0,-2.998308070130608
V19.mp4,42,0,0,-3.1207349976744343
V19.mp4,43,0,0,-4.036422435967041
V19.mp4,44,0,0,-3.7515786672892677
V19.mp4,45,0,0,-3.947160476365987
V19.mp4,46,0,0,-3.3183615198334673
V19.mp4,47,0,0,-3.602654872586035
V19.mp4,48,0,0,-3.8287857051084035
V19.mp4,49,0,0,-3.178377389883307
V19.mp4,50,0,0,-2.655007469377105
V19.mp4,51,0,0,-3.7145487742517513
V19.mp4,52,0,0,-3.0600856277048427
V19.mp4,53,0,0,-2.3459706498750625
V19.mp4,54,0,0,-3.3162188205789835
V19.mp4,55,0,0,-3.6625832749883527
V19.mp4,56,0,0,-2.971843954241188
V19.mp4,57,0,0,-3.035118730591292
V19.mp4,58,0,0,-3.5883908758174456
V19.mp4,59,0,0,-4.031643118515383
V19.mp4,60,0,0,-2.7629063629602317
V19.mp4,61,0,0,-1.9349459435826124
V19.mp4,62,0,0,-0.9203797952484307
V19.mp4,63,0,0,-1.4672093853996768
V19.mp4,64,0,0,-1.0932135576634103
V19.mp4,65,0,0,-0.7606496752387164
V19.mp4,66,0,0,-0.8603339875691977
V19.mp4,67,0,0,-0.8443984038150365
V19.mp4,68,0,0,-0.9748188858632065
V19.mp4,69,0,0,-1.8346581707017564
V19.mp4,70,0,0,-2.3724892217284292
V19.mp4,71,0,0,-2.5320079011780314
V19.mp4,72,0,0,-2.901911576573096
V19.mp4,73,0,0,-2.777061477714521
V19.mp4,74,0,0,-1.9914644738036427
V19.mp4,75,0,0,-2.2049419453047507
V19.mp4,76,0,0,-1.9995262933628988
V19.mp4,77,0,0,-2.8406163234785433
V19.mp4,78,0,0,-2.1321848565918686
V19.mp4,79,0,0,-2.354538793864949
V19.mp4,80,0,0,-2.1903653307928406
V19.mp4,81,0,0,-1.7688724639819295
V19.mp4,82,0,0,-2.4981586641302993
V19.mp4,83,1,0,-1.9451322165390663
V19.mp4,84,1,0,-3.4904190483309288
V19.mp4,85,1,0,-2.6446650212624654
V19.mp4,86,1,0,-2.354638289086753
V19.mp4,87,1,0,-1.7747188690631108
V19.mp4,88,0,0,-2.5305717551551243
V19.mp4,89,0,0,-2.4113566884507844
V19.mp4,90,0,0,-1.6526766048879322
V19.mp4,91,0,0,-1.0485866873799967
V19.mp4,92,0,1,0.041690336767719716
V19.mp4,93,0,0,-0.18896135920037405
V19.mp4,94,0,0,-0.6811486998973488
V19.mp4,95,0,0,-0.11262421097679542
V19.mp4,96,0,0,-1.2726487886195355
V19.mp4,97,0,0,-0.7553210925247776
V19.mp4,98,0,0,-0.3702961804074312
V19.mp4,99,0,0,-1.1699313718789213
V19.mp4,100,0,0,-0.7826737260100768
V19.mp4,101,0,1,0.35498516915970035
V19.mp4,102,0,1,0.6534058082247747
V19.mp4,103,0,1,0.8278637469591648
V19.mp4,104,0,1,0.006376889946494657
V19.mp4,105,0,0,-0.4064014561329674
V19.mp4,106,0,1,0.8545807026792296
V19.mp4,107,0,1,0.7084199890597576
V19.mp4,108,0,1,0.9813466360528584
V19.mp4,109,0,0,-0.31110222558288414
V19.mp4,110,0,0,-0.8336647068181025
V19.mp4,111,0,0,-0.5155392620070898
V19.mp4,112,0,1,0.16662819089951997
V19.mp4,113,0,0,-1.0203098206320784
V19.mp4,114,0,0,-1.3952304317060298
V19.mp4,115,0,0,-1.7237768127961135
V19.mp4,116,0,0,-2.0957204840936154
V19.mp4,117,0,0,-2.303501723955138
V19.mp4,118,0,0,-1.8881455519924704
V19.mp4,119,0,0,-2.1967101607537494
V19.mp4,120,0,0,-1.8496278461185824
V19.mp4,121,0,0,-1.5513645398699145
V19.mp4,122,0,0,-1.5294051336994599
V19.mp4,123,0,0,-1.3176171855683072
V19.mp4,124,0,0,-1.3398708981321514
V19.mp4,125,0,0,-2.2985528606485315
V19.mp4,126,0,0,-2.199046413956989
V19.mp4,127,0,0,-0.9897757896534848
V19.mp4,128,0,0,-2.0892350796272656
V19.mp4,129,0,0,-1.4117490437514555
V19.mp4,130,0,0,-1.693070475682618
V19.mp4,131,0,1,0.08228830424417155
V19.mp4,132,0,0,-0.7383506420823437
V19.mp4,133,0,0,-1.0378253143890621
V19.mp4,134,0,0,-1.5650389604335395
V19.mp4,135,0,0,-1.2409334108385057
V19.mp4,136,0,0,-1.3669730362495176
V19.mp4,137,0,0,-1.7054552060453099
V19.mp4,138,0,0,-0.8784688511225572
V19.mp4,139,0,0,-1.3445813694270639
V19.mp4,140,0,0,-1.479274154273097
V19.mp4,141,0,0,-2.0460536248533723
V19.mp4,142,0,0,-1.9389427189312574
V19.mp4,143,0,0,-1.8238674793892096
V19.mp4,144,0,0,-2.0920087926921673
V19.mp4,145,0,0,-2.308163201928047
V19.mp4,146,0,0,-1.9205694364878674
V19.mp4,147,0,0,-1.9098442233954895
V19.mp4,148,0,0,-2.32840946353084
V19.mp4,149,0,0,-1.3658243769424951
V19.mp4,150,0,0,-2.328122065306636
V19.mp4,151,0,0,-2.137141994951954
V19.mp4,152,0,0,-2.4567556669772506
V19.mp4,153,0,0,-2.9510702055852436
V19.mp4,154,0,0,-3.4764463490025825
V19.mp4,155,0,0,-3.3066990086004022
V19.mp4,156,0,0,-3.2102955051313575
V19.mp4,157,0,0,-2.629147377747011
V19.mp4,158,0,0,-2.702832985352311
V19.mp4,159,0,0,-2.452266899794801
V19.mp4,160,0,0,-2.8875086453947576
V19.mp4,161,0,0,-1.8543108106411106
V19.mp4,162,0,0,-1.527200945930683
V19.mp4,163,0,0,-1.5141866031543612
V19.mp4,164,0,0,-1.6512958254964891
V19.mp4,165,0,0,-1.4058984634737148
V19.mp4,166,0,0,-1.9444308815900795
V19.mp4,167,0,0,-1.8882993888547213
V19.mp4,168,0,0,-1.3423183894828188
V19.mp4,169,0,0,-1.0616690263835524
V19.mp4,170,0,0,-1.7849464032470606
V19.mp4,171,0,0,-2.0745620172431476
V19.mp4,172,0,0,-2.4318282338679245
V19.mp4,173,0,0,-2.4256805878200263
V19.mp4,174,0,0,-1.7530356256922985
V19.mp4,175,0,0,-1.728452795563147
V19.mp4,176,0,0,-2.8344939682642254
V19.mp4,177,0,0,-2.482243213850121
V19.mp4,178,0,0,-2.494087306295066
V19.mp4,179,0,0,-2.5569496863816603
V19.mp4,180,0,0,-2.396391206726184
V19.mp4,181,0,0,-2.4510806803875322
V19.mp4,182,0,0,-2.704426661521983
V19.mp4,183,0,0,-2.9045683517183094
V19.mp4,184,0,0,-2.927684979421265
V19.mp4,185,0,0,-3.102986494404359
V19.mp4,186,0,0,-3.265478305777264
V19.mp4,187,0,0,-2.7511455857674267
V19.mp4,188,0,0,-2.815497172894929
V19.mp4,189,0,0,-2.770335348273803
V19.mp4,190,0,0,-3.6713133647337877
V19.mp4,191,0,0,-2.972070549248909
V19.mp4,192,0,0,-2.4822107583420463
V19.mp4,193,0,0,-3.0170689850417096
V19.mp4,194,0,0,-3.004074993687141
V19.mp4,195,0,0,-2.123316310632124
V19.mp4,196,0,0,-2.1248920173111294
V19.mp4,197,0,0,-1.5575964422504815
V19.mp4,198,0,0,-2.181944669957092
V19.mp4,199,0,0,-2.1275716108177543
V19.mp4,200,0,0,-2.2712557307858665
V19.mp4,201,0,0,-1.967546950774631
V19.mp4,202,0,0,-1.776216573891087
V19.mp4,203,0,0,-2.2054055928774168
V19.mp4,204,0,0,-1.975861778183707
V19.mp4,205,0,0,-1.8511323222843936
V19.mp4,206,0,0,-2.1244446424700674
V19.mp4,207,0,0,-2.109918704512326
V19.mp4,208,0,0,-2.566939903392681
V19.mp4,209,0,0,-2.791108298001774
V19.mp4,210,0,0,-2.965399816613018
V19.mp4,211,0,0,-2.5046364495246136
V19.mp4,212,0,0,-2.728046884303569
V19.mp4,213,0,0,-2.661540492988668
V19.mp4,214,0,0,-2.1946678309479655
V19.mp4,215,0,0,-2.0641037333295653
V19.mp4,216,0,0,-2.075244118521557
V19.mp4,217,0,0,-2.0368883180168442
V19.mp4,218,0,0,-2.1676370262641633
V19.mp4,219,0,0,-1.8346281007487435
V19.mp4,220,0,0,-1.563592113328542
V19.mp4,221,0,0,-2.303537895231956
V19.mp4,222,0,0,-2.4559794688035583
V19.mp4,223,0,0,-2.33105067574404
V19.mp4,224,0,0,-2.5712910894927026
V19.mp4,225,0,0,-2.9711967652745135
V19.mp4,226,0,0,-2.9186437814840795
V19.mp4,227,0,0,-3.1566395417019866
V19.mp4,228,0,0,-2.975201972620397
V19.mp4,229,0,0,-3.0739491944915827
V19.mp4,230,0,0,-3.3119893564530636
V19.mp4,231,0,0,-2.882844301585726
V19.mp4,232,0,0,-2.0717478829055658
V19.mp4,233,0,0,-2.3970870740565284
V19.mp4,234,0,0,-3.3101711881459996
V19.mp4,235,0,0,-2.770273000214946
V19.mp4,236,0,0,-2.475591600234535
V19.mp4,237,0,0,-2.6545503904591046
V19.mp4,238,0,0,-2.567973034498017
V19.mp4,239,0,0,-2.961005374390402
V19.mp4,240,0,0,-2.534360922059721
V19.mp4,241,0,0,-2.772947637547496
V19.mp4,242,0,0,-2.8352479214945685
V19.mp4,243,0,0,-2.289988729141049
V19.mp4,244,0,0,-2.0706265437895697
V19.mp4,245,0,0,-2.2746332718109104
V19.mp4,246,0,0,-2.3176746834370183
V19.mp4,247,0,0,-2.1935624608063
V19.mp4,248,0,0,-2.296316691902188
V2.mp4,1,0,0,-1.1971309456646018
V2.mp4,2,0,0,-1.6397693282609112
V2.mp4,3,0,0,-1.2325375321154208
V2.mp4,4,0,0,-1.2895240654561975
V2.mp4,5,0,0,-0.9171616346502954
V2.mp4,6,0,0,-1.040678669168773
V2.mp4,7,0,0,-1.633979653744301
V2.mp4,8,0,0,-1.5439057075021776
V2.mp4,9,0,0,-1.0426119953095372
V2.mp4,10,0,0,-1.5805477760301956
V2.mp4,11,0,0,-1.3828115588986403
V2.mp4,12,0,0,-1.4315645514388786
V2.mp4,13,0,0,-1.341086217316222
V2.mp4,14,0,0,-2.1899858190120756
V2.mp4,15,0,0,-1.0518045236237081
V2.mp4,16,0,0,-1.1700351627611758
V2.mp4,17,0,0,-1.0990547931228822
V2.mp4,18,0,0,-1.7084568662544097
V2.mp4,19,0,0,-1.3034849639428776
V2.mp4,20,0,0,-0.5312030460658534
V2.mp4,21,0,0,-0.25731273935588517
V2.mp4,22,0,0,-0.20501778397953063
V2.mp4,23,0,0,-1.0270025887335694
V2.mp4,24,0,0,-1.0937656687920394
V2.mp4,25,0,0,-0.13024005525593063
V2.mp4,26,0,0,-0.4634498265540452
V2.mp4,27,0,0,-0.3224848996503389
V2.mp4,28,0,0,-1.1582108925512513
V2.mp4,29,0,0,-0.8214117802272215
V2.mp4,30,0,0,-1.304870383743024
V2.mp4,31,0,0,-1.7837038766830438
V2.mp4,32,0,0,-1.43236082903746
V2.mp4,33,0,0,-1.5141724686184457
V2.mp4,34,0,0,-2.2021186010148206
V2.mp4,35,0,0,-2.45023806876911
V2.mp4,36,0,0,-2.3476297742503327
V2.mp4,37,0,0,-1.5968402829327968
V2.mp4,38,0,0,-1.508793122784777
V2.mp4,39,0,0,-1.0921837070491245
V2.mp4,40,0,0,-0.7274755795336277
V2.mp4,41,0,0,-1.5025256116750825
V2.mp4,42,0,0,-1.4040219311018667
V2.mp4,43,0,0,-1.6944372941168842
V2.mp4,44,0,0,-2.2797923188886253
V2.mp4,45,0,0,-1.648011869503834
V2.mp4,46,0,0,-1.4421207155816078
V2.mp4,47,0,0,-0.8016913600230249
V2.mp4,48,0,0,-0.7923154401765495
V2.mp4,49,0,0,-1.1621264988690354
V2.mp4,50,0,0,-1.2705840155204386
V2.mp4,51,0,0,-1.057963023530422
V2.mp4,52,0,0,-0.4243517887998647
V2.mp4,53,0,0,-0.03347827190921704
V2.mp4,54,0,0,-0.3584624015343638
V2.mp4,55,0,0,-0.500752979101115
V2.mp4,56,0,0,-0.7858796395165603
V2.mp4,57,0,0,-0.942857646955442
V2.mp4,58,0,0,-0.9119883003395912
V2.mp4,59,0,0,-0.6694973984398196
V2.mp4,60,0,0,-0.527906230572245
V2.mp4,61,0,0,-0.6523697989314339
V2.mp4,62,0,0,-0.6695988897942078
V2.mp4,63,0,0,-0.8848238937116016
V2.mp4,64,0,0,-1.204126730573442
V2.mp4,65,0,0,-1.2494691329766254
V2.mp4,66,0,0,-2.1007191979119977
V2.mp4,67,0,0,-1.7828377868482417
V2.mp4,68,0,0,-0.9425995758330415
V2.mp4,69,0,0,-0.28110443387977635
V2.mp4,70,0,0,-0.6413164026939315
V2.mp4,71,0,0,-0.5845493440079823
V2.mp4,72,0,0,-0.8656945229043872
V2.mp4,73,0,0,-0.5088601346166274
V2.mp4,74,0,0,-0.9512052357911978
V2.mp4,75,0,0,-1.3288494151485577
V2.mp4,76,0,0,-1.1617959443915524
V2.mp4,77,0,0,-0.9745910008003338
V2.mp4,78,0,0,-0.8762693869073421
V2.mp4,79,0,0,-0.31408275272275565
V2.mp4,80,0,1,0.536105497736544
V2.mp4,81,1,1,0.251556571861419
V2.mp4,82,1,0,-0.11078084015598799
V2.mp4,83,1,0,-0.024039905567103448
V2.mp4,84,1,0,-0.19070474185461816
V2.mp4,85,1,1,0.5103812215365873
V2.mp4,86,0,1,0.37046739495322845
V2.mp4,87,0,1,0.039028208405015974
V2.mp4,88,0,0,-0.6192569788214055
V2.mp4,89,0,0,-0.3437830828353674
V2.mp4,90,0,0,-0.5241504876877952
V2.mp4,91,0,1,0.001305173790487224
V2.mp4,92,0,0,-0.4457517035323386
V2.mp4,93,0,0,-0.373801067381637
V2.mp4,94,0,0,-0.562339363156788
V2.mp4,95,0,0,-0.5706176301274156
V2.mp4,96,0,0,-0.4368268608537458
V2.mp4,97,0,0,-0.42825329810178747
V2.mp4,98,0,0,-0.29647501008978927
V2.mp4,99,0,0,-0.18933479993283098
V2.mp4,100,0,0,-0.42844512260198697
V2.mp4,101,0,0,-0.6319041681429288
V2.mp4,102,0,0,-1.2404635858020352
V2.mp4,103,0,0,-1.8675041699448962
V2.mp4,104,0,0,-2.0105027207534265
V2.mp4,105,0,0,-1.684100998444697
V2.mp4,106,0,0,-1.763662379273286
V2.mp4,107,0,0,-1.2979653668676008
V2.mp4,108,0,0,-0.9962694700313657
V2.mp4,109,0,0,-1.1454383263770742
V2.mp4,110,0,0,-1.1908343688550789
V2.mp4,111,0,0,-1.426003555399483
V2.mp4,112,0,0,-1.566504144164735
V2.mp4,113,0,0,-1.2005128541317354
V2.mp4,114,0,0,-1.218975094393464
V2.mp4,115,0,0,-1.318852977102292
V2.mp4,116,0,0,-0.946716709813918
V2.mp4,117,0,0,-0.9583109665109248
V2.mp4,118,0,0,-1.5225717560631749
V2.mp4,119,0,0,-1.7871540036175242
V2.mp4,120,0,0,-1.214288981865756
V2.mp4,121,0,0,-0.7109414684154389
V2.mp4,122,0,0,-0.1657083759451159
V2.mp4,123,0,0,-0.4463497678625593
V2.mp4,124,0,0,-0.35721712810546435
V2.mp4,125,0,0,-0.22644230284164002
V2.mp4,126,0,1,0.27457794411551584
V2.mp4,127,0,1,0.41711628562657044
V2.mp4,128,0,1,0.09639186441424119
V2.mp4,129,0,1,0.2060205950301277
V2.mp4,130,0,0,-0.5061299522677547
V2.mp4,131,0,0,-0.7198201109647965
V2.mp4,132,0,0,-0.951460659266814
V2.mp4,133,0,0,-0.7174907756460159
V2.mp4,134,0,0,-0.7211609977102768
V2.mp4,135,0,0,-1.0997469053189373
V2.mp4,136,0,0,-1.6148343159304939
V2.mp4,137,0,0,-1.2805795289009014
V2.mp4,138,0,0,-1.2079091139582792
V2.mp4,139,0,0,-1.6786225524454246
V2.mp4,140,0,0,-1.4783710603614773
V2.mp4,141,0,0,-0.8245300491506795
V2.mp4,142,0,0,-1.077031351862642
V2.mp4,143,0,0,-1.5461563362396846
V2.mp4,144,0,0,-0.9515912359035374
V2.mp4,145,0,0,-0.8556813090146634
V2.mp4,146,0,0,-1.2146898664287649
V2.mp4,147,0,0,-1.3330441607904078
V2.mp4,148,0,0,-1.4913861548740448
V2.mp4,149,0,0,-1.6590533952889004
V2.mp4,150,0,0,-1.978213533713653
V2.mp4,151,0,0,-1.6450636789636564
V2.mp4,152,0,0,-1.3851198739584565
V2.mp4,153,0,0,-1.0126670605307608
V2.mp4,154,0,0,-0.849584026028908
V2.mp4,155,0,0,-0.03703848402067611
V2.mp4,156,0,1,0.1816377487190406
V2.mp4,157,0,1,0.4721615512089359
V2.mp4,158,0,1,0.2605382467358177
V2.mp4,159,0,1,0.3491061901608359
V2.mp4,160,0,1,0.6307697898190521
V2.mp4,161,0,1,0.5791798730296185
V2.mp4,162,0,1,0.5313006524876622
V2.mp4,163,0,1,0.3763044622438889
V2.mp4,164,0,1,0.04099431392633246
V2.mp4,165,0,1,0.1668561711561114
V2.mp4,166,0,0,-0.07863095418824817
V2.mp4,167,0,0,-0.47636265161822244
V2.mp4,168,0,0,-0.35439353614388636
V2.mp4,169,0,1,0.07795161159202046
V2.mp4,170,0,0,-0.0662021295163886
V2.mp4,171,0,0,-0.29899659011643487
V2.mp4,172,0,0,-0.4899009127471784
V2.mp4,173,0,0,-1.1148679824311238
V2.mp4,174,0,0,-0.6061977069441473
V2.mp4,175,0,0,-0.7985713781038591
V2.mp4,176,0,0,-0.27526832142805646
V2.mp4,177,0,0,-0.48328142713709554
V2.mp4,178,0,0,-0.11166640886542423
V2.mp4,179,0,1,0.2336292332668215
V2.mp4,180,0,1,0.9745449150279895
V2.mp4,181,0,1,0.5234125225705872
V2.mp4,182,0,0,-0.009974249365959809
V2.mp4,183,0,0,-0.23044553091330533
V2.mp4,184,0,1,0.10496701368911454
V2.mp4,185,0,0,-0.3790517602254788
V2.mp4,186,0,0,-0.07286370414020671
V2.mp4,187,0,1,0.06499322847514621
V2.mp4,188,0,1,0.7189466943077274
V2.mp4,189,0,1,0.43608203316945593
V2.mp4,190,0,1,0.3853678132165974
V2.mp4,191,0,1,0.19511356167265492
V2.mp4,192,0,1,0.1408415557956173
V2.mp4,193,0,1,0.1967588396865143
V2.mp4,194,0,0,-0.6100645976173472
V2.mp4,195,0,0,-0.5638304544441393
V2.mp4,196,0,0,-1.0819715137885932
V2.mp4,197,0,0,-0.49814147388009977
V2.mp4,198,0,0,-0.07242477548539017
V2.mp4,199,0,0,-0.48334255194982556
V2.mp4,200,0,0,-0.5822636146189664
V2.mp4,201,0,0,-1.2961321408170567
V2.mp4,202,0,0,-1.2866260985375582
V2.mp4,203,0,0,-1.187649813312314
V2.mp4,204,0,0,-1.3267932952693573
V2.mp4,205,0,0,-1.6412355002871672
V2.mp4,206,0,0,-1.6618296686969818
V2.mp4,207,0,0,-2.227105813636102
V2.mp4,208,0,0,-1.786262883445394
V2.mp4,209,0,0,-1.5135258059658452
V2.mp4,210,0,0,-1.198412800371736
V2.mp4,211,0,0,-0.8467061490696446
V2.mp4,212,0,0,-0.7604141650949069
V2.mp4,213,0,0,-0.13084293708749617
V2.mp4,214,0,0,-0.4835400241604427
V2.mp4,215,0,0,-0.32199318141814115
V2.mp4,216,0,0,-0.0945340186386201
V2.mp4,217,0,0,-0.19030995108833926
V2.mp4,218,0,0,-0.19140664149896325
V2.mp4,219,0,0,-0.22277364867847949
V2.mp4,220,0,0,-0.3265667178009777
V2.mp4,221,0,0,-0.25276857713173473
V2.mp4,222,0,1,0.1573793408368922
V2.mp4,223,0,0,-0.36919742982001447
V2.mp4,224,0,0,-0.7059755486337572
V2.mp4,225,0,0,-0.4168854068621577
V2.mp4,226,0,0,-0.9597365989755975
V2.mp4,227,0,0,-0.7304147937227966
V2.mp4,228,0,0,-0.7592332858655411
V2.mp4,229,0,0,-0.7826431379544401
V2.mp4,230,0,0,-0.8387559087607898
V2.mp4,231,0,0,-1.1058226801920252
V2.mp4,232,0,0,-1.347947234816424
V2.mp4,233,0,0,-1.2053826248554242
V2.mp4,234,0,0,-1.0655860550048981
V2.mp4,235,0,0,-1.1357542352431105
V2.mp4,236,0,0,-0.9277492952307025
V2.mp4,237,0,0,-0.7954824381871233
V2.mp4,238,0,0,-0.5765414594834245
V2.mp4,239,0,0,-0.5680966734371851
V2.mp4,240,0,0,-0.6512897441235688
V2.mp4,241,0,0,-0.13190190040017158
V2.mp4,242,0,0,-0.8929150441608288
V2.mp4,243,0,0,-1.1623762376880553
V2.mp4,244,0,0,-0.799933641042721
V2.mp4,245,0,0,-0.5030814361922791
V2.mp4,246,0,0,-0.7825832571794814
V2.mp4,247,0,0,-0.9921568520509618
V2.mp4,248,0,0,-1.0271300442998594
V2.mp4,249,0,0,-1.13368789493283
V20.mp4,1,0,0,-1.4059846341434061
V20.mp4,2,0,0,-1.1475790190643118
V20.mp4,3,0,0,-0.5447015077560207
V20.mp4,4,0,0,-1.169417932158295
V20.mp4,5,0,0,-0.5526276321632981
V20.mp4,6,0,0,-0.42006011687446865
V20.mp4,7,0,0,-1.2829249644977696
V20.mp4,8,0,0,-1.1484691190338292
V20.mp4,9,0,0,-0.9329510959011643
V20.mp4,10,0,0,-1.818455283920516
V20.mp4,11,0,0,-2.4202070868364425
V20.mp4,12,0,0,-2.609869568674192
V20.mp4,13,0,0,-2.6439620825970067
V20.mp4,14,0,0,-2.266132488132736
V20.mp4,15,0,0,-2.418929722808041
V20.mp4,16,0,0,-2.2697623547771775
V20.mp4,17,0,0,-2.7987704736253636
V20.mp4,18,0,0,-2.7781622990572625
V20.mp4,19,0,0,-2.4700346969728866
V20.mp4,20,0,0,-2.5492472892677416
V20.mp4,21,0,0,-2.4745528788626925
V20.mp4,22,0,0,-2.106203174725568
V20.mp4,23,0,0,-1.9429946718481657
V20.mp4,24,0,0,-1.758561204864082
V20.mp4,25,0,0,-1.415748824538819
V20.mp4,26,0,0,-1.298243885393413
V20.mp4,27,0,0,-1.789445846492527
V20.mp4,28,0,0,-1.7279723534624443
V20.mp4,29,0,0,-1.208074973548496
V20.mp4,30,0,0,-0.9794412200038243
V20.mp4,31,0,0,-0.7649602094013772
V20.mp4,32,0,0,-1.2318295959484256
V20.mp4,33,0,0,-2.194053663653845
V20.mp4,34,0,0,-2.2451218524158065
V20.mp4,35,0,0,-1.9133132156274362
V20.mp4,36,0,0,-2.2647702758107204
V20.mp4,37,0,0,-1.4804363074422158
V20.mp4,38,0,0,-1.6371726972364564
V20.mp4,39,0,0,-2.069226710065722
V20.mp4,40,0,0,-2.5229483322932693
V20.mp4,41,0,0,-1.5559604042471884
V20.mp4,42,0,0,-1.4335682192370698
V20.mp4,43,0,0,-1.2215284503371502
V20.mp4,44,0,0,-1.7328769209812402
V20.mp4,45,0,0,-1.4746899246200222
V20.mp4,46,0,0,-0.9073344815717321
V20.mp4,47,0,0,-0.7390890235998224
V20.mp4,48,0,0,-1.242020685835874
V20.mp4,49,0,0,-1.4374593235533601
V20.mp4,50,0,0,-1.7773060117537915
V20.mp4,51,0,0,-1.5998591252474315
V20.mp4,52,0,0,-2.3235275179099
V20.mp4,53,0,0,-2.40860288115322
V20.mp4,54,0,0,-2.1074505012721874
V20.mp4,55,0,0,-1.7593770040188341
V20.mp4,56,0,0,-1.5705049365436197
V20.mp4,57,0,0,-1.171255692593111
V20.mp4,58,0,0,-1.1872312115138215
V20.mp4,59,0,0,-1.5356192467377727
V20.mp4,60,0,0,-1.6899214639007765
V20.mp4,61,0,0,-1.1360820964652898
V20.mp4,62,0,0,-1.2218593791855799
V20.mp4,63,0,0,-1.1779486256323142
V20.mp4,64,0,0,-0.9090272827376725
V20.mp4,65,0,0,-1.089890889895975
V20.mp4,66,0,0,-1.4402609939665867
V20.mp4,67,0,0,-1.313598372956897
V20.mp4,68,0,0,-1.1520683837869772
V20.mp4,69,0,0,-0.49259730012594927
V20.mp4,70,0,0,-0.2788354497441352
V20.mp4,71,0,0,-0.5891084129787011
V20.mp4,72,0,0,-0.4359537805055018
V20.mp4,73,0,1,0.31611030653087946
V20.mp4,74,0,1,0.10336008066670521
V20.mp4,75,0,0,-0.09090882298260694
V20.mp4,76,0,0,-1.0676264191104674
V20.mp4,77,0,0,-1.0851336156607851
V20.mp4,78,0,0,-1.5430419215113391
V20.mp4,79,0,0,-0.6537098793540363
V20.mp4,80,0,0,-1.0468193907750751
V20.mp4,81,0,0,-1.2793455692636622
V20.mp4,82,0,0,-0.5492773585083209
V20.mp4,83,0,0,-0.8522374247837005
V20.mp4,84,0,0,-1.2780749496529982
V20.mp4,85,0,0,-0.8086837746722598
V20.mp4,86,0,0,-0.0987086296312516
V20.mp4,87,0,0,-0.28597477163428375
V20.mp4,88,0,0,-0.5461159106723519
V20.mp4,89,0,0,-0.19695784497159474
V20.mp4,90,0,0,-0.027529949722195246
V20.mp4,91,0,0,-0.03537992811486035
V20.mp4,92,0,0,-0.6255606287960898
V20.mp4,93,0,0,-1.1399907887969656
V20.mp4,94,0,0,-1.1753904399427144
V20.mp4,95,0,0,-0.5416402204914654
V20.mp4,96,0,0,-0.12436639304185237
V20.mp4,97,0,0,-1.3356193223998651
V20.mp4,98,0,0,-1.3474283598852979
V20.mp4,99,0,0,-1.1703798350598824
V20.mp4,100,0,0,-1.671710787600299
V20.mp4,101,0,0,-1.4329745257469566
V20.mp4,102,0,0,-1.3860971898502832
V20.mp4,103,0,0,-1.5599345430736695
V20.mp4,104,0,0,-2.15919121370068
V20.mp4,105,0,0,-2.0198169035397284
V20.mp4,106,0,0,-1.95621424219237
V20.mp4,107,0,0,-2.5267477505513742
V20.mp4,108,0,0,-2.1861396487598608
V20.mp4,109,0,0,-2.041418109672876
V20.mp4,110,0,0,-1.985166379760246
V20.mp4,111,0,0,-2.121767226956187
V20.mp4,112,0,0,-2.567043976135114
V20.mp4,113,0,0,-2.4473756035062895
V20.mp4,114,0,0,-2.11804373312181
V20.mp4,115,0,0,-2.3671957792434117
V20.mp4,116,0,0,-2.2006317305107905
V20.mp4,117,0,0,-1.6505434046884369
V20.mp4,118,0,0,-1.2577697281325568
V20.mp4,119,0,0,-1.3283106620953418
V20.mp4,120,0,0,-1.4777003447622112
V20.mp4,121,0,0,-0.7481398346394582
V20.mp4,122,1,0,-1.4748427920849634
V20.mp4,123,1,0,-1.7509541060808886
V20.mp4,124,1,0,-1.983421304506661
V20.mp4,125,1,0,-1.7776745595192938
V20.mp4,126,1,0,-1.5559462801053194
V20.mp4,127,0,0,-1.514107524543151
V20.mp4,128,0,0,-1.4483667238470757
V20.mp4,129,0,0,-1.456365789750776
V20.mp4,130,0,0,-1.2924517695243818
V20.mp4,131,0,0,-1.3290820268768473
V20.mp4,132,0,0,-1.5681151184579472
V20.mp4,133,0,0,-1.7359230878748364
V20.mp4,134,0,0,-1.505311716221443
V20.mp4,135,0,0,-1.4379358434416794
V20.mp4,136,0,0,-1.9648026481571264
V20.mp4,137,0,0,-1.4925578465380256
V20.mp4,138,0,0,-1.2241639390101813
V20.mp4,139,0,0,-1.461927529721771
V20.mp4,140,0,0,-1.2489230740648636
V20.mp4,141,0,0,-0.7825851923423954
V20.mp4,142,0,0,-0.6143340858694897
V20.mp4,143,0,0,-1.382137377869756
V20.mp4,144,0,0,-1.4425518675205171
V20.mp4,145,0,0,-1.8520290367201269
V20.mp4,146,0,0,-1.4660602127096392
V20.mp4,147,0,0,-1.963383740566592
V20.mp4,148,0,0,-2.186136337303425
V20.mp4,149,0,0,-2.194889947750861
V20.mp4,150,0,0,-2.359789151697726
V20.mp4,151,0,0,-2.492305388950042
V20.mp4,152,0,0,-2.0300770610177894
V20.mp4,153,0,0,-1.6291840893785363
V20.mp4,154,0,0,-1.1099455423367663
V20.mp4,155,0,0,-0.9998659000901065
V20.mp4,156,0,0,-1.0099194073335496
V20.mp4,157,0,0,-1.4100458020646054
V20.mp4,158,0,0,-0.5557636440013752
V20.mp4,159,0,0,-0.45515744589473994
V20.mp4,160,0,0,-0.6127874029616345
V20.mp4,161,0,1,0.06779998399535048
V20.mp4,162,0,1,0.11776180902983979
V20.mp4,163,0,0,-0.014193117321465332
V20.mp4,164,0,0,-0.09733628617242651
V20.mp4,165,0,0,-0.18815697348984672
V20.mp4,166,0,0,-0.42039534632124265
V20.mp4,167,0,0,-0.4052169682718516
V20.mp4,168,0,0,-0.617350599197981
V20.mp4,169,0,0,-1.1306628352912393
V20.mp4,170,0,0,-1.163118762467644
V20.mp4,171,0,0,-1.336163401007781
V20.mp4,172,0,0,-1.2281213714784354
V20.mp4,173,0,0,-0.9631061189892975
V20.mp4,174,0,0,-0.697737524659778
V20.mp4,175,0,0,-0.8196714898888855
V20.mp4,176,0,0,-1.0151996287850942
V20.mp4,177,0,0,-1.0740312125267277
V20.mp4,178,0,0,-0.6474657803279256
V20.mp4,179,0,0,-1.2255713323957422
V20.mp4,180,0,0,-1.5392300183473793
V20.mp4,181,0,0,-1.6425733335517105
V20.mp4,182,0,0,-1.5057402907259536
V20.mp4,183,0,0,-1.8418535505048295
V20.mp4,184,0,0,-2.250996328962502
V20.mp4,185,0,0,-1.7692218518301304
V20.mp4,186,0,0,-1.2158303352105275
V20.mp4,187,0,0,-1.6783871849589254
V20.mp4,188,0,0,-1.7413392162116488
V20.mp4,189,0,0,-2.0998742326147566
V20.mp4,190,0,0,-1.8349928178318773
V20.mp4,191,0,0,-2.2388522336008183
V20.mp4,192,0,0,-2.2307167253035645
V20.mp4,193,0,0,-2.179222131791901
V20.mp4,194,0,0,-1.1197499284889
V20.mp4,195,0,0,-1.2393663514893478
V20.mp4,196,0,0,-1.4204231690091806
V20.mp4,197,0,0,-0.7379820005030476
V20.mp4,198,0,0,-1.0696682497535301
V20.mp4,199,0,0,-1.4425410081138348
V20.mp4,200,0,0,-1.2620568717078813
V20.mp4,201,0,0,-1.0894583230355046
V20.mp4,202,0,0,-0.9291674373370176
V20.mp4,203,0,0,-0.6292265262280341
V20.mp4,204,0,0,-0.5604372191485282
V20.mp4,205,0,0,-0.08727806446258923
V20.mp4,206,0,0,-0.835077608844235
V20.mp4,207,0,0,-0.9296246958700505
V20.mp4,208,0,0,-0.9643894987091379
V20.mp4,209,0,0,-1.2690128520440607
V20.mp4,210,0,0,-1.6630205539609755
V20.mp4,211,0,0,-1.509046041154909
V20.mp4,212,0,0,-1.8892561577334566
V20.mp4,213,0,0,-1.7510045534849685
V20.mp4,214,0,0,-1.9078172138715237
V20.mp4,215,0,0,-2.0671190172565006
V20.mp4,216,0,0,-1.718965765919009
V20.mp4,217,0,0,-1.3146634980983944
V20.mp4,218,0,0,-1.3750665609968162
V20.mp4,219,0,0,-1.5086363506715323
V20.mp4,220,0,0,-1.6426761697036119
V20.mp4,221,0,0,-1.1835913722131894
V20.mp4,222,0,0,-1.0981951562476366
V20.mp4,223,0,0,-0.9295518156124258
V20.mp4,224,0,0,-0.8689382582009175
V20.mp4,225,0,0,-1.2922454093939548
V20.mp4,226,0,0,-1.3335348005180536
V20.mp4,227,0,0,-1.4611053972316
V20.mp4,228,0,0,-1.7563356688431644
V20.mp4,229,0,0,-1.9899619335224994
V20.mp4,230,0,0,-1.7444482845956524
V20.mp4,231,0,0,-2.117617234492135
V20.mp4,232,0,0,-1.9247100239511254
V20.mp4,233,0,0,-1.550234732537783
V20.mp4,234,0,0,-1.8636640789147683
V20.mp4,235,0,0,-2.2502372960344186
V20.mp4,236,0,0,-2.697162340154687
V20.mp4,237,0,0,-2.895430650125605
V20.mp4,238,0,0,-2.6298123690864985
V20.mp4,239,0,0,-2.5213499418396883
V20.mp4,240,0,0,-2.0667423442444175
V20.mp4,241,0,0,-1.65538569253003
V20.mp4,242,0,0,-1.948359297068238
V20.mp4,243,0,0,-2.6741555946632287
V20.mp4,244,0,0,-2.6499647065954477
V20.mp4,245,0,0,-2.266167465691151
V20.mp4,246,0,0,-2.29248904825823
V20.mp4,247,0,0,-2.9940472601603236
V20.mp4,248,0,0,-3.1626346818169115
V20.mp4,249,0,0,-2.3264326232734445
V20.mp4,250,0,0,-2.402765724725131
V20.mp4,251,0,0,-3.0898195465458427
V20.mp4,252,0,0,-3.108683017952002
V20.mp4,253,0,0,-2.347251086593478
V20.mp4,254,0,0,-2.0120811434594223
V20.mp4,255,0,0,-2.35461194605285
V20.mp4,256,0,0,-2.549855239691214
V20.mp4,257,0,0,-2.8638073469958427
V20.mp4,258,0,0,-2.7528938607076174
V20.mp4,259,0,0,-3.0993057379294626
V20.mp4,260,0,0,-3.3127559264076463
V20.mp4,261,0,0,-2.9707061999681983
V20.mp4,262,0,0,-2.823540669013585
V20.mp4,263,0,0,-2.6855024698497045
V20.mp4,264,0,0,-2.142332470302197
V20.mp4,265,0,0,-2.038271306067081
V20.mp4,266,0,0,-1.9578636131878318
V3.mp4,1,0,0,-0.5508550327855187
V3.mp4,2,0,0,-0.48118214798328707
V3.mp4,3,0,0,-0.48202758037374593
V3.mp4,4,0,0,-0.6955376319262402
V3.mp4,5,0,0,-0.8035575283904525
V3.mp4,6,0,0,-1.032757489611258
V3.mp4,7,0,0,-1.5420186555435809
V3.mp4,8,0,0,-1.8468542678501318
V3.mp4,9,0,0,-1.6402278606689555
V3.mp4,10,0,0,-1.7011611376227833
V3.mp4,11,0,0,-1.7024296154880103
V3.mp4,12,0,0,-1.236121267061588
V3.mp4,13,0,0,-0.9853078067924584
V3.mp4,14,0,0,-0.4427236087004808
V3.mp4,15,0,0,-0.6034553627365862
V3.mp4,16,0,0,-0.6592282791171178
V3.mp4,17,0,0,-1.2092275548342015
V3.mp4,18,0,0,-0.9458368732837725
V3.mp4,19,0,0,-0.8623447393532543
V3.mp4,20,0,0,-1.1883782121171267
V3.mp4,21,0,0,-1.152058929228275
V3.mp4,22,0,0,-1.2414438426642351
V3.mp4,23,0,0,-0.9885408277843404
V3.mp4,24,0,0,-1.021184121359048
V3.mp4,25,0,0,-0.7900706222567025
V3.mp4,26,0,0,-0.45705846650227366
V3.mp4,27,0,0,-1.1346419758042068
V3.mp4,28,0,0,-1.1198380470077813
V3.mp4,29,0,0,-1.0908057153811184
V3.mp4,30,0,0,-1.336575254505274
V3.mp4,31,0,0,-1.5184030345345567
V3.mp4,32,0,0,-1.361090845386794
V3.mp4,33,0,0,-0.9489609259679402
V3.mp4,34,0,0,-1.3845207543531142
V3.mp4,35,0,0,-1.3382300722592295
V3.mp4,36,0,0,-1.2668887409060587
V3.mp4,37,0,0,-1.597481076415897
V3.mp4,38,0,0,-1.6917785471070115
V3.mp4,39,0,0,-1.9827198900245255
V3.mp4,40,0,0,-1.9068927868044367
V3.mp4,41,0,0,-1.8138045112573362
V3.mp4,42,0,0,-1.1419932769920544
V3.mp4,43,0,0,-0.3312751246720491
V3.mp4,44,0,0,-0.5976045721381951
V3.mp4,45,0,1,0.13000884199071816
V3.mp4,46,0,1,0.15597918378459474
V3.mp4,47,0,0,-0.3365534425401888
V3.mp4,48,0,0,-0.6735322407009364
V3.mp4,49,0,0,-0.2507572433629528
V3.mp4,50,0,0,-0.5655873967031926
V3.mp4,51,0,0,-0.6777864178497174
V3.mp4,52,0,0,-1.1972589165962586
V3.mp4,53,0,0,-1.6198698983905924
V3.mp4,54,0,0,-1.5598621376448387
V3.mp4,55,0,0,-1.1212878664911519
V3.mp4,56,0,0,-1.619535269350067
V3.mp4,57,0,0,-0.9240691522369733
V3.mp4,58,0,0,-0.642457815187443
V3.mp4,59,0,0,-0.6696432930323445
V3.mp4,60,0,0,-0.24513131850911507
V3.mp4,61,0,1,0.3024190559581843
V3.mp4,62,0,0,-0.08363773772198013
V3.mp4,63,0,1,0.36483180887099986
V3.mp4,64,0,0,-0.7402669160745113
V3.mp4,65,0,0,-0.881234420823762
V3.mp4,66,0,1,0.3390203831079197
V3.mp4,67,0,1,0.04456042365263291
V3.mp4,68,0,1,0.47733679153590214
V3.mp4,69,0,1,0.5790870517045275
V3.mp4,70,0,1,0.6293314457448969
V3.mp4,71,0,0,-0.5685072112678518
V3.mp4,72,0,0,-0.015149018293524108
V3.mp4,73,1,0,-0.44776978391470157
V3.mp4,74,1,1,0.2550660279690533
V3.mp4,75,1,1,0.2863835297101336
V3.mp4,76,1,1,0.11415023399812285
V3.mp4,77,1,1,0.07628353534050358
V3.mp4,78,0,1,0.12353361406916052
V3.mp4,79,0,1,0.1455977979805818
V3.mp4,80,0,1,0.1459572668669864
V3.mp4,81,0,1,0.3793135203312583
V3.mp4,82,0,1,0.752263371936919
V3.mp4,83,0,1,0.1387084342603606
V3.mp4,84,0,1,0.07213732038709542
V3.mp4,85,0,0,-0.4776321684633211
V3.mp4,86,0,0,-0.6530264317249763
V3.mp4,87,0,0,-0.5077360018788336
V3.mp4,88,0,0,-0.04780350597487604
V3.mp4,89,0,0,-0.3110528150141101
V3.mp4,90,0,0,-0.9181822731306291
V3.mp4,91,0,0,-1.5492189835995527
V3.mp4,92,0,0,-1.6571605818749846
V3.mp4,93,0,0,-1.688501072853932
V3.mp4,94,0,0,-1.7519379918471538
V3.mp4,95,0,0,-2.078403564177371
V3.mp4,96,0,0,-1.9149926365794276
V3.mp4,97,0,0,-1.9062609879582895
V3.mp4,98,0,0,-1.7447715018472219
V3.mp4,99,0,0,-1.8406204288950285
V3.mp4,100,0,0,-1.3999402593879835
V3.mp4,101,0,0,-1.4675283318400363
V3.mp4,102,0,0,-1.6571645621811468
V3.mp4,103,0,0,-2.127667645450754
V3.mp4,104,0,0,-2.0667951484804217
V3.mp4,105,0,0,-1.6527453630983526
V3.mp4,106,0,0,-1.6462283946609282
V3.mp4,107,0,0,-1.0635096115277092
V3.mp4,108,0,0,-1.3354241036638343
V3.mp4,109,0,0,-1.458702796998898
V3.mp4,110,0,0,-1.7362436919899222
V3.mp4,111,0,0,-1.4730697501166916
V3.mp4,112,0,0,-1.445880694412241
V3.mp4,113,0,0,-2.027864973434241
V3.mp4,114,0,0,-1.5262372442677452
V3.mp4,115,0,0,-1.5382152610262336
V3.mp4,116,0,0,-1.4430319994255847
V3.mp4,117,0,0,-1.480512357484472
V3.mp4,118,0,0,-1.1899686767122408
V3.mp4,119,0,0,-0.6196159282456907
V3.mp4,120,0,0,-0.9057039269069274
V3.mp4,121,0,0,-0.7926645511313192
V3.mp4,122,0,0,-0.6160944597829094
V3.mp4,123,0,0,-0.6985723370694356
V3.mp4,124,0,0,-0.6714057538760753
V3.mp4,125,0,0,-0.5943084163386417
V3.mp4,126,0,0,-0.5824098181179227
V3.mp4,127,0,0,-1.403776728492277
V3.mp4,128,0,0,-1.44800471031254
V3.mp4,129,0,0,-1.2571678790270122
V3.mp4,130,0,0,-1.0026609471112256
V3.mp4,131,0,0,-0.7433886976875329
V3.mp4,132,0,0,-0.6546726833338523
V3.mp4,133,0,0,-0.9041824513369863
V3.mp4,134,0,0,-0.8586238444054525
V3.mp4,135,0,0,-1.04918317537817
V3.mp4,136,0,0,-1.41054714453391
V3.mp4,137,0,0,-1.4527924768016127
V3.mp4,138,0,0,-1.8183021403940327
V3.mp4,139,0,0,-2.1922370951394323
V3.mp4,140,0,0,-2.130139895227144
V3.mp4,141,0,0,-2.039270741915523
V3.mp4,142,0,0,-1.6064125759658674
V3.mp4,143,0,0,-1.8586303135212527
V3.mp4,144,0,0,-1.6117444321033612
V3.mp4,145,0,0,-1.6112560361370467
V3.mp4,146,0,0,-1.2271402121203836
V3.mp4,147,0,0,-1.0812372798136827
V3.mp4,148,0,0,-1.5979420034301577
V3.mp4,149,0,0,-2.0505049350188864
V3.mp4,150,0,0,-2.361526814520017
V3.mp4,151,0,0,-1.9613375990580633
V4.mp4,1,0,0,-1.071883168141346
V4.mp4,2,0,0,-1.100859064428813
V4.mp4,3,0,0,-0.931745038934156
V4.mp4,4,0,0,-2.4345018431805383
V4.mp4,5,0,0,-0.6219320957794333
V4.mp4,6,0,0,-0.48744906753586703
V4.mp4,7,0,0,-2.173831540448753
V4.mp4,8,0,0,-0.7336079419423663
V4.mp4,9,0,0,-1.2836765881195538
V4.mp4,10,0,0,-1.5652697605587016
V4.mp4,11,0,0,-1.3400932202656413
V4.mp4,12,0,0,-1.4304098476356033
V4.mp4,13,0,0,-1.007946375981244
V4.mp4,14,0,0,-0.9558689501080376
V4.mp4,15,0,0,-0.725662239641369
V4.mp4,16,0,0,-1.462036585708265
V4.mp4,17,0,0,-1.282646078859191
V4.mp4,18,0,0,-0.743375702025827
V4.mp4,19,0,0,-1.0934645031477026
V4.mp4,20,0,0,-0.9795848702052888
V4.mp4,21,0,0,-1.2460754554705158
V4.mp4,22,0,0,-1.7326569857438
V4.mp4,23,0,0,-2.407683183045346
V4.mp4,24,0,0,-2.3234806681388864
V4.mp4,25,0,0,-2.0304875304461696
V4.mp4,26,0,0,-3.4496805604842606
V4.mp4,27,0,0,-1.2151943498564601
V4.mp4,28,0,0,-1.688422328080891
V4.mp4,29,0,0,-1.6763539785190011
V4.mp4,30,0,0,-0.5727011108867509
V4.mp4,31,0,0,-0.3844899611837902
V4.mp4,32,0,0,-0.3816280299592085
V4.mp4,33,0,0,-0.8077174564123583
V4.mp4,34,0,0,-0.7186697495997048
V4.mp4,35,1,0,-0.8305738124369006
V4.mp4,36,1,1,0.10566061138261462
V4.mp4,37,1,1,0.049176188174239854
V4.mp4,38,1,1,0.4126965947699903
V4.mp4,39,1,1,0.8276662378927175
V4.mp4,40,0,1,0.7066762779453526
V4.mp4,41,0,0,-0.4616754526434955
V4.mp4,42,0,0,-1.0323933204568476
V4.mp4,43,0,0,-0.6148784789597777
V4.mp4,44,0,0,-0.763753528344255
V4.mp4,45,0,0,-1.8696083318148358
V4.mp4,46,0,0,-1.6380030397299645
V4.mp4,47,0,0,-2.088208460660711
V4.mp4,48,0,0,-2.184828512313585
V4.mp4,49,0,0,-2.558781994084428
V4.mp4,50,0,0,-2.8223416183882564
V4.mp4,51,0,0,-2.886705363546665
V4.mp4,52,0,0,-2.2840104845195714
V4.mp4,53,0,0,-2.2450450637696377
V4.mp4,54,0,0,-1.925129013930181
V4.mp4,55,0,0,-2.5421116931350904
V4.mp4,56,0,0,-2.2261711712461087
V4.mp4,57,0,0,-2.90112039312726
V4.mp4,58,0,0,-3.461598651343163
V4.mp4,59,0,0,-3.126256815985907
V4.mp4,60,0,0,-2.4977377320589254
V4.mp4,61,0,0,-2.610469670233961
V4.mp4,62,0,0,-1.7773531061463055
V4.mp4,63,0,0,-2.7209757901987306
V4.mp4,64,0,0,-2.705851050619456
V4.mp4,65,0,0,-2.979916003240526
V4.mp4,66,0,0,-3.2174028197870816
V4.mp4,67,0,0,-2.9654090116812983
V4.mp4,68,0,0,-3.3583644169505282
V4.mp4,69,0,0,-2.0187430849399104
V4.mp4,70,0,0,-2.18126387964199
V4.mp4,71,0,0,-1.9354459476484709
V4.mp4,72,0,0,-1.762808273920062
V4.mp4,73,0,0,-1.7421081082191043
V4.mp4,74,0,0,-1.9156537239638591
V4.mp4,75,0,0,-2.1619315229779597
V4.mp4,76,0,0,-2.7989488553318225
V5.mp4,1,0,0,-2.83054978301773
V5.mp4,2,0,0,-3.116280975732769
V5.mp4,3,0,0,-2.674075795077311
V5.mp4,4,0,0,-2.4236761686226576
V5.mp4,5,0,0,-2.927719780234224
V5.mp4,6,0,0,-2.0169813068023767
V5.mp4,7,0,0,-2.533147429095077
V5.mp4,8,0,0,-2.8434409948707717
V5.mp4,9,0,0,-2.993212323461524
V5.mp4,10,0,0,-3.4902748585441703
V5.mp4,11,0,0,-3.2600773853679303
V5.mp4,12,0,0,-2.5497895566937787
V5.mp4,13,0,0,-3.674198741380528
V5.mp4,14,0,0,-4.129568373293823
V5.mp4,15,0,0,-2.7827119290265276
V5.mp4,16,0,0,-3.0576998304828793
V5.mp4,17,0,0,-2.7359416251296564
V5.mp4,18,0,0,-2.9031812522027165
V5.mp4,19,0,0,-2.027904664935221
V5.mp4,20,0,0,-2.3593849022682996
V5.mp4,21,0,0,-2.165333280970061
V5.mp4,22,0,0,-2.041290905711294
V5.mp4,23,0,0,-1.5799656087083132
V5.mp4,24,0,0,-1.1897862558604002
V5.mp4,25,0,0,-2.1443295489824163
V5.mp4,26,0,0,-2.3730809363308043
V5.mp4,27,0,0,-2.764722726523532
V5.mp4,28,0,0,-2.7700602275068915
V5.mp4,29,0,0,-2.8105925274206967
V5.mp4,30,0,0,-2.6412300784213523
V5.mp4,31,0,0,-2.660765541450938
V5.mp4,32,0,0,-3.2590470563006733
V5.mp4,33,0,0,-3.2757271380620794
V5.mp4,34,0,0,-3.3679913950686933
V5.mp4,35,0,0,-3.4851189149826003
V5.mp4,36,0,0,-3.485695904770036
V5.mp4,37,0,0,-2.9579387129607313
V5.mp4,38,0,0,-2.83817030621396
V5.mp4,39,0,0,-2.405250104861904
V5.mp4,40,0,0,-2.111383473119817
V5.mp4,41,0,0,-2.5154962718426734
V5.mp4,42,0,0,-3.27286033847244
V5.mp4,43,0,0,-2.9630063250988856
V5.mp4,44,0,0,-2.543728959480239
V5.mp4,45,0,0,-3.098602575296101
V5.mp4,46,0,0,-2.9183356806390712
V5.mp4,47,0,0,-2.422231854653591
V5.mp4,48,0,0,-2.903238363424749
V5.mp4,49,0,0,-2.9386758217095217
V5.mp4,50,0,0,-2.215598803241335
V5.mp4,51,0,0,-3.2115747648362287
V5.mp4,52,0,0,-3.103316712795436
V5.mp4,53,0,0,-2.9033417197103986
V5.mp4,54,0,0,-2.8639302563705025
V5.mp4,55,0,0,-2.7718263092983553
V5.mp4,56,0,0,-2.4732904911478495
V5.mp4,57,0,0,-2.458297385775836
V5.mp4,58,0,0,-1.7633920202191242
V5.mp4,59,1,0,-1.4608113752133087
V5.mp4,60,1,0,-1.039933752553062
V5.mp4,61,1,0,-2.1060785584594255
V5.mp4,62,1,0,-1.6764363159882185
V5.mp4,63,1,0,-0.9111693878025307
V5.mp4,64,0,0,-1.0599292789988022
V5.mp4,65,0,0,-1.6280509345914418
V5.mp4,66,0,0,-2.4834321637355496
V5.mp4,67,0,0,-2.1176697648134377
V5.mp4,68,0,0,-1.8400939483296996
V5.mp4,69,0,0,-1.5226852985571924
V5.mp4,70,0,0,-2.5495179043787344
V5.mp4,71,0,0,-2.097141928389838
V5.mp4,72,0,0,-2.576952978564012
V5.mp4,73,0,0,-2.907052014764811
V5.mp4,74,0,0,-2.927776838847013
V5.mp4,75,0,0,-2.9030112271408712
V5.mp4,76,0,0,-2.3734169069448923
V5.mp4,77,0,0,-2.5037925941599193
V5.mp4,78,0,0,-2.658300516863427
V5.mp4,79,0,0,-3.121157038467918
V5.mp4,80,0,0,-3.358232729028918
V5.mp4,81,0,0,-4.402487410798717
V5.mp4,82,0,0,-2.266822520946663
V5.mp4,83,0,0,-3.3276542784744194
V5.mp4,84,0,0,-2.9275509417536814
V5.mp4,85,0,0,-2.904153801188759
V5.mp4,86,0,0,-2.3659756404483976
V5.mp4,87,0,0,-1.6478492179004198
V5.mp4,88,0,0,-1.560589901766268
V5.mp4,89,0,0,-2.3315188178184463
V5.mp4,90,0,0,-2.218034371047602
V5.mp4,91,0,0,-1.9406496806480624
V5.mp4,92,0,0,-1.9291619567163365
V5.mp4,93,0,0,-2.0609411016405406
V5.mp4,94,0,0,-2.7801758818058935
V5.mp4,95,0,0,-2.6475105652557316
V5.mp4,96,0,0,-2.3810947575858945
V5.mp4,97,0,0,-2.351544001196897
V5.mp4,98,0,0,-2.2719396697590133
V5.mp4,99,0,0,-1.7996049684732873
V6.mp4,1,0,0,-2.127530637947421
V6.mp4,2,0,0,-1.3609786530072834
V6.mp4,3,0,0,-1.169512625623712
V6.mp4,4,0,0,-1.1631006053923185
V6.mp4,5,0,0,-0.48330309577612374
V6.mp4,6,0,0,-0.170867518548097
V6.mp4,7,0,0,-0.3615763743944007
V6.mp4,8,0,1,0.3930373109601826
V6.mp4,9,0,1,0.4772204257163939
V6.mp4,10,0,1,0.9134137265678894
V6.mp4,11,0,0,-0.29233417354814994
V6.mp4,12,0,1,0.5111541109228468
V6.mp4,13,0,0,-0.11600808776858385
V6.mp4,14,0,1,0.01023825634087383
V6.mp4,15,0,0,-0.1275114500801504
V6.mp4,16,0,0,-0.6086608394559414
V6.mp4,17,0,0,-0.38655932836975104
V6.mp4,18,0,0,-0.34907191008411176
V6.mp4,19,0,0,-0.41586718716849114
V6.mp4,20,0,0,-1.6269476294901681
V6.mp4,21,0,0,-0.987632622841416
V6.mp4,22,0,0,-0.9968069198980978
V6.mp4,23,0,0,-1.1866210506483823
V6.mp4,24,0,0,-1.2791713437302474
V6.mp4,25,0,0,-1.0706656304816642
V6.mp4,26,0,0,-0.34371307944069374
V6.mp4,27,0,0,-0.5962323999847536
V6.mp4,28,0,0,-0.7898336311257322
V6.mp4,29,0,0,-0.40093846033724767
V6.mp4,30,0,0,-1.5560967847216642
V6.mp4,31,0,0,-0.7756458962570436
V6.mp4,32,0,0,-0.6090049979556564
V6.mp4,33,0,0,-1.5585062441025794
V6.mp4,34,0,0,-0.718522466340509
V6.mp4,35,0,0,-0.7621651271913645
V6.mp4,36,0,0,-1.4007327207151525
V6.mp4,37,0,0,-0.5676210230091507
V6.mp4,38,0,0,-0.6823907861212094
V6.mp4,39,0,0,-1.0454529565348256
V6.mp4,40,0,0,-0.7069012185322965
V6.mp4,41,0,0,-1.1451073311484399
V6.mp4,42,0,0,-0.46802202524068215
V6.mp4,43,0,0,-0.5307295416367841
V6.mp4,44,0,0,-0.6274730111069914
V6.mp4,45,0,0,-0.745294452406543
V6.mp4,46,0,0,-0.13027747095943787
V6.mp4,47,0,0,-0.09304184250308789
V6.mp4,48,0,1,0.9126186506079408
V6.mp4,49,0,1,0.0023083996165085274
V6.mp4,50,0,1,0.7185590502935797
V6.mp4,51,0,0,-0.14670734627406223
V6.mp4,52,0,0,-0.902825049924991
V6.mp4,53,0,0,-0.07670989905242309
V6.mp4,54,0,1,0.19073593064443006
V6.mp4,55,0,0,-0.513309547715707
V6.mp4,56,1,1,0.5173025284013275
V6.mp4,57,1,0,-0.10866370621694643
V6.mp4,58,1,0,-1.142770412845308
V6.mp4,59,1,0,-0.28697582092436824
V6.mp4,60,1,1,0.9421766132926936
V6.mp4,61,0,1,0.09472037739876948
V6.mp4,62,0,1,0.1317059107181946
V6.mp4,63,0,0,-0.504635399187132
V6.mp4,64,0,0,-0.7590041829031496
V6.mp4,65,0,0,-1.5037946424831041
V6.mp4,66,0,0,-1.7292309327657898
V6.mp4,67,0,0,-0.9203255300976272
V6.mp4,68,0,0,-1.8617834540468454
V6.mp4,69,0,0,-1.6388013716178973
V6.mp4,70,0,0,-1.249852162185651
V6.mp4,71,0,0,-1.7058730722018063
V6.mp4,72,0,0,-1.3604521530570581
V6.mp4,73,0,0,-1.935884698027892
V6.mp4,74,0,0,-2.0415582875372333
V6.mp4,75,0,0,-1.9588343193406232
V6.mp4,76,0,0,-2.3633718733084597
V6.mp4,77,0,0,-2.3096554520395456
V6.mp4,78,0,0,-2.0635464977146163
V6.mp4,79,0,0,-2.090363091621186
V6.mp4,80,0,0,-2.444518910084806
V6.mp4,81,0,0,-1.8562409904809294
V6.mp4,82,0,0,-1.4618438424397473
V6.mp4,83,0,0,-0.8986834335001068
V6.mp4,84,0,0,-1.4562441638287402
V6.mp4,85,0,0,-0.6332152443327543
V6.mp4,86,0,0,-1.4724671586468159
V6.mp4,87,0,0,-0.9129299235431368
V6.mp4,88,0,0,-1.0164888711098596
V6.mp4,89,0,0,-1.1597605406366687
V6.mp4,90,0,0,-1.8077737724015024
V6.mp4,91,0,0,-1.0669845207670459
V6.mp4,92,0,0,-1.0663989297717213
V6.mp4,93,0,0,-0.493068823415429
V6.mp4,94,0,0,-0.5675272985694645
V6.mp4,95,0,0,-0.7943828204947871
V6.mp4,96,0,0,-1.2690867297736474
V6.mp4,97,0,0,-0.4792996564705667
V6.mp4,98,0,0,-1.5226389360245398
V6.mp4,99,0,0,-1.5130476147763785
V6.mp4,100,0,0,-1.5432074606140387
V6.mp4,101,0,0,-1.3180159758910783
V6.mp4,102,0,0,-0.9693426654362427
V6.mp4,103,0,0,-0.6130619618924218
V6.mp4,104,0,1,0.14369655000779047
V6.mp4,105,0,0,-0.7725977441707763
V6.mp4,106,0,0,-0.2723702231874454
V6.mp4,107,0,0,-0.6309255057190741
V6.mp4,108,0,0,-0.947890567690598
V6.mp4,109,0,0,-1.1585685832173236
V6.mp4,110,0,0,-1.3396395344218295
V6.mp4,111,0,0,-1.150986668530764
V6.mp4,112,0,0,-1.0261283338515528
V6.mp4,113,0,0,-1.3740146430780795
V6.mp4,114,0,0,-1.2871789156467748
V6.mp4,115,0,0,-1.6400298495790173
V6.mp4,116,0,0,-0.546690225467168
V6.mp4,117,0,0,-0.7466174854494881
V6.mp4,118,0,0,-0.8580351408977662
V6.mp4,119,0,0,-0.34365836653762827
V6.mp4,120,0,0,-0.5061110493242561
V6.mp4,121,0,0,-0.5125126988395313
V6.mp4,122,0,0,-0.9768872371572532
V6.mp4,123,0,0,-0.3710306190800068
V6.mp4,124,0,0,-1.5751424737180701
V6.mp4,125,0,0,-0.7278922931015097
V6.mp4,126,0,0,-1.0377651691781995
V6.mp4,127,0,0,-0.8948845038790597
V6.mp4,128,0,0,-1.4234325317196188
V6.mp4,129,0,0,-1.3837721582978006
V6.mp4,130,0,0,-1.956977836490946
V6.mp4,131,0,0,-1.4677303417105936
V6.mp4,132,0,0,-1.0859510748706764
V6.mp4,133,0,0,-0.8893737026878535
V6.mp4,134,0,0,-1.692985597753582
V6.mp4,135,0,0,-0.9680754285002634
V6.mp4,136,0,0,-1.2455262436607826
V6.mp4,137,0,0,-0.7098722802429287
V6.mp4,138,0,0,-1.2281647852606012
V6.mp4,139,0,0,-0.9010574485775997
V6.mp4,140,0,0,-1.2508420144192796
V6.mp4,141,0,0,-1.0292340071520183
V7.mp4,1,0,0,-2.835913028717612
V7.mp4,2,0,0,-2.4533823316014907
V7.mp4,3,0,0,-2.428934965153575
V7.mp4,4,0,0,-2.3140843469846937
V7.mp4,5,0,0,-2.528911786318073
V7.mp4,6,0,0,-2.7232530253055236
V7.mp4,7,0,0,-1.9733711350918164
V7.mp4,8,0,0,-1.4725664469807478
V7.mp4,9,0,0,-2.0709533210335476
V7.mp4,10,0,0,-1.7388266439317293
V7.mp4,11,0,0,-1.6476404722749034
V7.mp4,12,0,0,-1.829783592507047
V7.mp4,13,0,0,-1.57252608994082
V7.mp4,14,0,0,-1.016576342257873
V7.mp4,15,0,0,-0.9259053057243499
V7.mp4,16,0,0,-1.7611857431666949
V7.mp4,17,0,0,-1.4631758805568733
V7.mp4,18,0,0,-0.4735515484365883
V7.mp4,19,0,0,-0.5939297165697743
V7.mp4,20,0,0,-0.5640455992528404
V7.mp4,21,0,0,-0.9378607642524903
V7.mp4,22,0,0,-1.1694605114703265
V7.mp4,23,0,0,-1.4896457919870716
V7.mp4,24,0,0,-1.5014671998446738
V7.mp4,25,0,0,-1.0913386838472383
V7.mp4,26,0,0,-1.1680283521344417
V7.mp4,27,0,0,-0.8185374794506884
V7.mp4,28,0,0,-1.215505033253107
V7.mp4,29,0,0,-1.783890550264859
V7.mp4,30,0,0,-1.3236636828159045
V7.mp4,31,0,0,-0.9490045830974398
V7.mp4,32,0,0,-0.5848024792595322
V7.mp4,33,0,0,-0.2778396833464931
V7.mp4,34,0,1,0.3372594038864216
V7.mp4,35,0,0,-0.2470594782303035
V7.mp4,36,0,0,-0.042436789943135045
V7.mp4,37,0,0,-0.7356316556609737
V7.mp4,38,0,0,-0.002341979650723358
V7.mp4,39,0,0,-0.5437498992408245
V7.mp4,40,0,0,-0.570724901607893
V7.mp4,41,0,0,-0.3013387057403194
V7.mp4,42,0,0,-0.7446208878384176
V7.mp4,43,0,0,-1.1065235972830967
V7.mp4,44,0,0,-2.008932850804384
V7.mp4,45,0,0,-2.0701740506430966
V7.mp4,46,0,0,-2.27243540477855
V7.mp4,47,0,0,-1.124379516718129
V7.mp4,48,0,0,-1.9534904823371069
V7.mp4,49,0,0,-1.578716388944782
V7.mp4,50,0,0,-0.46945045118138284
V7.mp4,51,0,0,-0.1688471628907242
V7.mp4,52,0,0,-0.06410966504721372
V7.mp4,53,1,1,0.5404824640573136
V7.mp4,54,1,1,1.1254923190167487
V7.mp4,55,1,1,1.9014778139858441
V7.mp4,56,1,1,1.3948110903794524
V7.mp4,57,1,1,1.422021448279217
V7.mp4,58,0,1,1.955821134715696
V7.mp4,59,0,1,1.7262511807505627
V7.mp4,60,0,1,1.9719118352846337
V7.mp4,61,0,1,1.6966026811965456
V7.mp4,62,0,1,1.0474235729529375
V7.mp4,63,0,1,0.6892154152068668
V7.mp4,64,0,1,0.2720360636573411
V7.mp4,65,0,0,-0.20416103712414935
V7.mp4,66,0,0,-0.7929733732667658
V7.mp4,67,0,0,-1.0211058967047593
V7.mp4,68,0,0,-1.6072470177393767
V7.mp4,69,0,0,-0.7889358072710545
V7.mp4,70,0,0,-0.9688618133517203
V7.mp4,71,0,0,-1.2110487431197092
V7.mp4,72,0,0,-1.827648232007634
V7.mp4,73,0,0,-1.3835383555436431
V7.mp4,74,0,0,-0.811264799329671
V7.mp4,75,0,0,-0.7671408527728683
V7.mp4,76,0,0,-0.7970498451863801
V7.mp4,77,0,0,-0.5218334209877711
V7.mp4,78,0,0,-0.696653325452375
V7.mp4,79,0,0,-1.4092924957484172
V7.mp4,80,0,0,-0.4149149422602918
V7.mp4,81,0,0,-0.5648645954319962
V7.mp4,82,0,0,-0.20167348392163142
V7.mp4,83,0,0,-0.7459003205663366
V7.mp4,84,0,0,-0.6146903150644428
V7.mp4,85,0,0,-0.8207196991813988
V7.mp4,86,0,0,-0.9150490043991146
V7.mp4,87,0,0,-0.9630212764861846
V7.mp4,88,0,0,-0.5737434746862148
V7.mp4,89,0,0,-1.138098041819309
V7.mp4,90,0,0,-0.26675380579876395
V7.mp4,91,0,0,-0.8237092033777456
V7.mp4,92,0,0,-0.5341107992989252
V7.mp4,93,0,0,-1.2446131749788452
V7.mp4,94,0,0,-1.0473016154976225
V7.mp4,95,0,0,-0.3229579151279569
V7.mp4,96,0,0,-1.2901740439727323
V7.mp4,97,0,0,-0.5121822109341934
V7.mp4,98,0,0,-0.8727101153971499
V7.mp4,99,0,0,-0.9136515718606799
V7.mp4,100,0,0,-1.09243453248205
V7.mp4,101,0,0,-0.9074581682366804
V7.mp4,102,0,0,-1.0262169424426775
V7.mp4,103,0,0,-0.9843635411716607
V7.mp4,104,0,0,-0.7782451618600383
V7.mp4,105,0,0,-1.1001093115536171
V7.mp4,106,0,0,-1.0082751550075062
V7.mp4,107,0,0,-1.327406549348896
V7.mp4,108,0,0,-1.346386702295888
V7.mp4,109,0,0,-0.8390564874129129
V7.mp4,110,0,0,-0.47675162943387595
V8.mp4,1,0,0,-1.9413870732418634
V8.mp4,2,0,0,-1.2547320793521486
V8.mp4,3,0,0,-0.992321323506588
V8.mp4,4,0,0,-0.688965628695525
V8.mp4,5,0,0,-0.842601359797609
V8.mp4,6,0,0,-0.41624907702963077
V8.mp4,7,0,0,-0.7948453998430106
V8.mp4,8,0,0,-0.4235981653379872
V8.mp4,9,0,0,-0.4503258166674018
V8.mp4,10,0,0,-1.1772774211820076
V8.mp4,11,0,0,-1.3314977472075036
V8.mp4,12,0,0,-1.7821595801182002
V8.mp4,13,0,0,-2.07220581987352
V8.mp4,14,0,0,-1.8242067885842927
V8.mp4,15,0,0,-1.9891035630938714
V8.mp4,16,0,0,-1.9215372754542126
V8.mp4,17,0,0,-0.20527281475144954
V8.mp4,18,0,0,-0.468322124509278
V8.mp4,19,0,1,0.257922372375895
V8.mp4,20,0,0,-0.5185902323712903
V8.mp4,21,0,0,-0.26982467273347144
V8.mp4,22,0,0,-0.5340384024738751
V8.mp4,23,0,0,-0.9357817957995225
V8.mp4,24,0,0,-0.9515071146030223
V8.mp4,25,0,0,-1.2224320767834784
V8.mp4,26,0,0,-1.4837290272588604
V8.mp4,27,0,0,-1.4975215417019834
V8.mp4,28,0,0,-1.177220263475713
V8.mp4,29,0,0,-1.1381403445281992
V8.mp4,30,0,0,-0.38749348923269356
V8.mp4,31,0,0,-0.3006849263006861
V8.mp4,32,0,0,-0.9106421219033993
V8.mp4,33,0,0,-0.9973564680968647
V8.mp4,34,0,0,-1.3072595717360012
V8.mp4,35,0,0,-2.10629347734448
V8.mp4,36,0,0,-1.1095071157790946
V8.mp4,37,0,0,-1.4443800500900672
V8.mp4,38,0,0,-2.253028112313935
V8.mp4,39,0,0,-2.2163839640137875
V8.mp4,40,0,0,-1.9872104544867324
V8.mp4,41,0,0,-1.659420701366619
V8.mp4,42,0,0,-1.2643609088042136
V8.mp4,43,0,0,-0.7753091680674195
V8.mp4,44,0,0,-0.38372359402068
V8.mp4,45,0,0,-0.328369372420694
V8.mp4,46,0,0,-0.8343407168546618
V8.mp4,47,0,0,-0.8090795947895361
V8.mp4,48,0,0,-0.8066114969451411
V8.mp4,49,0,0,-0.17050726128719074
V8.mp4,50,0,1,0.30010583574398586
V8.mp4,51,1,0,-0.12916529480261052
V8.mp4,52,1,0,-0.925387958503803
V8.mp4,53,1,0,-1.4162571851628591
V8.mp4,54,1,0,-1.2905793686486753
V8.mp4,55,1,1,0.5399333027683975
V8.mp4,56,0,1,0.888560990477905
V8.mp4,57,0,1,0.09452815187767305
V8.mp4,58,0,1,0.9901569530319336
V8.mp4,59,0,1,0.33142194933851465
V8.mp4,60,0,1,0.28558103557834036
V8.mp4,61,0,1,0.2648319145788478
V8.mp4,62,0,1,0.22021317034401666
V8.mp4,63,0,0,-0.6004463181725608
V8.mp4,64,0,0,-1.1896196480988386
V8.mp4,65,0,0,-0.6982891789154159
V8.mp4,66,0,0,-0.996321780155317
V8.mp4,67,0,0,-1.726382642240687
V8.mp4,68,0,0,-0.9337635121054713
V8.mp4,69,0,0,-1.2785824679089632
V8.mp4,70,0,0,-1.5544005231642297
V8.mp4,71,0,0,-1.875886535120027
V8.mp4,72,0,0,-1.7633021057024214
V8.mp4,73,0,0,-2.386455133096757
V8.mp4,74,0,0,-1.9310069066271307
V8.mp4,75,0,0,-1.6724735765903882
V8.mp4,76,0,0,-2.7101218152082787
V8.mp4,77,0,0,-2.132107811202066
V8.mp4,78,0,0,-1.9515328553320321
V8.mp4,79,0,0,-2.04909690169523
V8.mp4,80,0,0,-1.9842477915361276
V8.mp4,81,0,0,-1.9593507826306937
V8.mp4,82,0,0,-1.6028709076283087
V8.mp4,83,0,0,-1.9333314705968823
V8.mp4,84,0,0,-2.161319265389334
V8.mp4,85,0,0,-2.4258887790330776
V8.mp4,86,0,0,-2.7365014500509033
V8.mp4,87,0,0,-2.7131366534139696
V8.mp4,88,0,0,-2.488068815301469
V8.mp4,89,0,0,-2.7726158227124573
V8.mp4,90,0,0,-1.99491851903784
V8.mp4,91,0,0,-2.0520389052814707
V8.mp4,92,0,0,-2.0932550540390866
V8.mp4,93,0,0,-0.6914809113399792
V8.mp4,94,0,0,-1.8577253518265715
V8.mp4,95,0,0,-0.6960826289859801
V8.mp4,96,0,0,-1.1899385719448132
V8.mp4,97,0,0,-1.2998772937656706
V8.mp4,98,0,0,-1.3594351783781158
V8.mp4,99,0,0,-1.3496839627295638
V8.mp4,100,0,0,-1.1568375231083996
V8.mp4,101,0,0,-1.5343178270273528
V8.mp4,102,0,0,-1.6942561485998047
V8.mp4,103,0,0,-1.8065526326802366
V8.mp4,104,0,0,-1.9257559195408211
V8.mp4,105,0,0,-1.4121661013163462
V8.mp4,106,0,0,-1.0071787669425671
V8.mp4,107,0,0,-1.4416479588211597
V8.mp4,108,0,0,-1.4094677039448453
V8.mp4,109,0,0,-1.5231939130821384
V8.mp4,110,0,0,-1.3771421585237595
V8.mp4,111,0,0,-1.5440892519019862
V8.mp4,112,0,0,-0.9418127256796507
V8.mp4,113,0,0,-1.0935048129598894
V8.mp4,114,0,0,-2.148865749510252
V8.mp4,115,0,0,-2.2976105293184097
V8.mp4,116,0,0,-2.061822033355643
V8.mp4,117,0,0,-2.339385120697024
V8.mp4,118,0,0,-2.07395169492184
V8.mp4,119,0,0,-2.43639454633709
V8.mp4,120,0,0,-2.3242109634681305
V8.mp4,121,0,0,-1.8830817903731787
V8.mp4,122,0,0,-1.3965239051369605
V8.mp4,123,0,0,-1.3927411940404786
V8.mp4,124,0,0,-1.6428320160515293
V8.mp4,125,0,0,-1.6543665927617177
V8.mp4,126,0,0,-1.9012281547683805
V8.mp4,127,0,0,-1.8876863103251753
V9.mp4,1,0,0,-1.0352905526208573
V9.mp4,2,0,0,-1.0117261625781955
V9.mp4,3,0,0,-1.0544148689319912
V9.mp4,4,0,0,-1.247872064221582
V9.mp4,5,0,0,-1.991986591327569
V9.mp4,6,0,0,-1.748151857846818
V9.mp4,7,0,0,-1.9533742114748343
V9.mp4,8,0,0,-2.363734874663099
V9.mp4,9,0,0,-2.41588185009822
V9.mp4,10,0,0,-1.9741141352091
V9.mp4,11,0,0,-1.2979406141576355
V9.mp4,12,0,0,-1.5617106567275008
V9.mp4,13,0,0,-1.7518778084033102
V9.mp4,14,0,0,-1.0595672643079166
V9.mp4,15,0,0,-1.0209814519395382
V9.mp4,16,0,0,-1.3347024909120586
V9.mp4,17,0,0,-0.3342821073815738
V9.mp4,18,0,0,-0.45234671367964097
V9.mp4,19,0,0,-1.3443546225778107
V9.mp4,20,0,0,-0.9779661980417069
V9.mp4,21,0,0,-0.6981985853483524
V9.mp4,22,0,0,-1.2101449876127552
V9.mp4,23,0,0,-1.047464095126868
V9.mp4,24,0,0,-1.1317154668335305
V9.mp4,25,0,0,-1.3945149965487444
V9.mp4,26,0,0,-1.3428828909656283
V9.mp4,27,0,0,-1.1429050380552752
V9.mp4,28,0,0,-1.1325601319410648
V9.mp4,29,0,0,-1.0552209370729386
V9.mp4,30,0,0,-0.7855286931232929
V9.mp4,31,0,0,-0.8184650013248663
V9.mp4,32,0,0,-1.4804567825351116
V9.mp4,33,0,0,-1.2478396372237404
V9.mp4,34,0,0,-1.2198533141141485
V9.mp4,35,0,0,-1.1148155828672213
V9.mp4,36,0,0,-0.29283613366342776
V9.mp4,37,0,0,-0.35689126760104384
V9.mp4,38,0,0,-0.7535399669921161
V9.mp4,39,0,0,-1.4716612618972271
V9.mp4,40,0,0,-1.3569367727238906
V9.mp4,41,0,0,-1.4862251879678894
V9.mp4,42,0,0,-1.0886517265033584
V9.mp4,43,0,0,-0.7908652218287098
V9.mp4,44,0,0,-1.2392895381950548
V9.mp4,45,0,0,-1.2584768491264482
V9.mp4,46,0,0,-1.1874620099029816
V9.mp4,47,0,0,-1.3077135610790556
V9.mp4,48,0,0,-1.15233291878481
V9.mp4,49,0,0,-1.1663669877470417
V9.mp4,50,0,0,-0.7113366171729864
V9.mp4,51,0,0,-0.5623707312806775
V9.mp4,52,0,0,-1.3606638243349067
V9.mp4,53,0,0,-1.8020466903006378
V9.mp4,54,0,0,-1.5759092359350066
V9.mp4,55,0,0,-1.5073322344794682
V9.mp4,56,0,0,-1.060897627958152
V9.mp4,57,0,0,-2.1183552288358776
V9.mp4,58,0,0,-2.123915112193846
V9.mp4,59,0,0,-2.1466115486557737
V9.mp4,60,0,0,-2.337259154535465
V9.mp4,61,0,0,-2.53503711869252
V9.mp4,62,0,0,-2.478340862225947
V9.mp4,63,0,0,-1.6657895163360972
V9.mp4,64,0,0,-1.3233751031602723
V9.mp4,65,0,0,-1.7466418843802491
V9.mp4,66,0,0,-1.347980002145684
V9.mp4,67,0,0,-1.4263437789207583
V9.mp4,68,0,0,-1.8047235180668224
V9.mp4,69,0,0,-1.3301764610696254
V9.mp4,70,0,0,-1.6796527092360418
V9.mp4,71,0,0,-1.131563913117549
V9.mp4,72,0,0,-0.8021576025438508
V9.mp4,73,0,0,-1.193565892461423
V9.mp4,74,0,0,-1.5106965604881093
V9.mp4,75,0,0,-2.0606969406450815
V9.mp4,76,0,0,-2.0120575573873323
V9.mp4,77,0,0,-1.750955491123058
V9.mp4,78,0,0,-1.706179693271721
V9.mp4,79,0,0,-1.6537121894569218
V9.mp4,80,0,0,-1.7125425471453686
V9.mp4,81,0,0,-2.642236718120957
V9.mp4,82,0,0,-1.9867598341559267
V9.mp4,83,0,0,-2.654482928416215
V9.mp4,84,0,0,-1.8067329120143458
V9.mp4,85,0,0,-2.372942268880312
V9.mp4,86,0,0,-2.1205514121609292
V9.mp4,87,0,0,-2.0735133950054294
V9.mp4,88,0,0,-2.0663059373469252
V9.mp4,89,0,0,-1.6513788383707837
V9.mp4,90,0,0,-2.1951103792054343
V9.mp4,91,0,0,-1.7388367807894203
V9.mp4,92,0,0,-2.409783335832051
V9.mp4,93,0,0,-2.573835352448633
V9.mp4,94,0,0,-2.686385791646625
V9.mp4,95,0,0,-2.542765506939661
V9.mp4,96,0,0,-2.552048598664774
V9.mp4,97,0,0,-1.9060778409527175
V9.mp4,98,0,0,-1.8459348407348524
V9.mp4,99,0,0,-1.9868263521290148
V9.mp4,100,0,0,-2.8519196935102764
V9.mp4,101,0,0,-2.748224473529798
V9.mp4,102,0,0,-2.8412393447324664
V9.mp4,103,0,0,-2.6163736804441644
V9.mp4,104,0,0,-3.1692866069968346
V9.mp4,105,0,0,-2.446751706028172
V9.mp4,106,0,0,-2.732668527761623
V9.mp4,107,0,0,-2.4502984163864125
V9.mp4,108,0,0,-2.2828757242993807
V9.mp4,109,0,0,-2.765806738520122
V9.mp4,110,0,0,-2.1013069414649985
V9.mp4,111,0,0,-2.7358415664455964
V9.mp4,112,0,0,-2.9005343487232977
V9.mp4,113,0,0,-3.0193356051003453
V9.mp4,114,0,0,-3.097443871353458
V9.mp4,115,0,0,-3.361464154225515
V9.mp4,116,0,0,-2.9980892312492267
V9.mp4,117,0,0,-3.3718098001264023
V9.mp4,118,0,0,-3.3150236070942425
V9.mp4,119,0,0,-3.480513589538279
V9.mp4,120,0,0,-2.7975153942778688
V9.mp4,121,0,0,-3.421595905083823
V9.mp4,122,0,0,-2.520254834518202
V9.mp4,123,0,0,-2.0278767477693913
V9.mp4,124,0,0,-0.5127003047055523
V9.mp4,125,0,0,-2.087710445172592
V9.mp4,126,0,0,-2.779517539133222
V9.mp4,127,0,0,-2.9944121017342322
V9.mp4,128,0,0,-2.9500490225099156
V9.mp4,129,0,0,-2.0078026521972077
V9.mp4,130,0,0,-2.1905153177261982
V9.mp4,131,0,0,-2.5344316304406
V9.mp4,132,0,0,-1.994651515117858
V9.mp4,133,0,0,-1.366898582228082
V9.mp4,134,0,0,-0.9676066834738567
V9.mp4,135,0,0,-1.2178392360911314
V9.mp4,136,0,0,-1.5765681317505758
V9.mp4,137,0,0,-1.9384064668645
V9.mp4,138,0,0,-2.844193875493252
V9.mp4,139,0,0,-2.218814055433633
V9.mp4,140,0,0,-2.633795159314549
V9.mp4,141,0,0,-2.967795885907006
V9.mp4,142,0,0,-2.485218805960373
V9.mp4,143,0,0,-1.229524344210513
V9.mp4,144,0,0,-1.4640884225915558
V9.mp4,145,0,0,-1.3365849368831015
V9.mp4,146,0,0,-1.5741215563804911
V9.mp4,147,0,0,-1.2906928341862405
V9.mp4,148,0,0,-1.887871350539882
V9.mp4,149,0,0,-1.9915048405422138
V9.mp4,150,0,0,-1.9582540005289875
V9.mp4,151,0,0,-1.957237917593857
V9.mp4,152,0,0,-2.3298620714623564
V9.mp4,153,0,0,-2.217661102830051
V9.mp4,154,0,0,-1.9232930287696042
V9.mp4,155,0,0,-1.283509585974455
V9.mp4,156,0,0,-1.515392002590299
V9.mp4,157,0,0,-2.3056047107767133
V9.mp4,158,0,0,-2.171569814021046
V9.mp4,159,0,0,-2.423037661499264
V9.mp4,160,0,0,-1.5792962742793961
V9.mp4,161,0,0,-2.277995769891277
V9.mp4,162,0,0,-2.7776632974686346
V9.mp4,163,0,0,-1.9841754877112914
V9.mp4,164,0,0,-2.9399365973512728
V9.mp4,165,0,0,-2.920855744137433
V9.mp4,166,0,0,-2.309178930606543
V9.mp4,167,0,0,-2.5213558631239184
V9.mp4,168,0,0,-2.65170264763609
V9.mp4,169,0,0,-2.4656594627674724
V9.mp4,170,0,0,-2.0125351025551144
V9.mp4,171,0,0,-2.456384942638644
V9.mp4,172,0,0,-2.8010921479164343
V9.mp4,173,0,0,-3.0570802382998536
V9.mp4,174,0,0,-3.1675548948435814
V9.mp4,175,0,0,-2.743956946716321
V9.mp4,176,0,0,-3.5240373994225793
V9.mp4,177,0,0,-3.7071485357329808
V9.mp4,178,0,0,-3.2447931178714207
V9.mp4,179,0,0,-3.0514293873113263
V9.mp4,180,0,0,-2.5104391561878323
V9.mp4,181,0,0,-2.505138922471923
V9.mp4,182,0,0,-2.288790012839434
V9.mp4,183,0,0,-2.309361393510907
V9.mp4,184,0,0,-1.792741011439365
V9.mp4,185,0,0,-1.063472026588905
V9.mp4,186,0,0,-1.705349552785794
V9.mp4,187,0,0,-2.2015940107102114
V9.mp4,188,0,0,-2.6418989052887487
V9.mp4,189,0,0,-3.054124173460193
V9.mp4,190,0,0,-2.7427592216114145
V9.mp4,191,0,0,-2.786366370855302
V9.mp4,192,0,0,-2.6507247798619717
V9.mp4,193,0,0,-2.9513343823053253
V9.mp4,194,0,0,-2.972633742559239
V9.mp4,195,0,0,-3.192807011025252
V9.mp4,196,0,0,-2.7773555298744217
V9.mp4,197,0,0,-3.472988978220454
V9.mp4,198,0,0,-3.6992969937257945
V9.mp4,199,0,0,-3.3163224880949835
V9.mp4,200,0,0,-3.2150894415164584
V9.mp4,201,0,0,-2.7783335255559707
V9.mp4,202,0,0,-2.082534145651754
V9.mp4,203,0,0,-1.8976976788808675
V9.mp4,204,0,0,-1.7348855416882234
V9.mp4,205,0,0,-1.7013982229483733
V9.mp4,206,0,0,-1.4305480652795597
V9.mp4,207,0,0,-1.2837358334356064
V9.mp4,208,0,0,-1.0492508891036971
V9.mp4,209,0,0,-0.6870575548788672
V9.mp4,210,0,0,-1.154504859655269
V9.mp4,211,0,0,-1.6495266146828838
V9.mp4,212,0,0,-1.6843538680018768
V9.mp4,213,0,0,-1.6386122146789743
V9.mp4,214,0,0,-1.1731811549661986
V9.mp4,215,0,0,-0.798322067852376
V9.mp4,216,0,0,-1.111941393886229
V9.mp4,217,0,0,-1.6101558695305447
V9.mp4,218,0,0,-2.0139264883913333
V9.mp4,219,0,0,-2.041205613480275
V9.mp4,220,0,0,-0.8357481295382638
V9.mp4,221,0,0,-1.3739473693895792
V9.mp4,222,0,0,-1.3101635533595792
V9.mp4,223,0,0,-1.6298626530854332
V9.mp4,224,0,0,-1.603266438042237
V9.mp4,225,0,0,-1.6019499092618896
V9.mp4,226,0,0,-1.4039622928989204
V9.mp4,227,0,0,-1.0298072690815856
V9.mp4,228,0,0,-1.0027215906593805
V9.mp4,229,0,0,-1.7188744866654095
V9.mp4,230,0,0,-1.3764865950530305
V9.mp4,231,0,0,-0.4621596562536052
V9.mp4,232,0,0,-0.7021222625333071
V9.mp4,233,0,0,-1.2602205448777732
V9.mp4,234,0,0,-0.8048995028062573
V9.mp4,235,0,0,-1.128312007906175
V9.mp4,236,0,0,-0.8155860075327973
V9.mp4,237,0,0,-0.9549956170219819
V9.mp4,238,0,0,-1.7452625449137242
V9.mp4,239,0,0,-1.5768691264970205
V9.mp4,240,0,0,-1.673271279679748
V9.mp4,241,1,0,-2.239836309029648
V9.mp4,242,1,0,-2.1413999242292148
V9.mp4,243,1,0,-1.862493121381416
V9.mp4,244,1,0,-1.814368361317055
V9.mp4,245,1,0,-2.641852641493794
V9.mp4,246,0,0,-1.3455909729866313
V9.mp4,247,0,0,-0.6023460012132604
V9.mp4,248,0,0,-0.6556455143319099
V9.mp4,249,0,0,-1.0022057474136385
V9.mp4,250,0,0,-1.0971603128127636
V9.mp4,251,0,0,-1.5357387364429378
V9.mp4,252,0,0,-2.038388833380585
V9.mp4,253,0,0,-2.458675644247921
V9.mp4,254,0,0,-2.090183471469957
V9.mp4,255,0,0,-2.4501507370665037
V9.mp4,256,0,0,-1.9972910861306388
V9.mp4,257,0,0,-1.8898165106617015
V9.mp4,258,0,0,-2.9946739669963938
V9.mp4,259,0,0,-2.6619403208231844
V9.mp4,260,0,0,-2.3298040041429933
V9.mp4,261,0,0,-2.3229287632198483
V9.mp4,262,0,0,-1.8896328277958967
V9.mp4,263,0,0,-1.7269560228032272
V9.mp4,264,0,0,-1.6590703209868978
V9.mp4,265,0,0,-1.8860291300991678
V9.mp4,266,0,0,-2.054154733896874
V9.mp4,267,0,0,-2.0037763408957674
V9.mp4,268,0,0,-1.5825723885501732
V9.mp4,269,0,0,-2.25398456839799
V9.mp4,270,0,0,-2.32977027416885
V9.mp4,271,0,0,-2.2322847497106015
V9.mp4,272,0,0,-2.442677192586557
V9.mp4,273,0,0,-2.349117375343076
V9.mp4,274,0,0,-2.3391806497818375
V9.mp4,275,0,0,-1.5484499966728158
V9.mp4,276,0,0,-2.0992685306361905
V9.mp4,277,0,0,-2.3577857154455883
V9.mp4,278,0,0,-1.3044852018849458
V9.mp4,279,0,0,-1.7917182959774767
V9.mp4,280,0,0,-2.0138858996096256
V9.mp4,281,0,0,-2.0853031872883907
V9.mp4,282,0,0,-2.1399625243031486
V9.mp4,283,0,0,-1.7188136368858073
V9.mp4,284,0,0,-1.898757985157699
V9.mp4,285,0,0,-2.2833120177029116
V9.mp4,286,0,0,-2.0959157164738818
V9.mp4,287,0,0,-2.2550611579110154
V9.mp4,288,0,0,-2.438352127125574
V9.mp4,289,0,0,-2.3079911621631224
V9.mp4,290,0,0,-2.076512145954528
V9.mp4,291,0,0,-2.0129045806250856
V9.mp4,292,0,0,-2.5291745256463303
V9.mp4,293,0,0,-2.991814261744011
V9.mp4,294,0,0,-2.321041502883821
V9.mp4,295,0,0,-1.6305550519971022
V9.mp4,296,0,0,-1.4588091984442546
V9.mp4,297,0,0,-1.850957798821876
V9.mp4,298,0,0,-1.9740863795564445
V9.mp4,299,0,0,-2.163082386155493
V9.mp4,300,0,0,-1.7190073397723453
