video_name,center_frame,true_label,pred_label,score
V1.mp4,1,0,1,0.5246150778267863
V1.mp4,2,0,1,0.5246150778267863
V1.mp4,3,0,1,0.5246150778267863
V1.mp4,4,0,1,0.5246150778267863
V1.mp4,5,0,1,0.5246150778267863
V1.mp4,6,0,1,0.5246150778267863
V1.mp4,7,0,1,0.5246150778267863
V1.mp4,8,0,1,0.5246150778267863
V1.mp4,9,0,1,0.5246150778267863
V1.mp4,10,0,1,0.5246150778267863
V1.mp4,11,0,1,0.5246150778267863
V1.mp4,12,0,1,0.5246150778267863
V1.mp4,13,0,1,0.5246150778267863
V1.mp4,14,0,1,0.5246150778267863
V1.mp4,15,0,1,0.5246150778267863
V1.mp4,16,0,1,0.5246150778267863
V1.mp4,17,0,1,0.5246150778267863
V1.mp4,18,0,1,0.5246150778267863
V1.mp4,19,0,1,0.5246150778267863
V1.mp4,20,0,1,0.5246150778267863
V1.mp4,21,0,1,0.5246150778267863
V1.mp4,22,0,1,0.5246150778267863
V1.mp4,23,0,1,0.5246150778267863
V1.mp4,24,0,1,0.5246150778267863
V1.mp4,25,0,1,0.5246150778267863
V1.mp4,26,0,1,0.5246150778267863
V1.mp4,27,0,1,0.5246150778267863
V1.mp4,28,0,1,0.5246150778267863
V1.mp4,29,0,1,0.5246150778267863
V1.mp4,30,0,1,0.5246150778267863
V1.mp4,31,0,1,0.5246150778267863
V1.mp4,32,0,1,0.5246150778267863
V1.mp4,33,0,1,0.5246150778267863
V1.mp4,34,0,1,0.5246150778267863
V1.mp4,35,0,1,0.5246150778267863
V1.mp4,36,0,1,0.5246150778267863
V1.mp4,37,0,1,0.5246150778267863
V1.mp4,38,0,1,0.5246150778267863
V1.mp4,39,0,1,0.5246150778267863
V1.mp4,40,0,1,0.5246150778267863
V1.mp4,41,0,1,0.5246150778267863
V1.mp4,42,0,1,0.5246150778267863
V1.mp4,43,0,1,0.5246150778267863
V1.mp4,44,0,1,0.5246150778267863
V1.mp4,45,0,1,0.5246150778267863
V1.mp4,46,0,1,0.5246150778267863
V1.mp4,47,0,1,0.5246150778267863
V1.mp4,48,0,1,0.5246150778267863
V1.mp4,49,0,1,0.5246150778267863
V1.mp4,50,0,1,0.5246150778267863
V1.mp4,51,0,1,0.5246150778267863
V1.mp4,52,0,1,0.5246150778267863
V1.mp4,53,0,1,0.5246150778267863
V1.mp4,54,0,1,0.5246150778267863
V1.mp4,55,0,1,0.5246150778267863
V1.mp4,56,0,1,0.5246150778267863
V1.mp4,57,0,1,0.5246150778267863
V1.mp4,58,0,1,0.5246150778267863
V1.mp4,59,0,1,0.5246150778267863
V1.mp4,60,0,1,0.5246150778267863
V1.mp4,61,0,1,0.5246150778267863
V1.mp4,62,0,1,0.5246150778267863
V1.mp4,63,0,1,0.5246150778267863
V1.mp4,64,0,1,0.5246150778267863
V1.mp4,65,0,1,0.5246150778267863
V1.mp4,66,0,1,0.5246150778267863
V1.mp4,67,0,1,0.5246150778267863
V1.mp4,68,0,1,0.5246150778267863
V1.mp4,69,0,1,0.5246150778267863
V1.mp4,70,0,1,0.5246150778267863
V1.mp4,71,0,1,0.5246150778267863
V1.mp4,72,0,1,0.5246150778267863
V1.mp4,73,0,1,0.5246150778267863
V1.mp4,74,0,1,0.5246150778267863
V1.mp4,75,0,1,0.5246150778267863
V1.mp4,76,0,1,0.5246150778267863
V1.mp4,77,0,1,0.5246150778267863
V1.mp4,78,0,1,0.5246150778267863
V1.mp4,79,0,1,0.5246150778267863
V1.mp4,80,0,1,0.5246150778267863
V1.mp4,81,0,1,0.5246150778267863
V1.mp4,82,0,1,0.5246150778267863
V1.mp4,83,0,1,0.5246150778267863
V1.mp4,84,0,1,0.5246150778267863
V1.mp4,85,0,1,0.5246150778267863
V1.mp4,86,0,1,0.5246150778267863
V1.mp4,87,0,1,0.5246150778267863
V1.mp4,88,0,1,0.5246150778267863
V1.mp4,89,0,1,0.5246150778267863
V1.mp4,90,0,1,0.5246150778267863
V1.mp4,91,0,1,0.5246150778267863
V1.mp4,92,0,1,0.5246150778267863
V1.mp4,93,0,1,0.5246150778267863
V1.mp4,94,0,1,0.5246150778267863
V1.mp4,95,0,1,0.5246150778267863
V1.mp4,96,0,1,0.5246150778267863
V1.mp4,97,0,1,0.5246150778267863
V1.mp4,98,0,1,0.5246150778267863
V1.mp4,99,0,1,0.5246150778267863
V1.mp4,100,0,1,0.5246150778267863
V1.mp4,101,0,1,0.5246150778267863
V1.mp4,102,0,1,0.5246150778267863
V1.mp4,103,0,1,0.5246150778267863
V1.mp4,104,0,1,0.5246150778267863
V1.mp4,105,0,1,0.5246150778267863
V1.mp4,106,0,1,0.5246150778267863
V1.mp4,107,0,1,0.5246150778267863
V1.mp4,108,0,1,0.5246150778267863
V1.mp4,109,0,1,0.5246150778267863
V1.mp4,110,0,1,0.5246150778267863
V1.mp4,111,0,1,0.5246150778267863
V1.mp4,112,0,1,0.5246150778267863
V1.mp4,113,0,1,0.5246150778267863
V1.mp4,114,0,1,0.5246150778267863
V1.mp4,115,0,1,0.5246150778267863
V1.mp4,116,0,1,0.5246150778267863
V1.mp4,117,0,1,0.5246150778267863
V1.mp4,118,0,1,0.5246150778267863
V1.mp4,119,0,1,0.5246150778267863
V1.mp4,120,1,1,0.5246150778267863
V1.mp4,121,1,1,0.5246150778267863
V1.mp4,122,1,1,0.5246150778267863
V1.mp4,123,1,1,0.5246150778267863
V1.mp4,124,1,1,0.5246150778267863
V1.mp4,125,0,1,0.5246150778267863
V1.mp4,126,0,1,0.5246150778267863
V1.mp4,127,0,1,0.5246150778267863
V1.mp4,128,0,1,0.5246150778267863
V1.mp4,129,0,1,0.5246150778267863
V1.mp4,130,0,1,0.5246150778267863
V1.mp4,131,0,1,0.5246150778267863
V1.mp4,132,0,1,0.5246150778267863
V1.mp4,133,0,1,0.5246150778267863
V1.mp4,134,0,1,0.5246150778267863
V1.mp4,135,0,1,0.5246150778267863
V1.mp4,136,0,1,0.5246150778267863
V1.mp4,137,0,1,0.5246150778267863
V1.mp4,138,0,1,0.5246150778267863
V1.mp4,139,0,1,0.5246150778267863
V1.mp4,140,0,1,0.5246150778267863
V1.mp4,141,0,1,0.5246150778267863
V1.mp4,142,0,1,0.5246150778267863
V1.mp4,143,0,1,0.5246150778267863
V1.mp4,144,0,1,0.5246150778267863
V1.mp4,145,0,1,0.5246150778267863
V1.mp4,146,0,1,0.5246150778267863
V1.mp4,147,0,1,0.5246150778267863
V1.mp4,148,0,1,0.5246150778267863
V1.mp4,149,0,1,0.5246150778267863
V1.mp4,150,0,1,0.5246150778267863
V1.mp4,151,0,1,0.5246150778267863
V1.mp4,152,0,1,0.5246150778267863
V1.mp4,153,0,1,0.5246150778267863
V1.mp4,154,0,1,0.5246150778267863
V1.mp4,155,0,1,0.5246150778267863
V1.mp4,156,0,1,0.5246150778267863
V1.mp4,157,0,1,0.5246150778267863
V1.mp4,158,0,1,0.5246150778267863
V1.mp4,159,0,1,0.5246150778267863
V1.mp4,160,0,1,0.5246150778267863
V1.mp4,161,0,1,0.5246150778267863
V1.mp4,162,0,1,0.5246150778267863
V1.mp4,163,0,1,0.5246150778267863
V1.mp4,164,0,1,0.5246150778267863
V1.mp4,165,0,1,0.5246150778267863
V1.mp4,166,0,1,0.5246150778267863
V1.mp4,167,0,1,0.5246150778267863
V1.mp4,168,0,1,0.5246150778267863
V1.mp4,169,0,1,0.5246150778267863
V1.mp4,170,0,1,0.5246150778267863
V1.mp4,171,0,1,0.5246150778267863
V1.mp4,172,0,1,0.5246150778267863
V1.mp4,173,0,1,0.5246150778267863
V1.mp4,174,0,1,0.5246150778267863
V1.mp4,175,0,1,0.5246150778267863
V1.mp4,176,0,1,0.5246150778267863
V1.mp4,177,0,1,0.5246150778267863
V1.mp4,178,0,1,0.5246150778267863
V1.mp4,179,0,1,0.5246150778267863
V1.mp4,180,0,1,0.5246150778267863
V1.mp4,181,0,1,0.5246150778267863
V1.mp4,182,0,1,0.5246150778267863
V1.mp4,183,0,1,0.5246150778267863
V1.mp4,184,0,1,0.5246150778267863
V1.mp4,185,0,1,0.5246150778267863
V1.mp4,186,0,1,0.5246150778267863
V1.mp4,187,0,1,0.5246150778267863
V1.mp4,188,0,1,0.5246150778267863
V1.mp4,189,0,1,0.5246150778267863
V1.mp4,190,0,1,0.5246150778267863
V1.mp4,191,0,1,0.5246150778267863
V1.mp4,192,0,1,0.5246150778267863
V1.mp4,193,0,1,0.5246150778267863
V1.mp4,194,0,1,0.5246150778267863
V1.mp4,195,0,1,0.5246150778267863
V1.mp4,196,0,1,0.5246150778267863
V1.mp4,197,0,1,0.5246150778267863
V1.mp4,198,0,1,0.5246150778267863
V1.mp4,199,0,1,0.5246150778267863
V1.mp4,200,0,1,0.5246150778267863
V1.mp4,201,0,1,0.5246150778267863
V1.mp4,202,0,1,0.5246150778267863
V1.mp4,203,0,1,0.549234341814069
V1.mp4,204,0,1,0.5075377356648614
V1.mp4,205,0,1,0.5151275641235081
V1.mp4,206,0,0,0.44086511620777696
V1.mp4,207,0,0,0.4784164464321008
V1.mp4,208,0,0,0.46994186318007203
V1.mp4,209,0,0,0.41903983491596053
V1.mp4,210,0,0,0.4969866361520932
V1.mp4,211,0,0,0.4231685821209624
V1.mp4,212,0,0,0.4915274698466912
V1.mp4,213,0,0,0.4609826125654378
V1.mp4,214,0,0,0.46098280050972185
V1.mp4,215,0,0,0.46784765371540143
V1.mp4,216,0,0,0.46192756468670676
V1.mp4,217,0,0,0.45590407786022996
V1.mp4,218,0,0,0.4438597142995951
V1.mp4,219,0,0,0.4042085455622493
V1.mp4,220,0,0,0.41775242849585764
V1.mp4,221,0,0,0.4597861147568087
V1.mp4,222,0,0,0.46167659051293397
V1.mp4,223,0,0,0.4904598132755039
V1.mp4,224,0,0,0.23896346794097514
V1.mp4,225,0,0,0.40425864632583525
V1.mp4,226,0,0,0.3155410939696312
V1.mp4,227,0,0,0.4985129609200447
V1.mp4,228,0,1,0.5330857812129378
V1.mp4,229,0,0,0.4676385950992388
V1.mp4,230,0,1,0.561844069126304
V1.mp4,231,0,0,0.19737850834026924
V1.mp4,232,0,0,0.20606068117839038
V1.mp4,233,0,0,0.05471596464302824
V1.mp4,234,0,0,0.3539413023309846
V1.mp4,235,0,0,0.38546025305970133
V1.mp4,236,0,0,0.4742740507840244
V1.mp4,237,0,0,0.38399461585914335
V1.mp4,238,0,0,0.3288290627756916
V1.mp4,239,0,0,0.31061957867181167
V1.mp4,240,0,0,0.47859290551081235
V1.mp4,241,0,1,0.5006963483224209
V1.mp4,242,0,0,0.48113931188079845
V1.mp4,243,0,0,0.457976188929475
V1.mp4,244,0,0,0.46491258273100033
V1.mp4,245,0,0,0.49377050504622083
V1.mp4,246,0,0,0.49377059367776
V1.mp4,247,0,0,0.49377058517564715
V1.mp4,248,0,0,0.4867316936308203
V1.mp4,249,0,0,0.49280075826722486
V1.mp4,250,0,0,0.49898919594807684
V1.mp4,251,0,1,0.5246150778267863
V1.mp4,252,0,1,0.5246150778267863
V1.mp4,253,0,1,0.5246150778267863
V1.mp4,254,0,1,0.5246150778267863
V1.mp4,255,0,1,0.5246150778267863
V1.mp4,256,0,1,0.5246150778267863
V1.mp4,257,0,1,0.5246150778267863
V1.mp4,258,0,1,0.5246150778267863
V1.mp4,259,0,1,0.5246150778267863
V1.mp4,260,0,1,0.5246150778267863
V1.mp4,261,0,1,0.5246150778267863
V1.mp4,262,0,1,0.5246150778267863
V1.mp4,263,0,1,0.5246150778267863
V1.mp4,264,0,1,0.5246150778267863
V1.mp4,265,0,1,0.5246150778267863
V1.mp4,266,0,1,0.5246150778267863
V1.mp4,267,0,1,0.5246150778267863
V1.mp4,268,0,1,0.5246150778267863
V1.mp4,269,0,1,0.5246150778267863
V1.mp4,270,0,1,0.5246150778267863
V1.mp4,271,0,1,0.5246150778267863
V1.mp4,272,0,1,0.5246150778267863
V1.mp4,273,0,1,0.5246150778267863
V1.mp4,274,0,1,0.5246150778267863
V1.mp4,275,0,1,0.5246150778267863
V1.mp4,276,0,1,0.5246150778267863
V1.mp4,277,0,1,0.5246150778267863
V1.mp4,278,0,1,0.5246150778267863
V1.mp4,279,0,1,0.5246150778267863
V1.mp4,280,0,1,0.5246150778267863
V1.mp4,281,0,1,0.5246150778267863
V1.mp4,282,0,1,0.5246150778267863
V1.mp4,283,0,1,0.5246150778267863
V1.mp4,284,0,1,0.5246150778267863
V1.mp4,285,0,1,0.5246150778267863
V10.mp4,1,0,1,0.5277744740012427
V10.mp4,2,0,1,0.5131686534823043
V10.mp4,3,0,1,0.506874402591126
V10.mp4,4,0,0,0.49325470155681367
V10.mp4,5,0,1,0.5192132449404463
V10.mp4,6,0,1,0.5173234087058193
V10.mp4,7,0,1,0.5204888862546798
V10.mp4,8,0,1,0.5172767633804356
V10.mp4,9,0,1,0.5163132684299873
V10.mp4,10,0,1,0.51292591140349
V10.mp4,11,0,1,0.519225100410868
V10.mp4,12,0,1,0.5161546392271124
V10.mp4,13,0,1,0.5179946928161282
V10.mp4,14,0,1,0.5148352498121981
V10.mp4,15,0,1,0.5136609691867324
V10.mp4,16,0,1,0.5177210967379363
V10.mp4,17,0,1,0.5218472966578593
V10.mp4,18,0,1,0.5176048922854156
V10.mp4,19,0,1,0.5151354305976552
V10.mp4,20,0,1,0.5105161719681903
V10.mp4,21,0,1,0.5109975210852735
V10.mp4,22,0,1,0.5123893694620132
V10.mp4,23,0,1,0.5110594532807456
V10.mp4,24,0,1,0.5142569373839664
V10.mp4,25,0,1,0.5182202680542324
V10.mp4,26,0,1,0.5157118830105438
V10.mp4,27,0,1,0.5110068386032793
V10.mp4,28,0,1,0.5026179634582927
V10.mp4,29,0,1,0.5158938681987858
V10.mp4,30,0,1,0.5159739325057837
V10.mp4,31,0,1,0.5247070289682878
V10.mp4,32,0,1,0.5071135405032864
V10.mp4,33,0,1,0.5192822009283118
V10.mp4,34,0,0,0.4692653255040071
V10.mp4,35,0,0,0.4971496427903198
V10.mp4,36,0,0,0.4721101131230935
V10.mp4,37,0,1,0.5078865994923928
V10.mp4,38,0,1,0.5110128737053932
V10.mp4,39,0,1,0.5203448129200754
V10.mp4,40,0,1,0.5169580414820818
V10.mp4,41,0,1,0.5165735972481066
V10.mp4,42,0,0,0.4889874432398717
V10.mp4,43,0,0,0.49625641078510946
V10.mp4,44,0,0,0.47874553350110916
V10.mp4,45,0,1,0.5043220666705545
V10.mp4,46,0,1,0.5050903923486969
V10.mp4,47,0,1,0.507903707247789
V10.mp4,48,0,1,0.5023048986901738
V10.mp4,49,0,1,0.5502696505369225
V10.mp4,50,0,1,0.5105578323651292
V10.mp4,51,0,1,0.5179676792194909
V10.mp4,52,0,0,0.3314493634972741
V10.mp4,53,0,0,0.37577348845757325
V10.mp4,54,0,0,0.3140644977961445
V10.mp4,55,0,1,0.510341608735033
V10.mp4,56,0,1,0.5164492708811937
V10.mp4,57,0,0,0.4954383195647171
V10.mp4,58,0,0,0.43415544717053617
V10.mp4,59,0,0,0.4313535027118932
V10.mp4,60,0,0,0.45794087577965675
V10.mp4,61,0,1,0.504867356453781
V10.mp4,62,0,1,0.5522130386305325
V10.mp4,63,0,1,0.5268832941530668
V10.mp4,64,0,0,0.46959317154823277
V10.mp4,65,0,0,0.3621943824617831
V10.mp4,66,0,0,0.3635633526926319
V10.mp4,67,0,0,0.45451444283896303
V10.mp4,68,0,0,0.4411168296193128
V10.mp4,69,0,1,0.5001191748230964
V10.mp4,70,0,0,0.4944433019575664
V10.mp4,71,0,1,0.5120388524877052
V10.mp4,72,0,1,0.5107805768011364
V10.mp4,73,0,1,0.5061809044350553
V10.mp4,74,0,1,0.5118673075954998
V10.mp4,75,0,1,0.514184706538
V10.mp4,76,0,1,0.5112824401627367
V10.mp4,77,0,1,0.5117572157389366
V10.mp4,78,0,1,0.5109683022438929
V10.mp4,79,0,1,0.5178539358397287
V10.mp4,80,0,1,0.5156915777144928
V10.mp4,81,0,1,0.5144334974053644
V10.mp4,82,0,1,0.5119978928730392
V10.mp4,83,0,1,0.5122375083805514
V10.mp4,84,0,1,0.5150048407897381
V10.mp4,85,0,1,0.5086366989747632
V10.mp4,86,0,1,0.5175173891518403
V10.mp4,87,0,1,0.5129691558141856
V10.mp4,88,0,1,0.5215259293721327
V10.mp4,89,0,1,0.5142520181216027
V10.mp4,90,0,1,0.5140277046732504
V10.mp4,91,0,1,0.5026217171539863
V10.mp4,92,0,1,0.5163957104845781
V10.mp4,93,0,1,0.5025067632969489
V10.mp4,94,0,1,0.5097120148761013
V10.mp4,95,0,1,0.5098081829066469
V10.mp4,96,0,1,0.5164717963364466
V10.mp4,97,0,1,0.5184974142898504
V10.mp4,98,0,1,0.5149948956136889
V10.mp4,99,0,1,0.5146344478615175
V10.mp4,100,0,1,0.5083951678735485
V10.mp4,101,0,1,0.5128822323414396
V10.mp4,102,0,1,0.5069589321539907
V10.mp4,103,0,1,0.5083509492054307
V10.mp4,104,0,1,0.508340881455334
V10.mp4,105,0,1,0.513427256559218
V10.mp4,106,0,1,0.5102147650866742
V10.mp4,107,0,1,0.5113816056761894
V10.mp4,108,0,1,0.5038280000137835
V10.mp4,109,0,1,0.5235396674830938
V10.mp4,110,0,1,0.510641113447419
V10.mp4,111,0,1,0.5092750400109578
V10.mp4,112,0,0,0.4895949468174391
V10.mp4,113,0,0,0.4957074531987114
V10.mp4,114,0,0,0.49920158682559074
V10.mp4,115,0,0,0.4909874513141168
V10.mp4,116,0,1,0.5017639983027138
V10.mp4,117,0,1,0.5153551516490112
V10.mp4,118,0,1,0.5121919515225659
V10.mp4,119,0,1,0.505852486455455
V10.mp4,120,0,0,0.49497828928570764
V10.mp4,121,0,1,0.5109251700929898
V10.mp4,122,0,1,0.5133379013874344
V10.mp4,123,0,1,0.5093825586441162
V10.mp4,124,0,1,0.5067559210095397
V10.mp4,125,0,1,0.5078542678339646
V10.mp4,126,0,1,0.5096593423881901
V10.mp4,127,0,0,0.4984173566129337
V10.mp4,128,0,1,0.5044531584329324
V10.mp4,129,0,1,0.5113633893404271
V10.mp4,130,0,1,0.5021102382846647
V10.mp4,131,0,1,0.5021100454661197
V10.mp4,132,0,1,0.5021102369296222
V10.mp4,133,0,1,0.5021100481574241
V10.mp4,134,0,1,0.5021102371668188
V10.mp4,135,0,1,0.5021100530989357
V10.mp4,136,0,1,0.5021102315816505
V10.mp4,137,0,1,0.5021100530989357
V10.mp4,138,0,1,0.5021102315816505
V10.mp4,139,0,1,0.5021100517438933
V10.mp4,140,0,1,0.5021102342729549
V10.mp4,141,0,1,0.5021100510512879
V10.mp4,142,0,1,0.5021102382846647
V10.mp4,143,0,1,0.5021100454661197
V10.mp4,144,0,0,0.49942709974898325
V10.mp4,145,0,1,0.5014128020699575
V10.mp4,146,0,1,0.5035146254521725
V10.mp4,147,0,1,0.5120721406012775
V10.mp4,148,0,1,0.5120720432116812
V10.mp4,149,0,1,0.5120722235031689
V10.mp4,150,0,1,0.5120721473612944
V10.mp4,151,0,1,0.5120721437204538
V10.mp4,152,0,1,0.512072078243422
V10.mp4,153,0,1,0.512072152944734
V10.mp4,154,0,1,0.511078803032717
V10.mp4,155,0,1,0.5118138530979385
V10.mp4,156,0,1,0.5125920958554135
V10.mp4,157,0,1,0.5157603026198635
V10.mp4,158,0,1,0.5189387887758987
V10.mp4,159,0,1,0.5165865149075002
V10.mp4,160,0,1,0.5140959866901006
V10.mp4,161,0,1,0.5039474792553361
V10.mp4,162,0,1,0.5062882886372493
V10.mp4,163,0,1,0.5056872086451655
V10.mp4,164,0,1,0.5019868211533938
V10.mp4,165,0,0,0.48969235969988223
V10.mp4,166,0,0,0.49154206776191217
V10.mp4,167,0,0,0.49617306914633147
V10.mp4,168,0,1,0.5157159171878192
V10.mp4,169,0,1,0.5063419713343392
V10.mp4,170,0,1,0.509343613461084
V10.mp4,171,0,1,0.504251549815928
V10.mp4,172,0,1,0.510452893093842
V10.mp4,173,0,1,0.5153354851110786
V10.mp4,174,0,0,0.4874365373461242
V10.mp4,175,0,0,0.4977632964388396
V10.mp4,176,0,0,0.4864255801209577
V10.mp4,177,0,1,0.5092876831430858
V10.mp4,178,0,1,0.5026138734379318
V10.mp4,179,0,1,0.5021898447677426
V10.mp4,180,0,1,0.5083305633693
V10.mp4,181,0,1,0.509610717539731
V10.mp4,182,0,1,0.5148232092456649
V10.mp4,183,0,1,0.5148231783945985
V10.mp4,184,0,1,0.5148231214266081
V10.mp4,185,0,1,0.5148232390227182
V10.mp4,186,0,1,0.5148232287693113
V10.mp4,187,0,1,0.5148232586598857
V10.mp4,188,0,1,0.5148232077879572
V10.mp4,189,0,1,0.5148231162548245
V10.mp4,190,0,1,0.5148232148011433
V10.mp4,191,0,1,0.5148232441633267
V10.mp4,192,0,1,0.5148232790997181
V10.mp4,193,0,1,0.5148231850240899
V10.mp4,194,0,1,0.5148232077879572
V10.mp4,195,0,1,0.5234823243659549
V10.mp4,196,0,1,0.5170747498850445
V10.mp4,197,0,1,0.5102866713323297
V10.mp4,198,0,0,0.4826287441328919
V10.mp4,199,0,0,0.4826287454963832
V10.mp4,200,0,0,0.4826288263388244
V10.mp4,201,0,0,0.48262871925605516
V10.mp4,202,0,0,0.4826286855517716
V10.mp4,203,0,0,0.4826287441328919
V10.mp4,204,0,0,0.4826287454963832
V10.mp4,205,0,0,0.4977326985446393
V10.mp4,206,0,0,0.47310991351129617
V10.mp4,207,0,0,0.4712442212469939
V10.mp4,208,0,0,0.43394106459222165
V10.mp4,209,0,1,0.5698672735889782
V10.mp4,210,0,1,0.5702897591808908
V10.mp4,211,0,0,0.28881609922828494
V10.mp4,212,0,0,0.13938226898398914
V10.mp4,213,0,0,0.10414912732290216
V10.mp4,214,0,1,0.5079471566554137
V10.mp4,215,0,1,0.5020140620033867
V10.mp4,216,0,1,0.5001207348987686
V10.mp4,217,0,0,0.4874491120229819
V10.mp4,218,0,1,0.5396661062322688
V10.mp4,219,0,1,0.539759761276839
V10.mp4,220,0,0,0.4702127754295441
V10.mp4,221,0,0,0.3173660748664224
V10.mp4,222,0,0,0.24589595187181162
V10.mp4,223,0,0,0.28771538518684103
V10.mp4,224,0,0,0.4067320710150784
V10.mp4,225,0,0,0.37245519223504076
V10.mp4,226,0,0,0.4689903198579595
V10.mp4,227,0,0,0.48317149724482744
V10.mp4,228,0,0,0.38545625269590433
V10.mp4,229,0,0,0.4181206668895039
V10.mp4,230,0,0,0.38437231678930117
V10.mp4,231,0,0,0.490906158140241
V10.mp4,232,0,0,0.29259616925398274
V10.mp4,233,0,0,0.21697798517055925
V10.mp4,234,0,0,0.2593186031705562
V10.mp4,235,0,0,0.4570525896817224
V10.mp4,236,0,0,0.49138532097449283
V10.mp4,237,0,0,0.48576934955466744
V10.mp4,238,0,0,0.47982887294258314
V10.mp4,239,0,0,0.4557128428904132
V10.mp4,240,0,0,0.4584590464889325
V10.mp4,241,0,0,0.44156355714227297
V10.mp4,242,0,0,0.44939048953831506
V10.mp4,243,0,0,0.46238035099779584
V10.mp4,244,0,0,0.4951104433568858
V10.mp4,245,0,0,0.4947389591758643
V10.mp4,246,0,0,0.47656288096317256
V10.mp4,247,0,1,0.5204532182480726
V10.mp4,248,0,1,0.509602815003264
V10.mp4,249,0,0,0.49504752196463536
V10.mp4,250,0,0,0.4532721159353417
V10.mp4,251,0,0,0.47606027880546514
V10.mp4,252,0,0,0.4760604901238851
V10.mp4,253,0,0,0.4760602285846784
V10.mp4,254,0,0,0.4760604219793623
V10.mp4,255,0,0,0.47363723236584576
V10.mp4,256,0,0,0.46834811352835226
V10.mp4,257,0,0,0.4842869711526286
V10.mp4,258,0,0,0.4929542181091856
V10.mp4,259,0,1,0.5073235998601346
V10.mp4,260,0,0,0.4777442620157621
V10.mp4,261,0,0,0.4717612243604057
V10.mp4,262,0,0,0.471761271538133
V10.mp4,263,0,0,0.4717613617651366
V10.mp4,264,0,0,0.46315221465722245
V10.mp4,265,0,0,0.469212935098446
V10.mp4,266,0,0,0.47858825774154756
V10.mp4,267,0,1,0.5016289006075766
V10.mp4,268,0,1,0.5036282661089609
V10.mp4,269,0,0,0.4944073550792932
V10.mp4,270,0,1,0.5142118713222994
V10.mp4,271,0,1,0.5024923422191002
V10.mp4,272,0,1,0.5112195801118977
V10.mp4,273,0,0,0.4899480151845263
V10.mp4,274,0,1,0.5188278426747731
V10.mp4,275,0,1,0.513030821272649
V10.mp4,276,0,0,0.49927720929089503
V10.mp4,277,0,1,0.516843320352826
V10.mp4,278,0,0,0.45473876545490505
V10.mp4,279,0,0,0.4899728910461958
V10.mp4,280,0,0,0.3750699842706101
V10.mp4,281,0,0,0.4559952111994386
V10.mp4,282,0,0,0.40939729131514946
V10.mp4,283,0,0,0.42372961199069087
V10.mp4,284,0,0,0.479955176620961
V10.mp4,285,0,0,0.48244233765732675
V10.mp4,286,0,0,0.4985118813569571
V10.mp4,287,0,0,0.48788094459226927
V10.mp4,288,0,0,0.48412936144158114
V10.mp4,289,0,0,0.45281221308033137
V10.mp4,290,0,0,0.48046744502255057
V10.mp4,291,0,0,0.4865938686934672
V10.mp4,292,0,0,0.47623477453470403
V10.mp4,293,0,0,0.4939144164054286
V10.mp4,294,0,0,0.48693033185289614
V10.mp4,295,0,0,0.4962761579128875
V10.mp4,296,0,0,0.4899010519913869
V10.mp4,297,0,0,0.4923322569451829
V10.mp4,298,0,0,0.4940024892318277
V10.mp4,299,0,1,0.5009723246385744
V10.mp4,300,0,1,0.5072898917171036
V10.mp4,301,0,1,0.5094010931457148
V10.mp4,302,0,1,0.5141562559218589
V10.mp4,303,0,1,0.5135519846343805
V10.mp4,304,0,1,0.5128147692720137
V10.mp4,305,0,1,0.5130256384800294
V10.mp4,306,0,1,0.5147029186882773
V10.mp4,307,0,1,0.5136659297133197
V10.mp4,308,0,1,0.5197607098910381
V10.mp4,309,0,1,0.5095835834564869
V10.mp4,310,0,1,0.5059503982795263
V10.mp4,311,0,1,0.5019556128046658
V10.mp4,312,0,1,0.5055961304531722
V10.mp4,313,0,1,0.5155957809417525
V10.mp4,314,0,1,0.5065683857105285
V10.mp4,315,0,1,0.5122221680075635
V10.mp4,316,0,1,0.512141036336078
V10.mp4,317,0,1,0.5057904567934981
V10.mp4,318,0,1,0.5092540840376443
V10.mp4,319,0,1,0.5152445077429577
V10.mp4,320,0,1,0.5091505242469537
V10.mp4,321,0,1,0.5147709547552386
V10.mp4,322,0,1,0.5170012953995936
V10.mp4,323,0,1,0.5174414758382841
V10.mp4,324,0,1,0.5158783768122833
V10.mp4,325,0,1,0.5112409827386268
V10.mp4,326,0,1,0.5139163374789216
V10.mp4,327,0,1,0.5051209544989439
V10.mp4,328,0,1,0.5125177906152624
V10.mp4,329,0,1,0.5121477683409585
V10.mp4,330,0,1,0.5160270903212435
V10.mp4,331,0,1,0.5125392901265085
V10.mp4,332,0,1,0.5171864696016248
V10.mp4,333,0,1,0.5142024783451956
V10.mp4,334,0,0,0.49825646238728377
V10.mp4,335,0,0,0.48996259712115103
V10.mp4,336,0,0,0.4838394312428462
V10.mp4,337,0,0,0.4930297480808483
V10.mp4,338,0,0,0.4866122497528612
V10.mp4,339,0,1,0.5119086488049477
V10.mp4,340,0,1,0.564771847679062
V10.mp4,341,0,0,0.48713207560801797
V10.mp4,342,0,0,0.4042827165215853
V10.mp4,343,0,0,0.2910115464894577
V10.mp4,344,0,0,0.42409957647856594
V10.mp4,345,0,1,0.5058120332073024
V10.mp4,346,0,1,0.541060437459903
V10.mp4,347,0,1,0.5213507535525126
V10.mp4,348,0,0,0.47941614214638445
V10.mp4,349,0,0,0.4222179072512085
V10.mp4,350,0,0,0.4402426002574677
V10.mp4,351,0,0,0.4819641335493142
V10.mp4,352,0,0,0.4415576404754474
V10.mp4,353,0,0,0.39975424921144087
V10.mp4,354,0,0,0.43955886279865386
V10.mp4,355,0,0,0.45286252793702464
V10.mp4,356,0,1,0.5056510283921262
V10.mp4,357,0,1,0.5081231979738766
V10.mp4,358,0,1,0.5066483136048143
V10.mp4,359,0,1,0.5144263109070846
V10.mp4,360,0,1,0.5117226361372107
V10.mp4,361,0,1,0.5119686552955882
V10.mp4,362,0,0,0.49160285501839107
V10.mp4,363,0,0,0.49160285307250196
V10.mp4,364,0,0,0.4989258007039273
V10.mp4,365,0,0,0.48499473297113677
V10.mp4,366,0,1,0.5380386374937332
V10.mp4,367,0,0,0.42882331256666784
V10.mp4,368,0,1,0.527124811699483
V10.mp4,369,0,0,0.28846845549470357
V10.mp4,370,0,0,0.4450420097853384
V10.mp4,371,0,0,0.2854911452256047
V10.mp4,372,0,1,0.5061441918660445
V10.mp4,373,0,1,0.5061443150377581
V10.mp4,374,0,1,0.506144214038832
V10.mp4,375,0,1,0.506144101282904
V10.mp4,376,0,1,0.5061442773665195
V10.mp4,377,0,1,0.544922688326215
V10.mp4,378,0,0,0.4732815436266267
V10.mp4,379,0,0,0.4746291013419085
V10.mp4,380,0,0,0.3862176510260719
V10.mp4,381,0,1,0.5213533679944152
V10.mp4,382,0,1,0.5213533679944152
V10.mp4,383,0,1,0.5213533679944152
V10.mp4,384,0,1,0.5213533679944152
V10.mp4,385,0,1,0.5213533679944152
V10.mp4,386,0,1,0.5213533679944152
V10.mp4,387,0,1,0.5213533679944152
V10.mp4,388,0,1,0.5213533679944152
V10.mp4,389,0,1,0.5213533679944152
V10.mp4,390,0,1,0.5213533679944152
V10.mp4,391,0,1,0.5213533679944152
V10.mp4,392,1,1,0.5213533679944152
V10.mp4,393,1,1,0.5213533679944152
V10.mp4,394,1,1,0.5213533679944152
V10.mp4,395,1,1,0.5213533679944152
V10.mp4,396,1,1,0.5213533679944152
V10.mp4,397,0,1,0.5213533679944152
V10.mp4,398,0,1,0.5213533679944152
V10.mp4,399,0,1,0.5213533679944152
V10.mp4,400,0,1,0.5213533679944152
V10.mp4,401,0,1,0.5213533679944152
V10.mp4,402,0,1,0.5213533679944152
V10.mp4,403,0,1,0.5213533679944152
V10.mp4,404,0,1,0.5213533679944152
V10.mp4,405,0,1,0.5213533679944152
V10.mp4,406,0,1,0.5213533679944152
V10.mp4,407,0,1,0.5213533679944152
V10.mp4,408,0,1,0.5213533679944152
V10.mp4,409,0,1,0.5213533679944152
V10.mp4,410,0,1,0.5213533679944152
V10.mp4,411,0,1,0.5213533679944152
V10.mp4,412,0,1,0.5213533679944152
V10.mp4,413,0,1,0.5213533679944152
V10.mp4,414,0,1,0.5213533679944152
V10.mp4,415,0,1,0.5213533679944152
V10.mp4,416,0,1,0.5213533679944152
V10.mp4,417,0,1,0.5213533679944152
V10.mp4,418,0,1,0.5213533679944152
V10.mp4,419,0,1,0.5213533679944152
V10.mp4,420,0,1,0.5213533679944152
V10.mp4,421,0,1,0.5213533679944152
V10.mp4,422,0,1,0.5213533679944152
V10.mp4,423,0,1,0.5213533679944152
V10.mp4,424,0,1,0.5213533679944152
V10.mp4,425,0,1,0.5213533679944152
V10.mp4,426,0,1,0.5213533679944152
V10.mp4,427,0,1,0.5213533679944152
V10.mp4,428,0,1,0.5213533679944152
V10.mp4,429,0,1,0.5213533679944152
V10.mp4,430,0,1,0.5213533679944152
V10.mp4,431,0,1,0.5213533679944152
V10.mp4,432,0,1,0.5213533679944152
V10.mp4,433,0,1,0.5213533679944152
V10.mp4,434,0,1,0.5213533679944152
V10.mp4,435,0,1,0.5213533679944152
V10.mp4,436,0,1,0.5213533679944152
V10.mp4,437,0,1,0.5213533679944152
V10.mp4,438,0,1,0.5213533679944152
V10.mp4,439,0,1,0.5213533679944152
V10.mp4,440,0,1,0.5213533679944152
V10.mp4,441,0,1,0.5213533679944152
V10.mp4,442,0,1,0.5213533679944152
V10.mp4,443,0,1,0.5213533679944152
V10.mp4,444,0,1,0.5213533679944152
V10.mp4,445,0,1,0.5213533679944152
V10.mp4,446,0,1,0.5213533679944152
V10.mp4,447,0,1,0.5213533679944152
V10.mp4,448,0,1,0.5213533679944152
V10.mp4,449,0,1,0.5213533679944152
V10.mp4,450,0,1,0.5213533679944152
V10.mp4,451,0,1,0.5213533679944152
V10.mp4,452,0,1,0.5213533679944152
V10.mp4,453,0,1,0.5213533679944152
V10.mp4,454,0,1,0.5213533679944152
V10.mp4,455,0,1,0.5213533679944152
V10.mp4,456,0,1,0.5213533679944152
V10.mp4,457,0,1,0.5213533679944152
V10.mp4,458,0,1,0.5213533679944152
V10.mp4,459,0,1,0.5213533679944152
V10.mp4,460,0,1,0.5213533679944152
V10.mp4,461,0,1,0.5213533679944152
V10.mp4,462,0,1,0.5213533679944152
V10.mp4,463,0,1,0.5213533679944152
V10.mp4,464,0,1,0.5213533679944152
V10.mp4,465,0,1,0.5213533679944152
V10.mp4,466,0,1,0.5213533679944152
V10.mp4,467,0,1,0.5213533679944152
V10.mp4,468,0,1,0.5213533679944152
V10.mp4,469,0,1,0.5213533679944152
V10.mp4,470,0,1,0.5213533679944152
V10.mp4,471,0,1,0.5213533679944152
V10.mp4,472,0,1,0.5213533679944152
V10.mp4,473,0,1,0.5213533679944152
V10.mp4,474,0,1,0.5213533679944152
V10.mp4,475,0,1,0.5213533679944152
V10.mp4,476,0,1,0.5213533679944152
V10.mp4,477,0,1,0.5213533679944152
V10.mp4,478,0,1,0.5213533679944152
V10.mp4,479,0,1,0.5213533679944152
V10.mp4,480,0,1,0.5213533679944152
V10.mp4,481,0,1,0.5213533679944152
V10.mp4,482,0,1,0.5213533679944152
V10.mp4,483,0,1,0.5213533679944152
V10.mp4,484,0,1,0.5213533679944152
V10.mp4,485,0,1,0.5213533679944152
V10.mp4,486,0,1,0.5213533679944152
V10.mp4,487,0,1,0.5213533679944152
V11.mp4,1,0,1,0.5222283369097999
V11.mp4,2,0,1,0.5222283369097999
V11.mp4,3,0,1,0.5222283369097999
V11.mp4,4,0,1,0.5222283369097999
V11.mp4,5,0,1,0.5222283369097999
V11.mp4,6,0,1,0.5222283369097999
V11.mp4,7,0,1,0.5222283369097999
V11.mp4,8,0,1,0.5222283369097999
V11.mp4,9,0,1,0.5222283369097999
V11.mp4,10,0,1,0.5222283369097999
V11.mp4,11,0,1,0.5222283369097999
V11.mp4,12,0,1,0.5222283369097999
V11.mp4,13,0,1,0.5222283369097999
V11.mp4,14,0,1,0.5222283369097999
V11.mp4,15,0,1,0.5222283369097999
V11.mp4,16,0,1,0.5222283369097999
V11.mp4,17,0,1,0.5222283369097999
V11.mp4,18,0,1,0.5222283369097999
V11.mp4,19,0,1,0.5222283369097999
V11.mp4,20,0,1,0.5222283369097999
V11.mp4,21,0,1,0.5222283369097999
V11.mp4,22,0,1,0.5222283369097999
V11.mp4,23,0,1,0.5222283369097999
V11.mp4,24,0,1,0.5222283369097999
V11.mp4,25,0,1,0.5222283369097999
V11.mp4,26,0,1,0.5222283369097999
V11.mp4,27,0,1,0.5222283369097999
V11.mp4,28,0,1,0.5222283369097999
V11.mp4,29,0,1,0.5222283369097999
V11.mp4,30,0,1,0.5222283369097999
V11.mp4,31,0,1,0.5222283369097999
V11.mp4,32,0,1,0.5222283369097999
V11.mp4,33,0,1,0.5222283369097999
V11.mp4,34,0,1,0.5222283369097999
V11.mp4,35,0,1,0.5222283369097999
V11.mp4,36,0,1,0.5222283369097999
V11.mp4,37,0,1,0.5222283369097999
V11.mp4,38,0,1,0.5222283369097999
V11.mp4,39,0,1,0.5222283369097999
V11.mp4,40,0,1,0.5222283369097999
V11.mp4,41,0,1,0.5222283369097999
V11.mp4,42,0,1,0.5222283369097999
V11.mp4,43,0,1,0.5222283369097999
V11.mp4,44,0,1,0.5652396644573939
V11.mp4,45,0,0,0.4964740475167819
V11.mp4,46,0,1,0.5332441772870055
V11.mp4,47,0,0,0.37030047273135214
V11.mp4,48,0,0,0.4606718220126404
V11.mp4,49,0,0,0.3330326696822645
V11.mp4,50,0,0,0.4113482307399079
V11.mp4,51,0,1,0.5224869629120324
V11.mp4,52,0,0,0.45507539237819034
V11.mp4,53,0,0,0.4578322419465084
V11.mp4,54,0,0,0.2879276844539139
V11.mp4,55,0,0,0.48352270058844693
V11.mp4,56,0,0,0.46135608483569146
V11.mp4,57,0,0,0.4680590435406668
V11.mp4,58,0,0,0.46763062400119726
V11.mp4,59,0,0,0.47906863343316614
V11.mp4,60,0,0,0.4984045014311243
V11.mp4,61,0,0,0.49210689404945523
V11.mp4,62,0,0,0.49420579993418756
V11.mp4,63,0,0,0.4952739274540122
V11.mp4,64,0,1,0.500472264949292
V11.mp4,65,0,1,0.5064997179312483
V11.mp4,66,0,1,0.5116740283595206
V11.mp4,67,0,1,0.5033713733412519
V11.mp4,68,0,1,0.5123478899717636
V11.mp4,69,0,1,0.5056285001684577
V11.mp4,70,0,1,0.5169030393282885
V11.mp4,71,0,1,0.5048747529204843
V11.mp4,72,0,1,0.5028587301063108
V11.mp4,73,0,1,0.5076828155706592
V11.mp4,74,0,1,0.5107236380386628
V11.mp4,75,0,1,0.5060528125413393
V11.mp4,76,0,1,0.5031854488449252
V11.mp4,77,0,1,0.5052860171252886
V11.mp4,78,0,1,0.5141831802648548
V11.mp4,79,0,1,0.5103918215460281
V11.mp4,80,0,1,0.5008040882351604
V11.mp4,81,0,0,0.4950071225685849
V11.mp4,82,0,1,0.5288645044686758
V11.mp4,83,0,1,0.510847595311803
V11.mp4,84,0,1,0.5006277858421845
V11.mp4,85,0,0,0.4324691167391756
V11.mp4,86,0,1,0.535098123183292
V11.mp4,87,0,0,0.4870104836698236
V11.mp4,88,0,0,0.3800416200646933
V11.mp4,89,0,0,0.22624113045723934
V11.mp4,90,0,0,0.2683652546536337
V11.mp4,91,0,0,0.3732782168287972
V11.mp4,92,0,0,0.3066648087785858
V11.mp4,93,0,0,0.26472687065414635
V11.mp4,94,0,0,0.486296081735345
V11.mp4,95,0,1,0.5112186454961124
V11.mp4,96,0,0,0.4949251214008087
V11.mp4,97,0,1,0.5351034285426999
V11.mp4,98,0,1,0.5199164407535142
V11.mp4,99,0,0,0.494186173908346
V11.mp4,100,0,0,0.3686752122179895
V11.mp4,101,0,0,0.37383139448809555
V11.mp4,102,0,0,0.37938129128795
V11.mp4,103,0,0,0.42865952499194987
V11.mp4,104,0,0,0.42922646960004635
V11.mp4,105,0,0,0.3226363152280507
V11.mp4,106,0,0,0.2841555806715009
V11.mp4,107,0,0,0.28047640198740775
V11.mp4,108,0,1,0.5222283369097999
V11.mp4,109,0,1,0.5222283369097999
V11.mp4,110,0,1,0.5222283369097999
V11.mp4,111,0,1,0.5222283369097999
V11.mp4,112,0,1,0.5222283369097999
V11.mp4,113,0,1,0.5222283369097999
V11.mp4,114,0,1,0.5222283369097999
V11.mp4,115,0,1,0.5222283369097999
V11.mp4,116,0,1,0.5222283369097999
V11.mp4,117,0,1,0.5222283369097999
V11.mp4,118,0,1,0.5222283369097999
V11.mp4,119,0,1,0.5222283369097999
V11.mp4,120,0,1,0.5222283369097999
V11.mp4,121,0,1,0.5222283369097999
V11.mp4,122,0,1,0.5222283369097999
V11.mp4,123,0,1,0.5222283369097999
V11.mp4,124,0,1,0.5222283369097999
V11.mp4,125,0,1,0.5222283369097999
V11.mp4,126,1,1,0.5222283369097999
V11.mp4,127,1,1,0.5222283369097999
V11.mp4,128,1,1,0.5222283369097999
V11.mp4,129,1,1,0.5222283369097999
V11.mp4,130,1,1,0.5222283369097999
V11.mp4,131,0,1,0.5222283369097999
V11.mp4,132,0,1,0.5222283369097999
V11.mp4,133,0,1,0.5222283369097999
V11.mp4,134,0,1,0.5222283369097999
V11.mp4,135,0,1,0.5222283369097999
V11.mp4,136,0,1,0.5222283369097999
V11.mp4,137,0,1,0.5222283369097999
V11.mp4,138,0,1,0.5222283369097999
V11.mp4,139,0,1,0.5222283369097999
V11.mp4,140,0,1,0.5222283369097999
V11.mp4,141,0,1,0.5222283369097999
V11.mp4,142,0,1,0.5222283369097999
V11.mp4,143,0,1,0.5222283369097999
V11.mp4,144,0,1,0.5222283369097999
V11.mp4,145,0,1,0.5222283369097999
V11.mp4,146,0,1,0.5222283369097999
V11.mp4,147,0,1,0.5222283369097999
V11.mp4,148,0,1,0.5222283369097999
V11.mp4,149,0,1,0.5222283369097999
V11.mp4,150,0,1,0.5222283369097999
V11.mp4,151,0,1,0.5222283369097999
V11.mp4,152,0,1,0.5222283369097999
V11.mp4,153,0,1,0.5222283369097999
V11.mp4,154,0,1,0.5222283369097999
V11.mp4,155,0,1,0.5222283369097999
V11.mp4,156,0,1,0.5222283369097999
V11.mp4,157,0,1,0.5222283369097999
V11.mp4,158,0,1,0.5222283369097999
V11.mp4,159,0,1,0.5222283369097999
V11.mp4,160,0,1,0.5222283369097999
V11.mp4,161,0,1,0.5222283369097999
V11.mp4,162,0,1,0.5222283369097999
V11.mp4,163,0,1,0.5222283369097999
V11.mp4,164,0,1,0.5222283369097999
V11.mp4,165,0,1,0.5222283369097999
V11.mp4,166,0,1,0.5222283369097999
V11.mp4,167,0,1,0.5222283369097999
V11.mp4,168,0,1,0.5222283369097999
V11.mp4,169,0,1,0.5222283369097999
V11.mp4,170,0,1,0.5222283369097999
V11.mp4,171,0,1,0.5222283369097999
V11.mp4,172,0,1,0.5222283369097999
V11.mp4,173,0,1,0.5222283369097999
V11.mp4,174,0,1,0.5222283369097999
V11.mp4,175,0,1,0.5222283369097999
V11.mp4,176,0,1,0.5222283369097999
V11.mp4,177,0,1,0.5222283369097999
V11.mp4,178,0,1,0.5222283369097999
V11.mp4,179,0,1,0.5222283369097999
V11.mp4,180,0,1,0.5222283369097999
V11.mp4,181,0,1,0.5222283369097999
V11.mp4,182,0,1,0.5222283369097999
V11.mp4,183,0,1,0.5222283369097999
V12.mp4,1,0,1,0.5336548872580248
V12.mp4,2,0,1,0.5336548872580248
V12.mp4,3,0,1,0.5336548872580248
V12.mp4,4,0,1,0.5336548872580248
V12.mp4,5,0,1,0.5336548872580248
V12.mp4,6,0,1,0.5349465641363631
V12.mp4,7,0,1,0.5297317148300903
V12.mp4,8,0,1,0.5270434389009617
V12.mp4,9,0,1,0.5189267349463201
V12.mp4,10,0,1,0.5195545073854014
V12.mp4,11,0,1,0.5090778214065006
V12.mp4,12,0,0,0.46734271887115725
V12.mp4,13,0,0,0.22033973208751767
V12.mp4,14,0,0,0.2626024343988051
V12.mp4,15,0,0,0.1803206557843303
V12.mp4,16,0,0,0.4159421142100956
V12.mp4,17,0,0,0.4688817795399861
V12.mp4,18,0,0,0.33338844895454406
V12.mp4,19,0,1,0.5254254993615195
V12.mp4,20,0,1,0.525425543721727
V12.mp4,21,0,1,0.525425319439954
V12.mp4,22,0,1,0.5254254083562832
V12.mp4,23,0,1,0.5254251767073163
V12.mp4,24,0,1,0.5254254993615195
V12.mp4,25,0,1,0.5286893146361452
V12.mp4,26,0,1,0.515507080566961
V12.mp4,27,0,1,0.5087085338718755
V12.mp4,28,0,0,0.4850942376184891
V12.mp4,29,0,0,0.48509442080633813
V12.mp4,30,0,0,0.4850943242209746
V12.mp4,31,0,0,0.4850942376184891
V12.mp4,32,0,0,0.48509442080633813
V12.mp4,33,0,0,0.4850943242209746
V12.mp4,34,0,0,0.48443068768451525
V12.mp4,35,0,0,0.4844732367358824
V12.mp4,36,0,0,0.4977702355335261
V12.mp4,37,0,1,0.5026255174816627
V12.mp4,38,0,1,0.5193456974153347
V12.mp4,39,0,1,0.5137234563932204
V12.mp4,40,0,1,0.5163221464455233
V12.mp4,41,0,1,0.5185598987425019
V12.mp4,42,0,1,0.5190355604473762
V12.mp4,43,0,1,0.5152770776375498
V12.mp4,44,0,1,0.5208370915411394
V12.mp4,45,0,1,0.515521951723808
V12.mp4,46,0,1,0.5138823794335923
V12.mp4,47,0,1,0.5137591872379337
V12.mp4,48,0,1,0.5107402816315749
V12.mp4,49,0,1,0.5164648963162337
V12.mp4,50,0,1,0.5142144089926344
V12.mp4,51,0,1,0.5131899840371976
V12.mp4,52,0,1,0.5185086778039998
V12.mp4,53,0,1,0.5167153850880274
V12.mp4,54,0,1,0.5193196589541126
V12.mp4,55,0,1,0.520556846299152
V12.mp4,56,0,1,0.5140108385241958
V12.mp4,57,0,1,0.5097600818663649
V12.mp4,58,0,1,0.5043625797590667
V12.mp4,59,0,1,0.5069557619879078
V12.mp4,60,0,1,0.5167386287938469
V12.mp4,61,0,1,0.5216291074976154
V12.mp4,62,0,0,0.4839914339028456
V12.mp4,63,0,0,0.47492335827098625
V12.mp4,64,0,0,0.4361166122645697
V12.mp4,65,0,0,0.41972967168596187
V12.mp4,66,1,0,0.46269954872884156
V12.mp4,67,1,0,0.34779901725693574
V12.mp4,68,1,0,0.4623094322830033
V12.mp4,69,1,0,0.32740411123430513
V12.mp4,70,1,0,0.35192546069770786
V12.mp4,71,0,0,0.3149124823108642
V12.mp4,72,0,0,0.30965114692021206
V12.mp4,73,0,0,0.42550616249726375
V12.mp4,74,0,0,0.44709491941096335
V12.mp4,75,0,0,0.3895016451494684
V12.mp4,76,0,0,0.4828091899727533
V12.mp4,77,0,0,0.45321140084227013
V12.mp4,78,0,1,0.5024868416366762
V12.mp4,79,0,1,0.5118408656257024
V12.mp4,80,0,1,0.5147802671102961
V12.mp4,81,0,1,0.5143632549374767
V12.mp4,82,0,1,0.5267198628073272
V12.mp4,83,0,1,0.5180461988499472
V12.mp4,84,0,1,0.5213456943960975
V12.mp4,85,0,1,0.5136893981942643
V12.mp4,86,0,1,0.5082200854798541
V12.mp4,87,0,1,0.5111925410926539
V12.mp4,88,0,1,0.5179134677042483
V12.mp4,89,0,1,0.5129231677115458
V12.mp4,90,0,1,0.5103734349923066
V12.mp4,91,0,1,0.5084762818718063
V12.mp4,92,0,1,0.5127480575827896
V12.mp4,93,0,1,0.5151400714979172
V12.mp4,94,0,1,0.5162601959781052
V12.mp4,95,0,1,0.5150986781858495
V12.mp4,96,0,1,0.5180009520535539
V12.mp4,97,0,1,0.5063393680766457
V12.mp4,98,0,1,0.5144287547868821
V12.mp4,99,0,1,0.5026692039694489
V12.mp4,100,0,1,0.5060108466591429
V12.mp4,101,0,1,0.5013985114202095
V12.mp4,102,0,0,0.48594169615578187
V12.mp4,103,0,0,0.4793002952753185
V12.mp4,104,0,0,0.4572024714178611
V12.mp4,105,0,0,0.4536120267119407
V12.mp4,106,0,0,0.4587959527620392
V12.mp4,107,0,0,0.4150485798606264
V12.mp4,108,0,0,0.43779967902245936
V12.mp4,109,0,0,0.40699527408189917
V12.mp4,110,0,0,0.4827618646631877
V12.mp4,111,0,0,0.4469404952366097
V12.mp4,112,0,0,0.4286807208330126
V12.mp4,113,0,0,0.37452007987856106
V12.mp4,114,0,0,0.3372655785799515
V12.mp4,115,0,0,0.352923988007994
V12.mp4,116,0,0,0.3061476661379423
V12.mp4,117,0,0,0.4155531975949817
V12.mp4,118,0,0,0.4111731353020626
V12.mp4,119,0,1,0.5578409014591761
V12.mp4,120,0,0,0.2672064699817931
V12.mp4,121,0,0,0.2924925365644543
V12.mp4,122,0,0,0.13299190128864266
V12.mp4,123,0,0,0.24435623652084343
V12.mp4,124,0,0,0.3764533938685293
V12.mp4,125,0,0,0.30181888021495584
V12.mp4,126,0,0,0.45630020457941894
V12.mp4,127,0,1,0.5048023504802405
V12.mp4,128,0,1,0.5201546749897441
V12.mp4,129,0,1,0.5309367949038143
V12.mp4,130,0,1,0.5309367949038143
V12.mp4,131,0,1,0.5309367949038143
V12.mp4,132,0,1,0.5309367949038143
V12.mp4,133,0,1,0.5309367949038143
V12.mp4,134,0,1,0.5309367949038143
V12.mp4,135,0,1,0.5309367949038143
V12.mp4,136,0,1,0.5309367949038143
V12.mp4,137,0,1,0.5309367949038143
V12.mp4,138,0,1,0.5309367949038143
V12.mp4,139,0,1,0.5309367949038143
V12.mp4,140,0,1,0.5309367949038143
V13.mp4,1,0,1,0.5334221348955321
V13.mp4,2,0,1,0.5334221348955321
V13.mp4,3,0,1,0.5334221348955321
V13.mp4,4,0,1,0.5334221348955321
V13.mp4,5,0,1,0.5334221348955321
V13.mp4,6,0,1,0.5334221348955321
V13.mp4,7,0,1,0.5334221348955321
V13.mp4,8,0,1,0.5334221348955321
V13.mp4,9,0,1,0.5334221348955321
V13.mp4,10,0,1,0.5334221348955321
V13.mp4,11,0,1,0.5334221348955321
V13.mp4,12,0,1,0.5334221348955321
V13.mp4,13,0,1,0.5334221348955321
V13.mp4,14,0,1,0.5334221348955321
V13.mp4,15,0,1,0.5334221348955321
V13.mp4,16,0,1,0.5334221348955321
V13.mp4,17,0,1,0.5334221348955321
V13.mp4,18,0,1,0.5334221348955321
V13.mp4,19,0,1,0.5334221348955321
V13.mp4,20,0,1,0.5334221348955321
V13.mp4,21,0,1,0.5334221348955321
V13.mp4,22,0,1,0.5334221348955321
V13.mp4,23,0,1,0.5334221348955321
V13.mp4,24,0,1,0.5334221348955321
V13.mp4,25,0,1,0.5334221348955321
V13.mp4,26,0,1,0.5334221348955321
V13.mp4,27,0,1,0.5334221348955321
V13.mp4,28,0,1,0.5334221348955321
V13.mp4,29,0,1,0.5334221348955321
V13.mp4,30,0,1,0.5334221348955321
V13.mp4,31,0,1,0.5334221348955321
V13.mp4,32,0,1,0.5334221348955321
V13.mp4,33,0,1,0.5334221348955321
V13.mp4,34,0,1,0.5334221348955321
V13.mp4,35,0,1,0.5334221348955321
V13.mp4,36,0,1,0.5334221348955321
V13.mp4,37,0,1,0.5334221348955321
V13.mp4,38,0,1,0.5334221348955321
V13.mp4,39,0,1,0.5334221348955321
V13.mp4,40,0,1,0.5334221348955321
V13.mp4,41,0,1,0.5334221348955321
V13.mp4,42,0,1,0.5334221348955321
V13.mp4,43,0,1,0.5334221348955321
V13.mp4,44,0,1,0.5334221348955321
V13.mp4,45,0,1,0.5334221348955321
V13.mp4,46,0,1,0.5334221348955321
V13.mp4,47,0,1,0.5334221348955321
V13.mp4,48,0,1,0.5334221348955321
V13.mp4,49,0,1,0.5334221348955321
V13.mp4,50,0,1,0.5334221348955321
V13.mp4,51,0,1,0.5334221348955321
V13.mp4,52,0,1,0.5334221348955321
V13.mp4,53,0,1,0.5334221348955321
V13.mp4,54,0,1,0.5334221348955321
V13.mp4,55,0,1,0.5334221348955321
V13.mp4,56,0,1,0.5334221348955321
V13.mp4,57,0,1,0.5334221348955321
V13.mp4,58,0,1,0.5334221348955321
V13.mp4,59,0,1,0.5334221348955321
V13.mp4,60,0,1,0.5334221348955321
V13.mp4,61,0,1,0.5334221348955321
V13.mp4,62,0,1,0.5334221348955321
V13.mp4,63,0,1,0.5334221348955321
V13.mp4,64,0,1,0.5334221348955321
V13.mp4,65,0,1,0.5334221348955321
V13.mp4,66,0,1,0.5334221348955321
V13.mp4,67,0,1,0.5334221348955321
V13.mp4,68,0,1,0.5334221348955321
V13.mp4,69,0,1,0.5334221348955321
V13.mp4,70,0,1,0.5334221348955321
V13.mp4,71,0,1,0.5334221348955321
V13.mp4,72,0,1,0.5334221348955321
V13.mp4,73,0,1,0.5334221348955321
V13.mp4,74,0,1,0.5334221348955321
V13.mp4,75,0,1,0.5334221348955321
V13.mp4,76,0,1,0.5334221348955321
V13.mp4,77,0,1,0.5334221348955321
V13.mp4,78,0,1,0.5334221348955321
V13.mp4,79,0,1,0.5334221348955321
V13.mp4,80,0,1,0.5334221348955321
V13.mp4,81,0,1,0.5334221348955321
V13.mp4,82,0,1,0.5334221348955321
V13.mp4,83,0,1,0.5334221348955321
V13.mp4,84,0,1,0.5334221348955321
V13.mp4,85,0,1,0.5334221348955321
V13.mp4,86,0,1,0.5334221348955321
V13.mp4,87,0,1,0.5334221348955321
V13.mp4,88,0,1,0.5334221348955321
V13.mp4,89,0,1,0.5334221348955321
V13.mp4,90,0,1,0.5334221348955321
V13.mp4,91,0,1,0.5334221348955321
V13.mp4,92,0,1,0.5334221348955321
V13.mp4,93,0,1,0.5334221348955321
V13.mp4,94,0,1,0.5334221348955321
V13.mp4,95,0,1,0.5334221348955321
V13.mp4,96,0,1,0.5334221348955321
V13.mp4,97,0,1,0.5334221348955321
V13.mp4,98,0,1,0.5334221348955321
V13.mp4,99,0,1,0.5334221348955321
V13.mp4,100,0,1,0.5334221348955321
V13.mp4,101,0,1,0.5334221348955321
V13.mp4,102,0,1,0.5334221348955321
V13.mp4,103,0,1,0.5334221348955321
V13.mp4,104,0,1,0.5334221348955321
V13.mp4,105,0,1,0.5334221348955321
V13.mp4,106,0,1,0.5334221348955321
V13.mp4,107,0,1,0.5334221348955321
V13.mp4,108,0,1,0.5334221348955321
V13.mp4,109,0,1,0.5334221348955321
V13.mp4,110,0,1,0.5334221348955321
V13.mp4,111,0,1,0.5462478515796871
V13.mp4,112,0,0,0.4954519630071827
V13.mp4,113,0,0,0.4707548512763006
V13.mp4,114,0,0,0.36914010646429984
V13.mp4,115,0,0,0.3714233196066821
V13.mp4,116,0,0,0.18268251543066955
V13.mp4,117,0,0,0.08172896685021938
V13.mp4,118,0,0,0.058513838365906345
V13.mp4,119,0,1,0.5042876234682642
V13.mp4,120,0,0,0.4529558778699547
V13.mp4,121,0,0,0.435787714105729
V13.mp4,122,0,0,0.3213432653043421
V13.mp4,123,0,0,0.4107151378813325
V13.mp4,124,0,0,0.41071500895193336
V13.mp4,125,0,0,0.4107151378813325
V13.mp4,126,0,0,0.41071500895193336
V13.mp4,127,0,0,0.41679194654267376
V13.mp4,128,0,0,0.3885812340870292
V13.mp4,129,0,0,0.3890547079880207
V13.mp4,130,0,0,0.35465800393182645
V13.mp4,131,0,0,0.4609153608404457
V13.mp4,132,0,1,0.5043195623296218
V13.mp4,133,0,0,0.49093052947888005
V13.mp4,134,0,0,0.4436660585455763
V13.mp4,135,1,0,0.39970844924013016
V13.mp4,136,1,0,0.38372234977451314
V13.mp4,137,1,0,0.38994523637619194
V13.mp4,138,1,0,0.30454906230933854
V13.mp4,139,1,0,0.30326977555824547
V13.mp4,140,0,0,0.30770864041036033
V13.mp4,141,0,0,0.31236028944490163
V13.mp4,142,0,0,0.32820949846054864
V13.mp4,143,0,0,0.32820930451674163
V13.mp4,144,0,0,0.32820948475755557
V13.mp4,145,0,0,0.3282093694197813
V13.mp4,146,0,0,0.3282094844882853
V13.mp4,147,0,0,0.32820949846054864
V13.mp4,148,0,0,0.32820930451674163
V13.mp4,149,0,0,0.33407002851942286
V13.mp4,150,0,0,0.3140222129767907
V13.mp4,151,0,0,0.2938964938918419
V13.mp4,152,0,0,0.23234087518936186
V13.mp4,153,0,0,0.23234103703927442
V13.mp4,154,0,0,0.23234086615632507
V13.mp4,155,0,0,0.23234101298088752
V13.mp4,156,0,0,0.2293045071475966
V13.mp4,157,0,0,0.2518748520260401
V13.mp4,158,0,0,0.21077130231145846
V13.mp4,159,0,0,0.24723934763286579
V13.mp4,160,0,0,0.16919163158903683
V13.mp4,161,0,0,0.3378925232656027
V13.mp4,162,0,0,0.3356650222598197
V13.mp4,163,0,0,0.1492321898629978
V13.mp4,164,0,0,0.07890110336632357
V13.mp4,165,0,0,0.02581476019316937
V13.mp4,166,0,0,0.19996849665751082
V13.mp4,167,0,0,0.12386983243016995
V13.mp4,168,0,0,0.13679378548120746
V13.mp4,169,0,0,0.07805996262991043
V13.mp4,170,0,0,0.1920225296020296
V13.mp4,171,0,0,0.2334707713919213
V13.mp4,172,0,0,0.15078032621610774
V13.mp4,173,0,0,0.20099080618537626
V13.mp4,174,0,0,0.10952820873312216
V13.mp4,175,0,1,0.5178092886346278
V13.mp4,176,0,0,0.49657394391970966
V13.mp4,177,0,0,0.4786837979418618
V13.mp4,178,0,0,0.48261253193014997
V13.mp4,179,0,0,0.48669825812743583
V13.mp4,180,0,1,0.5148974095945863
V13.mp4,181,0,0,0.46474836218620114
V13.mp4,182,0,0,0.41761546839210967
V13.mp4,183,0,0,0.23966293371545552
V13.mp4,184,0,0,0.2688537528913019
V13.mp4,185,0,0,0.2718965882760629
V13.mp4,186,0,0,0.4401480883917409
V13.mp4,187,0,0,0.44863399572684615
V13.mp4,188,0,0,0.4574858956011802
V13.mp4,189,0,0,0.48728916265206407
V13.mp4,190,0,0,0.4872895355650724
V13.mp4,191,0,0,0.48728920416804017
V13.mp4,192,0,0,0.48728925467450523
V13.mp4,193,0,0,0.4872892882581323
V13.mp4,194,0,0,0.49374360909074
V13.mp4,195,0,0,0.47143572881411183
V13.mp4,196,0,0,0.4471626384396552
V13.mp4,197,0,0,0.3760791939064093
V13.mp4,198,0,0,0.37682923186498174
V13.mp4,199,0,0,0.4026295321580412
V13.mp4,200,0,0,0.4151154431175134
V13.mp4,201,0,0,0.45763386459285277
V13.mp4,202,0,0,0.45763383781870026
V13.mp4,203,0,0,0.4576339221742166
V13.mp4,204,0,0,0.4576339248387251
V13.mp4,205,0,0,0.45763405741811813
V13.mp4,206,0,0,0.4576338639341465
V13.mp4,207,0,0,0.4587367897488745
V13.mp4,208,0,0,0.45492274341092553
V13.mp4,209,0,0,0.4543299469794605
V13.mp4,210,0,0,0.42954972834044014
V13.mp4,211,0,0,0.41762180051152314
V13.mp4,212,0,0,0.3784514783031955
V13.mp4,213,0,0,0.37845165693956534
V13.mp4,214,0,0,0.38732835455581555
V13.mp4,215,0,0,0.362018403666615
V13.mp4,216,0,0,0.3090555616125825
V13.mp4,217,0,0,0.2240116378738187
V13.mp4,218,0,0,0.1945436505468488
V13.mp4,219,0,0,0.2579123016115217
V13.mp4,220,0,0,0.269882119634521
V13.mp4,221,0,0,0.28007185057010614
V13.mp4,222,0,0,0.27390769089738665
V13.mp4,223,0,0,0.23495695080829987
V13.mp4,224,0,0,0.2680390512740155
V13.mp4,225,0,0,0.25805963459251746
V13.mp4,226,0,0,0.21449708169010878
V13.mp4,227,0,0,0.2127854707194519
V13.mp4,228,0,0,0.20284381708117125
V13.mp4,229,0,1,0.5644950447584699
V13.mp4,230,0,1,0.6367732379267537
V13.mp4,231,0,1,0.6367732379267537
V13.mp4,232,0,1,0.6367732379267537
V13.mp4,233,0,1,0.6367732379267537
V13.mp4,234,0,1,0.6367732379267537
V13.mp4,235,0,1,0.6367732379267537
V13.mp4,236,0,1,0.6367732379267537
V13.mp4,237,0,1,0.6367732379267537
V13.mp4,238,0,1,0.6367732379267537
V13.mp4,239,0,1,0.6367732379267537
V13.mp4,240,0,1,0.6367732379267537
V14.mp4,1,0,1,0.5312893481608226
V14.mp4,2,0,1,0.5312893481608226
V14.mp4,3,0,1,0.5312893481608226
V14.mp4,4,0,1,0.5312893481608226
V14.mp4,5,0,1,0.5312893481608226
V14.mp4,6,0,1,0.5312893481608226
V14.mp4,7,0,1,0.5312893481608226
V14.mp4,8,0,1,0.5312893481608226
V14.mp4,9,0,1,0.5312893481608226
V14.mp4,10,0,1,0.5376429225868039
V14.mp4,11,0,1,0.5319130576655232
V14.mp4,12,0,1,0.5213707335863961
V14.mp4,13,0,0,0.4992049226320324
V14.mp4,14,0,1,0.5501691003023979
V14.mp4,15,0,1,0.5045849728846332
V14.mp4,16,0,0,0.36765542873746987
V14.mp4,17,0,0,0.2595422328785686
V14.mp4,18,0,0,0.33150768932420366
V14.mp4,19,0,1,0.5158253110006136
V14.mp4,20,0,1,0.5100191392860491
V14.mp4,21,0,1,0.5127090113967837
V14.mp4,22,0,1,0.5104022660540479
V14.mp4,23,0,1,0.5078650500129799
V14.mp4,24,0,1,0.5024701231923432
V14.mp4,25,0,0,0.4963186882176743
V14.mp4,26,0,0,0.49519896237277733
V14.mp4,27,0,0,0.489193220579566
V14.mp4,28,0,0,0.4730880508982408
V14.mp4,29,0,0,0.4671669989235843
V14.mp4,30,0,0,0.46716657377949394
V14.mp4,31,0,1,0.5132521870643343
V14.mp4,32,0,0,0.4535198778751356
V14.mp4,33,0,0,0.3770235318801205
V14.mp4,34,0,0,0.28929986666113666
V14.mp4,35,0,0,0.35121665399779595
V14.mp4,36,0,0,0.40121956623122035
V14.mp4,37,0,0,0.37347634157096143
V14.mp4,38,0,0,0.43455944870786223
V14.mp4,39,0,0,0.41293584454907084
V14.mp4,40,0,0,0.3354003789062798
V14.mp4,41,0,0,0.2977199461213754
V14.mp4,42,0,0,0.35655201469270126
V14.mp4,43,0,0,0.49369596130066606
V14.mp4,44,0,0,0.4814730314028601
V14.mp4,45,0,0,0.4814729166577441
V14.mp4,46,0,0,0.4814731348987501
V14.mp4,47,0,0,0.48147322144502835
V14.mp4,48,0,0,0.48147343003242704
V14.mp4,49,0,0,0.4814730314028601
V14.mp4,50,0,0,0.4731964265770741
V14.mp4,51,0,0,0.4830766160279948
V14.mp4,52,0,0,0.4946241157914864
V14.mp4,53,0,1,0.5194217310127069
V14.mp4,54,0,1,0.5132687676685652
V14.mp4,55,0,1,0.5112450991387606
V14.mp4,56,0,1,0.5075288092117808
V14.mp4,57,0,0,0.4978268399369008
V14.mp4,58,0,0,0.4995434831296515
V14.mp4,59,0,1,0.5026953820269003
V14.mp4,60,0,1,0.5093064729346277
V14.mp4,61,0,1,0.5093063676242642
V14.mp4,62,0,1,0.5093064466754308
V14.mp4,63,0,1,0.5070337629823649
V14.mp4,64,0,1,0.5135943421082689
V14.mp4,65,0,1,0.5391100015247142
V14.mp4,66,0,1,0.5162510611919319
V14.mp4,67,0,0,0.4937279116516248
V14.mp4,68,0,0,0.3971561074862803
V14.mp4,69,0,0,0.27416559789972406
V14.mp4,70,0,0,0.19321447214242388
V14.mp4,71,0,0,0.20985026532863
V14.mp4,72,0,0,0.3576877903273237
V14.mp4,73,0,0,0.334160318925038
V14.mp4,74,0,0,0.25774435478025065
V14.mp4,75,0,0,0.28447947133403034
V14.mp4,76,0,0,0.3376547179467733
V14.mp4,77,0,0,0.46200109909604253
V14.mp4,78,0,0,0.46200118146389696
V14.mp4,79,0,0,0.46200109909604253
V14.mp4,80,0,0,0.46200118146389696
V14.mp4,81,0,0,0.459920235907727
V14.mp4,82,0,0,0.4834840799935909
V14.mp4,83,0,1,0.5087174347568756
V14.mp4,84,0,0,0.44287840764422615
V14.mp4,85,0,1,0.5883959781659204
V14.mp4,86,0,0,0.07855292125959
V14.mp4,87,0,0,0.03519331445111595
V14.mp4,88,0,0,0.004615297642216126
V14.mp4,89,0,0,0.22756495270944502
V14.mp4,90,0,0,0.227564889522513
V14.mp4,91,0,0,0.200850341010183
V14.mp4,92,0,0,0.2248372494467558
V14.mp4,93,0,0,0.273968912932675
V14.mp4,94,0,0,0.39589059843270213
V14.mp4,95,0,0,0.3958905306038221
V14.mp4,96,0,0,0.4737264014146169
V14.mp4,97,0,0,0.321002133466441
V14.mp4,98,0,0,0.4026979427574692
V14.mp4,99,0,0,0.19975298013448928
V14.mp4,100,0,0,0.2022603965002375
V14.mp4,101,0,0,0.05182056936758569
V14.mp4,102,0,0,0.04618276671779922
V14.mp4,103,0,0,0.11597699773810856
V14.mp4,104,0,0,0.10124620592739676
V14.mp4,105,0,0,0.3135757980621099
V14.mp4,106,0,0,0.3892038917838251
V14.mp4,107,0,0,0.4873142483066306
V14.mp4,108,0,0,0.49132142078979385
V14.mp4,109,0,1,0.5142969325190676
V14.mp4,110,0,1,0.5159338492838376
V14.mp4,111,0,0,0.4149167218397754
V14.mp4,112,0,0,0.32810645894570456
V14.mp4,113,0,0,0.39754376013575543
V14.mp4,114,0,1,0.5131475677836687
V14.mp4,115,0,0,0.47059156042720474
V14.mp4,116,0,0,0.40112951537790764
V14.mp4,117,0,0,0.3841792859068846
V14.mp4,118,0,0,0.4508201282391322
V14.mp4,119,0,1,0.5083372706715976
V14.mp4,120,0,0,0.4933631835453409
V14.mp4,121,0,0,0.4954150725065339
V14.mp4,122,0,1,0.5188981300472627
V14.mp4,123,0,0,0.4994723782019994
V14.mp4,124,0,0,0.47754222324678036
V14.mp4,125,0,0,0.469084076837187
V14.mp4,126,0,0,0.49584454225099306
V14.mp4,127,0,1,0.5037642796663856
V14.mp4,128,0,0,0.4884893324988028
V14.mp4,129,0,1,0.5158512926213943
V14.mp4,130,0,0,0.4802380054929864
V14.mp4,131,0,0,0.466011613570037
V14.mp4,132,0,0,0.43295469419885574
V14.mp4,133,0,1,0.5500283854653786
V14.mp4,134,0,1,0.5111588992914196
V14.mp4,135,1,0,0.421930041656667
V14.mp4,136,1,0,0.31564372414841124
V14.mp4,137,1,0,0.36659074415247184
V14.mp4,138,1,0,0.40494918183034934
V14.mp4,139,1,0,0.3528495881807944
V14.mp4,140,0,0,0.33698671994510654
V14.mp4,141,0,0,0.4173435147567955
V14.mp4,142,0,0,0.48984930272471855
V14.mp4,143,0,0,0.4898494023887025
V14.mp4,144,0,0,0.489849441685936
V14.mp4,145,0,1,0.5459796033943043
V14.mp4,146,0,0,0.43821461385530563
V14.mp4,147,0,0,0.3980047026068563
V14.mp4,148,0,0,0.30807492889368343
V14.mp4,149,0,0,0.4960679559216587
V14.mp4,150,0,0,0.49366883696804714
V14.mp4,151,0,0,0.48863716927908424
V14.mp4,152,0,0,0.48863716927908424
V14.mp4,153,0,0,0.48016123206069133
V14.mp4,154,0,0,0.4878053891418679
V14.mp4,155,0,1,0.5018541167770921
V14.mp4,156,0,1,0.5312893481608226
V14.mp4,157,0,1,0.5312893481608226
V14.mp4,158,0,1,0.5312893481608226
V14.mp4,159,0,1,0.5312893481608226
V14.mp4,160,0,1,0.5312893481608226
V14.mp4,161,0,1,0.5312893481608226
V14.mp4,162,0,1,0.5312893481608226
V14.mp4,163,0,1,0.5312893481608226
V14.mp4,164,0,1,0.5312893481608226
V14.mp4,165,0,1,0.5312893481608226
V14.mp4,166,0,1,0.5312893481608226
V14.mp4,167,0,1,0.5312893481608226
V14.mp4,168,0,1,0.5312893481608226
V14.mp4,169,0,1,0.5312893481608226
V14.mp4,170,0,1,0.5312893481608226
V14.mp4,171,0,1,0.5312893481608226
V14.mp4,172,0,1,0.5312893481608226
V14.mp4,173,0,1,0.5312893481608226
V14.mp4,174,0,1,0.5312893481608226
V14.mp4,175,0,1,0.5312893481608226
V14.mp4,176,0,1,0.5312893481608226
V14.mp4,177,0,1,0.5312893481608226
V14.mp4,178,0,1,0.5312893481608226
V14.mp4,179,0,1,0.5312893481608226
V14.mp4,180,0,1,0.5312893481608226
V14.mp4,181,0,1,0.5312893481608226
V14.mp4,182,0,1,0.5312893481608226
V14.mp4,183,0,1,0.5312893481608226
V14.mp4,184,0,1,0.5312893481608226
V14.mp4,185,0,1,0.5312893481608226
V14.mp4,186,0,1,0.5312893481608226
V14.mp4,187,0,1,0.5312893481608226
V14.mp4,188,0,1,0.5312893481608226
V14.mp4,189,0,1,0.5312893481608226
V14.mp4,190,0,1,0.5312893481608226
V14.mp4,191,0,1,0.5312893481608226
V14.mp4,192,0,1,0.5312893481608226
V14.mp4,193,0,1,0.5312893481608226
V14.mp4,194,0,1,0.5312893481608226
V14.mp4,195,0,1,0.5312893481608226
V14.mp4,196,0,1,0.5312893481608226
V14.mp4,197,0,1,0.5312893481608226
V14.mp4,198,0,1,0.5312893481608226
V14.mp4,199,0,1,0.5312893481608226
V14.mp4,200,0,1,0.5312893481608226
V14.mp4,201,0,1,0.5312893481608226
V14.mp4,202,0,1,0.5312893481608226
V14.mp4,203,0,1,0.5312893481608226
V14.mp4,204,0,1,0.5312893481608226
V14.mp4,205,0,1,0.5312893481608226
V14.mp4,206,0,1,0.5312893481608226
V14.mp4,207,0,1,0.5312893481608226
V14.mp4,208,0,1,0.5312893481608226
V14.mp4,209,0,1,0.5312893481608226
V14.mp4,210,0,1,0.5312893481608226
V14.mp4,211,0,1,0.5312893481608226
V14.mp4,212,0,1,0.5312893481608226
V14.mp4,213,0,1,0.5312893481608226
V14.mp4,214,0,1,0.5312893481608226
V14.mp4,215,0,1,0.5312893481608226
V14.mp4,216,0,1,0.5312893481608226
V14.mp4,217,0,1,0.5312893481608226
V14.mp4,218,0,1,0.5312893481608226
V14.mp4,219,0,1,0.5312893481608226
V14.mp4,220,0,1,0.5312893481608226
V14.mp4,221,0,1,0.5312893481608226
V14.mp4,222,0,1,0.5312893481608226
V14.mp4,223,0,1,0.5312893481608226
V14.mp4,224,0,1,0.5312893481608226
V14.mp4,225,0,1,0.5312893481608226
V15.mp4,1,0,1,0.5236843082098898
V15.mp4,2,0,1,0.5236843082098898
V15.mp4,3,0,1,0.5236843082098898
V15.mp4,4,0,1,0.5236843082098898
V15.mp4,5,0,1,0.5236843082098898
V15.mp4,6,0,1,0.5236843082098898
V15.mp4,7,0,1,0.5236843082098898
V15.mp4,8,0,1,0.5236843082098898
V15.mp4,9,0,1,0.5236843082098898
V15.mp4,10,0,1,0.5236843082098898
V15.mp4,11,0,1,0.5236843082098898
V15.mp4,12,0,1,0.5236843082098898
V15.mp4,13,0,1,0.5236843082098898
V15.mp4,14,0,1,0.5236843082098898
V15.mp4,15,0,1,0.5236843082098898
V15.mp4,16,0,1,0.5236843082098898
V15.mp4,17,0,1,0.5236843082098898
V15.mp4,18,0,1,0.5236843082098898
V15.mp4,19,0,1,0.5236843082098898
V15.mp4,20,0,1,0.5236843082098898
V15.mp4,21,0,1,0.5236843082098898
V15.mp4,22,0,1,0.5236843082098898
V15.mp4,23,0,1,0.5236843082098898
V15.mp4,24,0,1,0.5236843082098898
V15.mp4,25,0,1,0.5236843082098898
V15.mp4,26,0,1,0.5236843082098898
V15.mp4,27,0,1,0.5236843082098898
V15.mp4,28,0,1,0.5236843082098898
V15.mp4,29,0,1,0.5236843082098898
V15.mp4,30,0,1,0.5236843082098898
V15.mp4,31,0,1,0.5236843082098898
V15.mp4,32,0,1,0.5236843082098898
V15.mp4,33,0,1,0.5236843082098898
V15.mp4,34,0,1,0.5236843082098898
V15.mp4,35,0,1,0.5236843082098898
V15.mp4,36,0,1,0.5236843082098898
V15.mp4,37,0,1,0.5236843082098898
V15.mp4,38,0,1,0.5236843082098898
V15.mp4,39,0,1,0.5236843082098898
V15.mp4,40,0,1,0.5236843082098898
V15.mp4,41,0,1,0.5236843082098898
V15.mp4,42,0,1,0.5236843082098898
V15.mp4,43,0,1,0.5236843082098898
V15.mp4,44,0,1,0.5236843082098898
V15.mp4,45,0,1,0.5236843082098898
V15.mp4,46,0,1,0.5236843082098898
V15.mp4,47,0,1,0.5236843082098898
V15.mp4,48,0,1,0.5236843082098898
V15.mp4,49,0,1,0.5236843082098898
V15.mp4,50,0,1,0.5236843082098898
V15.mp4,51,0,1,0.5236843082098898
V15.mp4,52,0,1,0.5236843082098898
V15.mp4,53,0,1,0.5236843082098898
V15.mp4,54,0,1,0.5236843082098898
V15.mp4,55,0,1,0.5236843082098898
V15.mp4,56,0,1,0.5236843082098898
V15.mp4,57,0,1,0.5236843082098898
V15.mp4,58,0,1,0.5236843082098898
V15.mp4,59,0,1,0.5236843082098898
V15.mp4,60,0,1,0.5236843082098898
V15.mp4,61,0,1,0.5236843082098898
V15.mp4,62,0,1,0.5236843082098898
V15.mp4,63,0,1,0.5236843082098898
V15.mp4,64,0,1,0.5236843082098898
V15.mp4,65,0,1,0.5236843082098898
V15.mp4,66,0,1,0.5236843082098898
V15.mp4,67,0,1,0.5236843082098898
V15.mp4,68,0,1,0.5236843082098898
V15.mp4,69,0,1,0.5236843082098898
V15.mp4,70,0,1,0.5236843082098898
V15.mp4,71,0,1,0.5236843082098898
V15.mp4,72,0,1,0.5236843082098898
V15.mp4,73,0,1,0.5236843082098898
V15.mp4,74,0,1,0.5236843082098898
V15.mp4,75,0,1,0.5236843082098898
V15.mp4,76,0,1,0.5236843082098898
V15.mp4,77,0,1,0.5236843082098898
V15.mp4,78,0,1,0.5236843082098898
V15.mp4,79,0,1,0.5236843082098898
V15.mp4,80,0,1,0.5236843082098898
V15.mp4,81,0,1,0.5236843082098898
V15.mp4,82,0,1,0.5236843082098898
V15.mp4,83,0,1,0.5236843082098898
V15.mp4,84,0,1,0.5236843082098898
V15.mp4,85,1,1,0.5236843082098898
V15.mp4,86,1,1,0.5236843082098898
V15.mp4,87,1,1,0.5236843082098898
V15.mp4,88,1,1,0.5236843082098898
V15.mp4,89,1,1,0.5236843082098898
V15.mp4,90,0,1,0.5236843082098898
V15.mp4,91,0,1,0.5236843082098898
V15.mp4,92,0,1,0.5236843082098898
V15.mp4,93,0,1,0.5236843082098898
V15.mp4,94,0,1,0.7547626566564594
V15.mp4,95,0,0,0.3670820193755295
V15.mp4,96,0,0,0.36404044551984405
V15.mp4,97,0,0,0.039968477390905026
V15.mp4,98,0,0,0.30192657349194507
V15.mp4,99,0,0,0.19913267751634478
V15.mp4,100,0,0,0.11015510859590029
V15.mp4,101,0,0,0.3164707820571173
V15.mp4,102,0,0,0.4382511757398911
V15.mp4,103,0,1,0.5039339389215476
V15.mp4,104,0,1,0.509771390186012
V15.mp4,105,0,1,0.5117117977316351
V15.mp4,106,0,0,0.4533840805520274
V15.mp4,107,0,0,0.45264003600713754
V15.mp4,108,0,0,0.37983059732818875
V15.mp4,109,0,0,0.4933111306472227
V15.mp4,110,0,0,0.47912716235530656
V15.mp4,111,0,0,0.46905933369646324
V15.mp4,112,0,0,0.47894151039669175
V15.mp4,113,0,0,0.4294334196511656
V15.mp4,114,0,0,0.1993739133483505
V15.mp4,115,0,0,0.14887840475300101
V15.mp4,116,0,0,0.20074247216627333
V15.mp4,117,0,1,0.5006914470023978
V15.mp4,118,0,0,0.4898044637645485
V15.mp4,119,0,0,0.49089278710937795
V15.mp4,120,0,1,0.5074051152835564
V15.mp4,121,0,1,0.526323433640868
V15.mp4,122,0,1,0.5155225545132224
V15.mp4,123,0,0,0.4938036283981376
V15.mp4,124,0,0,0.4404254869158881
V15.mp4,125,0,0,0.4827361848518395
V15.mp4,126,0,1,0.5046737431447065
V15.mp4,127,0,0,0.48904516406475734
V15.mp4,128,0,0,0.48059917041526373
V15.mp4,129,0,1,0.5236843082098898
V15.mp4,130,0,1,0.5236843082098898
V15.mp4,131,0,1,0.5236843082098898
V15.mp4,132,0,1,0.5236843082098898
V15.mp4,133,0,1,0.5236843082098898
V15.mp4,134,0,1,0.5236843082098898
V15.mp4,135,0,1,0.5236843082098898
V15.mp4,136,0,1,0.5236843082098898
V15.mp4,137,0,1,0.5236843082098898
V15.mp4,138,0,1,0.5236843082098898
V15.mp4,139,0,1,0.5236843082098898
V15.mp4,140,0,1,0.5236843082098898
V15.mp4,141,0,1,0.5236843082098898
V15.mp4,142,0,1,0.5236843082098898
V15.mp4,143,0,1,0.5236843082098898
V15.mp4,144,0,1,0.5236843082098898
V15.mp4,145,0,1,0.5236843082098898
V15.mp4,146,0,1,0.5236843082098898
V15.mp4,147,0,1,0.5236843082098898
V15.mp4,148,0,1,0.5236843082098898
V15.mp4,149,0,1,0.5236843082098898
V15.mp4,150,0,1,0.5236843082098898
V15.mp4,151,0,1,0.5236843082098898
V15.mp4,152,0,1,0.5236843082098898
V15.mp4,153,0,1,0.5236843082098898
V15.mp4,154,0,1,0.5236843082098898
V15.mp4,155,0,1,0.5236843082098898
V15.mp4,156,0,1,0.5236843082098898
V15.mp4,157,0,1,0.5236843082098898
V15.mp4,158,0,1,0.5236843082098898
V15.mp4,159,0,1,0.5236843082098898
V15.mp4,160,0,1,0.5236843082098898
V15.mp4,161,0,1,0.5236843082098898
V15.mp4,162,0,1,0.5236843082098898
V15.mp4,163,0,1,0.5236843082098898
V15.mp4,164,0,1,0.5236843082098898
V15.mp4,165,0,1,0.5236843082098898
V15.mp4,166,0,1,0.5236843082098898
V15.mp4,167,0,1,0.5236843082098898
V15.mp4,168,0,1,0.5236843082098898
V15.mp4,169,0,1,0.5236843082098898
V15.mp4,170,0,1,0.5236843082098898
V15.mp4,171,0,1,0.5236843082098898
V15.mp4,172,0,1,0.5236843082098898
V15.mp4,173,0,1,0.5236843082098898
V15.mp4,174,0,1,0.5236843082098898
V15.mp4,175,0,1,0.5236843082098898
V15.mp4,176,0,1,0.5236843082098898
V15.mp4,177,0,1,0.5236843082098898
V15.mp4,178,0,1,0.5236843082098898
V15.mp4,179,0,1,0.5236843082098898
V15.mp4,180,0,1,0.5236843082098898
V15.mp4,181,0,1,0.5236843082098898
V15.mp4,182,0,1,0.5236843082098898
V15.mp4,183,0,1,0.5236843082098898
V15.mp4,184,0,1,0.5236843082098898
V15.mp4,185,0,1,0.5236843082098898
V15.mp4,186,0,1,0.5236843082098898
V15.mp4,187,0,1,0.5236843082098898
V15.mp4,188,0,1,0.5236843082098898
V15.mp4,189,0,1,0.5236843082098898
V15.mp4,190,0,1,0.5236843082098898
V15.mp4,191,0,1,0.5236843082098898
V15.mp4,192,0,1,0.5236843082098898
V15.mp4,193,0,1,0.5236843082098898
V15.mp4,194,0,1,0.5236843082098898
V15.mp4,195,0,1,0.5236843082098898
V15.mp4,196,0,1,0.5236843082098898
V15.mp4,197,0,1,0.5236843082098898
V15.mp4,198,0,1,0.5236843082098898
V15.mp4,199,0,1,0.5236843082098898
V15.mp4,200,0,1,0.5236843082098898
V15.mp4,201,0,1,0.5236843082098898
V15.mp4,202,0,1,0.5236843082098898
V15.mp4,203,0,1,0.5236843082098898
V15.mp4,204,0,1,0.5236843082098898
V15.mp4,205,0,1,0.5236843082098898
V15.mp4,206,0,1,0.5236843082098898
V15.mp4,207,0,1,0.5236843082098898
V15.mp4,208,0,1,0.5236843082098898
V15.mp4,209,0,1,0.5236843082098898
V15.mp4,210,0,1,0.5236843082098898
V15.mp4,211,0,1,0.5236843082098898
V15.mp4,212,0,1,0.5236843082098898
V15.mp4,213,0,1,0.5236843082098898
V15.mp4,214,0,1,0.5236843082098898
V15.mp4,215,0,1,0.5236843082098898
V15.mp4,216,0,1,0.5236843082098898
V15.mp4,217,0,1,0.5236843082098898
V15.mp4,218,0,1,0.5236843082098898
V15.mp4,219,0,1,0.5236843082098898
V15.mp4,220,0,1,0.5236843082098898
V16.mp4,1,0,1,0.5253512176961086
V16.mp4,2,0,1,0.5253512176961086
V16.mp4,3,0,1,0.5283378809156936
V16.mp4,4,0,1,0.5249437473119101
V16.mp4,5,0,1,0.522725871567569
V16.mp4,6,0,1,0.5119190631476157
V16.mp4,7,0,1,0.5145885625439078
V16.mp4,8,0,1,0.5137439494548771
V16.mp4,9,0,1,0.5145979611547387
V16.mp4,10,0,1,0.5160695944424016
V16.mp4,11,0,1,0.5194615276493861
V16.mp4,12,0,1,0.5175726346833373
V16.mp4,13,0,1,0.53007729709169
V16.mp4,14,0,1,0.5118698274533845
V16.mp4,15,0,0,0.49635928456191125
V16.mp4,16,0,0,0.43430499169306297
V16.mp4,17,0,0,0.43430498848452287
V16.mp4,18,0,0,0.4594836354600169
V16.mp4,19,0,0,0.43671550152527794
V16.mp4,20,0,0,0.37446669270796
V16.mp4,21,0,0,0.4005768672267045
V16.mp4,22,0,0,0.2831496073470641
V16.mp4,23,0,0,0.4200446028942537
V16.mp4,24,0,0,0.24113180111895632
V16.mp4,25,0,0,0.4990080990730383
V16.mp4,26,0,0,0.46635268463629964
V16.mp4,27,0,0,0.2805428068372077
V16.mp4,28,0,0,0.35323122430966325
V16.mp4,29,0,0,0.37346293205626213
V16.mp4,30,0,0,0.4925261037188977
V16.mp4,31,0,0,0.4990611294811902
V16.mp4,32,0,1,0.5253512176961086
V16.mp4,33,0,1,0.5253512176961086
V16.mp4,34,0,1,0.5253512176961086
V16.mp4,35,0,1,0.5253512176961086
V16.mp4,36,0,1,0.5253512176961086
V16.mp4,37,0,1,0.5253512176961086
V16.mp4,38,0,1,0.5253512176961086
V16.mp4,39,0,1,0.5253512176961086
V16.mp4,40,0,1,0.5253512176961086
V16.mp4,41,0,1,0.5253512176961086
V16.mp4,42,0,1,0.5253512176961086
V16.mp4,43,0,1,0.5253512176961086
V16.mp4,44,0,1,0.5253512176961086
V16.mp4,45,0,1,0.5253512176961086
V16.mp4,46,0,1,0.5253512176961086
V16.mp4,47,0,1,0.5253512176961086
V16.mp4,48,0,1,0.5253512176961086
V16.mp4,49,0,1,0.5253512176961086
V16.mp4,50,0,1,0.5253512176961086
V16.mp4,51,0,1,0.5253512176961086
V16.mp4,52,0,1,0.5253512176961086
V16.mp4,53,0,1,0.5253512176961086
V16.mp4,54,0,1,0.5253512176961086
V16.mp4,55,0,1,0.5253512176961086
V16.mp4,56,0,1,0.5253512176961086
V16.mp4,57,0,1,0.5253512176961086
V16.mp4,58,0,1,0.5253512176961086
V16.mp4,59,0,1,0.5253512176961086
V16.mp4,60,0,1,0.5253512176961086
V16.mp4,61,0,1,0.5253512176961086
V16.mp4,62,0,1,0.5253512176961086
V16.mp4,63,0,1,0.5253512176961086
V16.mp4,64,0,1,0.5253512176961086
V16.mp4,65,0,1,0.5253512176961086
V16.mp4,66,0,1,0.5253512176961086
V16.mp4,67,0,1,0.5253512176961086
V16.mp4,68,0,1,0.5253512176961086
V16.mp4,69,0,1,0.5253512176961086
V16.mp4,70,0,1,0.5253512176961086
V16.mp4,71,0,1,0.5253512176961086
V16.mp4,72,0,1,0.5253512176961086
V16.mp4,73,0,1,0.5253512176961086
V16.mp4,74,0,1,0.5253512176961086
V16.mp4,75,0,1,0.5253512176961086
V16.mp4,76,0,1,0.5253512176961086
V16.mp4,77,0,1,0.5253512176961086
V16.mp4,78,0,1,0.5253512176961086
V16.mp4,79,0,1,0.5253512176961086
V16.mp4,80,0,1,0.5253512176961086
V16.mp4,81,0,1,0.5253512176961086
V16.mp4,82,0,1,0.5253512176961086
V16.mp4,83,0,1,0.5253512176961086
V16.mp4,84,0,1,0.5253512176961086
V16.mp4,85,0,1,0.5253512176961086
V16.mp4,86,0,1,0.5253512176961086
V16.mp4,87,0,1,0.5253512176961086
V16.mp4,88,0,1,0.5253512176961086
V16.mp4,89,0,1,0.5253512176961086
V16.mp4,90,0,1,0.5253512176961086
V16.mp4,91,0,1,0.5253512176961086
V16.mp4,92,0,1,0.5253512176961086
V16.mp4,93,0,1,0.5253512176961086
V16.mp4,94,0,1,0.5253512176961086
V16.mp4,95,0,1,0.5253512176961086
V16.mp4,96,0,1,0.5253512176961086
V16.mp4,97,0,1,0.5253512176961086
V16.mp4,98,0,1,0.5253512176961086
V16.mp4,99,0,1,0.5253512176961086
V16.mp4,100,0,1,0.5253512176961086
V16.mp4,101,0,1,0.5253512176961086
V16.mp4,102,0,1,0.5253512176961086
V16.mp4,103,0,1,0.5253512176961086
V16.mp4,104,0,1,0.5253512176961086
V16.mp4,105,0,1,0.5253512176961086
V16.mp4,106,0,1,0.5253512176961086
V16.mp4,107,0,1,0.5253512176961086
V16.mp4,108,0,1,0.5253512176961086
V16.mp4,109,0,1,0.5253512176961086
V16.mp4,110,0,1,0.5253512176961086
V16.mp4,111,0,1,0.5253512176961086
V16.mp4,112,0,1,0.5253512176961086
V16.mp4,113,0,1,0.5253512176961086
V16.mp4,114,0,1,0.5253512176961086
V16.mp4,115,0,1,0.5253512176961086
V16.mp4,116,0,1,0.5253512176961086
V16.mp4,117,0,1,0.5253512176961086
V16.mp4,118,0,1,0.5253512176961086
V16.mp4,119,0,1,0.5253512176961086
V16.mp4,120,0,1,0.5253512176961086
V16.mp4,121,0,1,0.5253512176961086
V16.mp4,122,0,1,0.5253512176961086
V16.mp4,123,0,1,0.5253512176961086
V16.mp4,124,0,1,0.5253512176961086
V16.mp4,125,0,1,0.5253512176961086
V16.mp4,126,0,1,0.5253512176961086
V16.mp4,127,0,1,0.5253512176961086
V16.mp4,128,0,1,0.5253512176961086
V16.mp4,129,0,1,0.5253512176961086
V16.mp4,130,0,1,0.5253512176961086
V16.mp4,131,0,1,0.5253512176961086
V16.mp4,132,0,1,0.5253512176961086
V16.mp4,133,0,1,0.5253512176961086
V16.mp4,134,0,1,0.5253512176961086
V16.mp4,135,0,1,0.5253512176961086
V16.mp4,136,0,1,0.5253512176961086
V16.mp4,137,0,1,0.5253512176961086
V16.mp4,138,0,1,0.5253512176961086
V16.mp4,139,0,1,0.5253512176961086
V16.mp4,140,0,1,0.5253512176961086
V16.mp4,141,0,1,0.5253512176961086
V16.mp4,142,0,1,0.5253512176961086
V16.mp4,143,0,1,0.5253512176961086
V16.mp4,144,0,1,0.5253512176961086
V16.mp4,145,0,1,0.5253512176961086
V16.mp4,146,0,1,0.5253512176961086
V16.mp4,147,0,1,0.5253512176961086
V16.mp4,148,0,1,0.5253512176961086
V16.mp4,149,0,1,0.5253512176961086
V16.mp4,150,0,1,0.5253512176961086
V16.mp4,151,0,1,0.5253512176961086
V16.mp4,152,0,1,0.5253512176961086
V16.mp4,153,0,1,0.5253512176961086
V16.mp4,154,0,1,0.5253512176961086
V16.mp4,155,0,1,0.5253512176961086
V16.mp4,156,1,1,0.5253512176961086
V16.mp4,157,1,1,0.5253512176961086
V16.mp4,158,1,1,0.5253512176961086
V16.mp4,159,1,1,0.5253512176961086
V16.mp4,160,1,1,0.5253512176961086
V16.mp4,161,0,1,0.5253512176961086
V16.mp4,162,0,1,0.5253512176961086
V16.mp4,163,0,1,0.5253512176961086
V16.mp4,164,0,1,0.5253512176961086
V16.mp4,165,0,1,0.5253512176961086
V16.mp4,166,0,1,0.5253512176961086
V16.mp4,167,0,1,0.5253512176961086
V16.mp4,168,0,1,0.5253512176961086
V16.mp4,169,0,1,0.5253512176961086
V16.mp4,170,0,1,0.5253512176961086
V16.mp4,171,0,1,0.5253512176961086
V16.mp4,172,0,1,0.5253512176961086
V16.mp4,173,0,1,0.5253512176961086
V16.mp4,174,0,1,0.5253512176961086
V16.mp4,175,0,1,0.5253512176961086
V16.mp4,176,0,1,0.5253512176961086
V16.mp4,177,0,1,0.5253512176961086
V16.mp4,178,0,1,0.5253512176961086
V16.mp4,179,0,1,0.5253512176961086
V16.mp4,180,0,1,0.5253512176961086
V16.mp4,181,0,1,0.5253512176961086
V16.mp4,182,0,1,0.5253512176961086
V16.mp4,183,0,1,0.5253512176961086
V16.mp4,184,0,1,0.5253512176961086
V16.mp4,185,0,1,0.5253512176961086
V16.mp4,186,0,1,0.5253512176961086
V16.mp4,187,0,1,0.5253512176961086
V16.mp4,188,0,1,0.5253512176961086
V16.mp4,189,0,1,0.5253512176961086
V16.mp4,190,0,1,0.5253512176961086
V16.mp4,191,0,1,0.5253512176961086
V16.mp4,192,0,1,0.5253512176961086
V16.mp4,193,0,1,0.5253512176961086
V16.mp4,194,0,1,0.5253512176961086
V16.mp4,195,0,1,0.5253512176961086
V16.mp4,196,0,1,0.5253512176961086
V16.mp4,197,0,1,0.5253512176961086
V16.mp4,198,0,1,0.5253512176961086
V16.mp4,199,0,1,0.5253512176961086
V16.mp4,200,0,1,0.5253512176961086
V16.mp4,201,0,1,0.5253512176961086
V16.mp4,202,0,1,0.5253512176961086
V16.mp4,203,0,1,0.5253512176961086
V16.mp4,204,0,1,0.5253512176961086
V16.mp4,205,0,1,0.5253512176961086
V16.mp4,206,0,1,0.5253512176961086
V16.mp4,207,0,1,0.5253512176961086
V16.mp4,208,0,1,0.5253512176961086
V16.mp4,209,0,1,0.5253512176961086
V16.mp4,210,0,1,0.5253512176961086
V16.mp4,211,0,1,0.5253512176961086
V16.mp4,212,0,1,0.5253512176961086
V16.mp4,213,0,1,0.5253512176961086
V16.mp4,214,0,1,0.5253512176961086
V16.mp4,215,0,1,0.5253512176961086
V16.mp4,216,0,1,0.5253512176961086
V16.mp4,217,0,1,0.5253512176961086
V16.mp4,218,0,1,0.5253512176961086
V16.mp4,219,0,1,0.5253512176961086
V16.mp4,220,0,1,0.5253512176961086
V16.mp4,221,0,1,0.5253512176961086
V16.mp4,222,0,1,0.5253512176961086
V16.mp4,223,0,1,0.5253512176961086
V16.mp4,224,0,1,0.5253512176961086
V16.mp4,225,0,1,0.5253512176961086
V16.mp4,226,0,1,0.5253512176961086
V16.mp4,227,0,1,0.5253512176961086
V16.mp4,228,0,1,0.5253512176961086
V16.mp4,229,0,1,0.5253512176961086
V16.mp4,230,0,1,0.5253512176961086
V16.mp4,231,0,1,0.5253512176961086
V16.mp4,232,0,1,0.5253512176961086
V16.mp4,233,0,1,0.5253512176961086
V16.mp4,234,0,1,0.5253512176961086
V16.mp4,235,0,1,0.5253512176961086
V16.mp4,236,0,1,0.5253512176961086
V16.mp4,237,0,1,0.5253512176961086
V16.mp4,238,0,1,0.5253512176961086
V16.mp4,239,0,1,0.5253512176961086
V16.mp4,240,0,1,0.5253512176961086
V16.mp4,241,0,1,0.5253512176961086
V16.mp4,242,0,1,0.5253512176961086
V16.mp4,243,0,1,0.5253512176961086
V16.mp4,244,0,1,0.5253512176961086
V16.mp4,245,0,1,0.5253512176961086
V17.mp4,1,0,1,0.5222365134374513
V17.mp4,2,0,1,0.5222365134374513
V17.mp4,3,0,1,0.5222365134374513
V17.mp4,4,0,1,0.5222365134374513
V17.mp4,5,0,1,0.5222365134374513
V17.mp4,6,0,1,0.5222365134374513
V17.mp4,7,0,1,0.5222365134374513
V17.mp4,8,0,1,0.5222365134374513
V17.mp4,9,0,1,0.5222365134374513
V17.mp4,10,0,1,0.5222365134374513
V17.mp4,11,0,1,0.5222365134374513
V17.mp4,12,0,1,0.5222365134374513
V17.mp4,13,0,1,0.5222365134374513
V17.mp4,14,0,1,0.5222365134374513
V17.mp4,15,0,1,0.5222365134374513
V17.mp4,16,0,1,0.5222365134374513
V17.mp4,17,0,1,0.5222365134374513
V17.mp4,18,0,1,0.5222365134374513
V17.mp4,19,0,1,0.5222365134374513
V17.mp4,20,0,1,0.5222365134374513
V17.mp4,21,0,1,0.5222365134374513
V17.mp4,22,0,1,0.5222365134374513
V17.mp4,23,0,1,0.5222365134374513
V17.mp4,24,0,1,0.5222365134374513
V17.mp4,25,0,1,0.5222365134374513
V17.mp4,26,0,1,0.5222365134374513
V17.mp4,27,0,1,0.5222365134374513
V17.mp4,28,0,1,0.5222365134374513
V17.mp4,29,0,1,0.5222365134374513
V17.mp4,30,0,1,0.5222365134374513
V17.mp4,31,0,1,0.5222365134374513
V17.mp4,32,0,1,0.5222365134374513
V17.mp4,33,0,1,0.5222365134374513
V17.mp4,34,0,1,0.5222365134374513
V17.mp4,35,0,1,0.5222365134374513
V17.mp4,36,0,1,0.5222365134374513
V17.mp4,37,0,1,0.5222365134374513
V17.mp4,38,0,1,0.5222365134374513
V17.mp4,39,0,1,0.5222365134374513
V17.mp4,40,0,1,0.5222365134374513
V17.mp4,41,0,1,0.5222365134374513
V17.mp4,42,0,1,0.5222365134374513
V17.mp4,43,0,1,0.5222365134374513
V17.mp4,44,0,1,0.5222365134374513
V17.mp4,45,0,1,0.5222365134374513
V17.mp4,46,0,1,0.5222365134374513
V17.mp4,47,0,1,0.5222365134374513
V17.mp4,48,0,1,0.5222365134374513
V17.mp4,49,0,1,0.5222365134374513
V17.mp4,50,0,1,0.5222365134374513
V17.mp4,51,0,1,0.5222365134374513
V17.mp4,52,0,1,0.5222365134374513
V17.mp4,53,0,1,0.5222365134374513
V17.mp4,54,0,1,0.5222365134374513
V17.mp4,55,0,1,0.5222365134374513
V17.mp4,56,0,1,0.5222365134374513
V17.mp4,57,0,1,0.5222365134374513
V17.mp4,58,0,1,0.5222365134374513
V17.mp4,59,0,1,0.5222365134374513
V17.mp4,60,0,1,0.5222365134374513
V17.mp4,61,0,1,0.5222365134374513
V17.mp4,62,0,1,0.5222365134374513
V17.mp4,63,0,1,0.5222365134374513
V17.mp4,64,0,1,0.5222365134374513
V17.mp4,65,0,1,0.5222365134374513
V17.mp4,66,0,1,0.5222365134374513
V17.mp4,67,0,1,0.5222365134374513
V17.mp4,68,0,1,0.5222365134374513
V17.mp4,69,0,1,0.5222365134374513
V17.mp4,70,0,1,0.5222365134374513
V17.mp4,71,0,1,0.5222365134374513
V17.mp4,72,0,1,0.5222365134374513
V17.mp4,73,0,1,0.5222365134374513
V17.mp4,74,0,1,0.5222365134374513
V17.mp4,75,0,1,0.5222365134374513
V17.mp4,76,0,1,0.5222365134374513
V17.mp4,77,0,1,0.5222365134374513
V17.mp4,78,0,1,0.5222365134374513
V17.mp4,79,0,1,0.5222365134374513
V17.mp4,80,0,1,0.5222365134374513
V17.mp4,81,0,1,0.5222365134374513
V17.mp4,82,0,1,0.5222365134374513
V17.mp4,83,0,1,0.5222365134374513
V17.mp4,84,0,1,0.5222365134374513
V17.mp4,85,0,1,0.5222365134374513
V17.mp4,86,0,1,0.5222365134374513
V17.mp4,87,0,1,0.5222365134374513
V17.mp4,88,0,1,0.5222365134374513
V17.mp4,89,0,1,0.5222365134374513
V17.mp4,90,0,1,0.5222365134374513
V17.mp4,91,0,1,0.5222365134374513
V17.mp4,92,0,1,0.5222365134374513
V17.mp4,93,0,1,0.5222365134374513
V17.mp4,94,0,1,0.5222365134374513
V17.mp4,95,0,1,0.5222365134374513
V17.mp4,96,0,1,0.5222365134374513
V17.mp4,97,0,1,0.5222365134374513
V17.mp4,98,0,1,0.5222365134374513
V17.mp4,99,0,1,0.5222365134374513
V17.mp4,100,0,1,0.5222365134374513
V17.mp4,101,0,1,0.5222365134374513
V17.mp4,102,0,1,0.5222365134374513
V17.mp4,103,0,1,0.5222365134374513
V17.mp4,104,0,1,0.5222365134374513
V17.mp4,105,0,1,0.5222365134374513
V17.mp4,106,0,1,0.5222365134374513
V17.mp4,107,0,1,0.5222365134374513
V17.mp4,108,0,1,0.5222365134374513
V17.mp4,109,0,1,0.5222365134374513
V17.mp4,110,0,1,0.5222365134374513
V17.mp4,111,0,1,0.5222365134374513
V17.mp4,112,0,1,0.5222365134374513
V17.mp4,113,0,1,0.5222365134374513
V17.mp4,114,0,1,0.5222365134374513
V17.mp4,115,0,1,0.5222365134374513
V17.mp4,116,0,1,0.5222365134374513
V17.mp4,117,0,1,0.5222365134374513
V17.mp4,118,0,1,0.5222365134374513
V17.mp4,119,0,1,0.5222365134374513
V17.mp4,120,0,1,0.5222365134374513
V17.mp4,121,0,1,0.5222365134374513
V17.mp4,122,0,1,0.5222365134374513
V17.mp4,123,0,1,0.5222365134374513
V17.mp4,124,0,1,0.5222365134374513
V17.mp4,125,0,1,0.5222365134374513
V17.mp4,126,0,1,0.5222365134374513
V17.mp4,127,0,1,0.5222365134374513
V17.mp4,128,1,1,0.5222365134374513
V17.mp4,129,1,1,0.5222365134374513
V17.mp4,130,1,1,0.5222365134374513
V17.mp4,131,1,1,0.5222365134374513
V17.mp4,132,1,1,0.5222365134374513
V17.mp4,133,0,1,0.5222365134374513
V17.mp4,134,0,1,0.5222365134374513
V17.mp4,135,0,1,0.5222365134374513
V17.mp4,136,0,1,0.5222365134374513
V17.mp4,137,0,1,0.5222365134374513
V17.mp4,138,0,1,0.5222365134374513
V17.mp4,139,0,1,0.5222365134374513
V17.mp4,140,0,1,0.5222365134374513
V17.mp4,141,0,1,0.5222365134374513
V17.mp4,142,0,1,0.5222365134374513
V17.mp4,143,0,1,0.5222365134374513
V17.mp4,144,0,1,0.5444397438343334
V17.mp4,145,0,1,0.52914893798627
V17.mp4,146,0,1,0.512602130915344
V17.mp4,147,0,0,0.44197625746073654
V17.mp4,148,0,0,0.43562926474283487
V17.mp4,149,0,0,0.4400020799018882
V17.mp4,150,0,0,0.44472706910341536
V17.mp4,151,0,0,0.4650355383715316
V17.mp4,152,0,1,0.5182821919707974
V17.mp4,153,0,0,0.4845683835821129
V17.mp4,154,0,0,0.393910459717121
V17.mp4,155,0,0,0.40089945280190087
V17.mp4,156,0,0,0.37437978039606035
V17.mp4,157,0,0,0.2625694765387546
V17.mp4,158,0,0,0.06057092486846198
V17.mp4,159,0,0,0.061890484631246696
V17.mp4,160,0,0,0.34547765559685817
V17.mp4,161,0,0,0.4763929094032235
V17.mp4,162,0,0,0.47639291884579693
V17.mp4,163,0,0,0.4763930252048362
V17.mp4,164,0,0,0.47639282434298896
V17.mp4,165,0,0,0.4763928903137478
V17.mp4,166,0,0,0.47639291275168105
V17.mp4,167,0,1,0.5621536658543012
V17.mp4,168,0,0,0.4069737055222064
V17.mp4,169,0,0,0.40991749088944746
V17.mp4,170,0,0,0.23689703115154814
V17.mp4,171,0,1,0.5166245962118102
V17.mp4,172,0,1,0.5166245922315454
V17.mp4,173,0,1,0.5166244654636493
V17.mp4,174,0,1,0.5386963979955554
V17.mp4,175,0,1,0.5234937001160054
V17.mp4,176,0,1,0.5070543519838739
V17.mp4,177,0,0,0.4370178989209159
V17.mp4,178,0,0,0.43701769543945485
V17.mp4,179,0,0,0.437017904902252
V17.mp4,180,0,0,0.43701770662349987
V17.mp4,181,0,0,0.43701787776125284
V17.mp4,182,0,0,0.437017713621358
V17.mp4,183,0,0,0.4251158740986438
V17.mp4,184,0,0,0.4333111646097039
V17.mp4,185,0,0,0.44218828999042453
V17.mp4,186,0,0,0.4804991569419253
V17.mp4,187,0,0,0.4804991596166141
V17.mp4,188,0,0,0.47497315112976496
V17.mp4,189,0,0,0.47368040926081234
V17.mp4,190,0,0,0.4823239886699711
V17.mp4,191,0,1,0.5042890178539058
V17.mp4,192,0,1,0.7328286071987976
V17.mp4,193,0,0,0.38647352579277927
V17.mp4,194,0,0,0.3496458112273566
V17.mp4,195,0,0,0.04372281102897146
V17.mp4,196,0,0,0.39431382720659175
V17.mp4,197,0,0,0.41903370578213467
V17.mp4,198,0,1,0.5024495581100102
V17.mp4,199,0,1,0.5031590403497322
V17.mp4,200,0,1,0.5026700061682552
V17.mp4,201,0,1,0.5086494546929705
V17.mp4,202,0,1,0.5019102094340933
V17.mp4,203,0,0,0.49707415929306986
V17.mp4,204,0,0,0.47640985347434395
V17.mp4,205,0,0,0.47640981369273067
V17.mp4,206,0,0,0.4764098872463467
V17.mp4,207,0,0,0.47640988974059795
V17.mp4,208,0,0,0.4764100142069764
V17.mp4,209,0,0,0.47640985393578555
V17.mp4,210,0,1,0.5152072583516132
V17.mp4,211,0,0,0.44958623879508725
V17.mp4,212,0,0,0.43535708562143083
V17.mp4,213,0,0,0.3536455120975208
V17.mp4,214,0,0,0.4825917414920557
V17.mp4,215,0,1,0.5222365134374513
V17.mp4,216,0,1,0.5222365134374513
V17.mp4,217,0,1,0.5222365134374513
V17.mp4,218,0,1,0.5222365134374513
V17.mp4,219,0,1,0.5222365134374513
V17.mp4,220,0,1,0.5222365134374513
V17.mp4,221,0,1,0.5222365134374513
V17.mp4,222,0,1,0.5222365134374513
V17.mp4,223,0,1,0.5222365134374513
V17.mp4,224,0,1,0.5222365134374513
V17.mp4,225,0,1,0.5222365134374513
V18.mp4,1,0,1,0.5189287509121933
V18.mp4,2,0,1,0.5189287509121933
V18.mp4,3,0,1,0.5189287509121933
V18.mp4,4,0,1,0.5189287509121933
V18.mp4,5,0,1,0.5189287509121933
V18.mp4,6,0,1,0.5189287509121933
V18.mp4,7,0,1,0.5189287509121933
V18.mp4,8,0,1,0.5189287509121933
V18.mp4,9,0,1,0.5189287509121933
V18.mp4,10,0,1,0.5189287509121933
V18.mp4,11,0,1,0.5189287509121933
V18.mp4,12,0,1,0.5189287509121933
V18.mp4,13,0,1,0.5189287509121933
V18.mp4,14,0,1,0.5189287509121933
V18.mp4,15,0,1,0.5189287509121933
V18.mp4,16,0,1,0.5189287509121933
V18.mp4,17,0,1,0.5189287509121933
V18.mp4,18,0,1,0.5189287509121933
V18.mp4,19,0,1,0.5189287509121933
V18.mp4,20,0,1,0.5189287509121933
V18.mp4,21,0,1,0.5189287509121933
V18.mp4,22,0,1,0.5189287509121933
V18.mp4,23,0,1,0.5189287509121933
V18.mp4,24,0,1,0.5189287509121933
V18.mp4,25,0,1,0.5189287509121933
V18.mp4,26,0,1,0.5189287509121933
V18.mp4,27,0,1,0.5189287509121933
V18.mp4,28,0,1,0.5189287509121933
V18.mp4,29,0,1,0.5189287509121933
V18.mp4,30,0,1,0.5189287509121933
V18.mp4,31,0,1,0.5189287509121933
V18.mp4,32,0,1,0.5189287509121933
V18.mp4,33,0,1,0.5189287509121933
V18.mp4,34,0,1,0.5189287509121933
V18.mp4,35,0,1,0.5189287509121933
V18.mp4,36,0,1,0.5189287509121933
V18.mp4,37,0,1,0.5189287509121933
V18.mp4,38,0,1,0.5189287509121933
V18.mp4,39,0,1,0.5189287509121933
V18.mp4,40,0,1,0.5189287509121933
V18.mp4,41,0,1,0.5189287509121933
V18.mp4,42,0,1,0.5189287509121933
V18.mp4,43,0,1,0.5189287509121933
V18.mp4,44,0,1,0.5189287509121933
V18.mp4,45,0,1,0.5189287509121933
V18.mp4,46,0,1,0.5189287509121933
V18.mp4,47,0,1,0.5189287509121933
V18.mp4,48,0,1,0.5189287509121933
V18.mp4,49,0,1,0.5189287509121933
V18.mp4,50,0,1,0.5189287509121933
V18.mp4,51,0,1,0.5189287509121933
V18.mp4,52,0,1,0.5189287509121933
V18.mp4,53,0,1,0.5189287509121933
V18.mp4,54,0,1,0.5189287509121933
V18.mp4,55,0,1,0.5189287509121933
V18.mp4,56,0,1,0.5189287509121933
V18.mp4,57,0,1,0.5189287509121933
V18.mp4,58,0,1,0.5189287509121933
V18.mp4,59,0,1,0.5189287509121933
V18.mp4,60,0,1,0.5189287509121933
V18.mp4,61,0,1,0.5189287509121933
V18.mp4,62,0,1,0.5189287509121933
V18.mp4,63,0,1,0.5189287509121933
V18.mp4,64,0,1,0.5189287509121933
V18.mp4,65,0,1,0.5189287509121933
V18.mp4,66,0,1,0.5189287509121933
V18.mp4,67,0,1,0.5189287509121933
V18.mp4,68,0,1,0.5189287509121933
V18.mp4,69,0,1,0.5189287509121933
V18.mp4,70,0,1,0.5189287509121933
V18.mp4,71,0,1,0.5189287509121933
V18.mp4,72,0,1,0.5189287509121933
V18.mp4,73,0,1,0.5189287509121933
V18.mp4,74,0,1,0.5189287509121933
V18.mp4,75,1,1,0.5189287509121933
V18.mp4,76,1,1,0.5189287509121933
V18.mp4,77,1,1,0.5189287509121933
V18.mp4,78,1,1,0.5189287509121933
V18.mp4,79,1,1,0.5189287509121933
V18.mp4,80,0,1,0.5189287509121933
V18.mp4,81,0,1,0.5189287509121933
V18.mp4,82,0,1,0.5189287509121933
V18.mp4,83,0,1,0.5189287509121933
V18.mp4,84,0,1,0.5189287509121933
V18.mp4,85,0,1,0.5189287509121933
V18.mp4,86,0,1,0.5189287509121933
V18.mp4,87,0,1,0.5189287509121933
V18.mp4,88,0,1,0.5189287509121933
V18.mp4,89,0,1,0.5189287509121933
V18.mp4,90,0,1,0.5189287509121933
V18.mp4,91,0,1,0.5189287509121933
V18.mp4,92,0,1,0.5189287509121933
V18.mp4,93,0,1,0.5189287509121933
V18.mp4,94,0,1,0.5189287509121933
V18.mp4,95,0,1,0.5189287509121933
V18.mp4,96,0,1,0.5189287509121933
V18.mp4,97,0,1,0.5189287509121933
V18.mp4,98,0,1,0.5189287509121933
V18.mp4,99,0,1,0.5189287509121933
V18.mp4,100,0,1,0.5189287509121933
V18.mp4,101,0,1,0.5189287509121933
V18.mp4,102,0,1,0.5189287509121933
V18.mp4,103,0,1,0.5189287509121933
V18.mp4,104,0,1,0.5189287509121933
V18.mp4,105,0,1,0.5189287509121933
V18.mp4,106,0,1,0.5189287509121933
V18.mp4,107,0,1,0.5189287509121933
V18.mp4,108,0,1,0.5189287509121933
V18.mp4,109,0,1,0.6136457060341487
V18.mp4,110,0,1,0.5851147950950519
V18.mp4,111,0,1,0.5095372627229913
V18.mp4,112,0,0,0.29182735039780766
V18.mp4,113,0,0,0.2268888457097131
V18.mp4,114,0,0,0.2887173143972668
V18.mp4,115,0,0,0.3239192137434533
V18.mp4,116,0,1,0.5025560614073211
V18.mp4,117,0,1,0.5025558600018003
V18.mp4,118,0,1,0.502556225304149
V18.mp4,119,0,1,0.5025560768747693
V18.mp4,120,0,1,0.5966307951985657
V18.mp4,121,0,0,0.4770426056265186
V18.mp4,122,0,0,0.4582847944984457
V18.mp4,123,0,0,0.28640696889467016
V18.mp4,124,0,0,0.48798140847874055
V18.mp4,125,0,0,0.48295294150969936
V18.mp4,126,0,0,0.47599554600290234
V18.mp4,127,0,0,0.4448458216539964
V18.mp4,128,0,0,0.44484558798870133
V18.mp4,129,0,0,0.4368483928801197
V18.mp4,130,0,0,0.47151293767752844
V18.mp4,131,0,0,0.4228961219547688
V18.mp4,132,0,0,0.4582174765048899
V18.mp4,133,0,0,0.41439667273712827
V18.mp4,134,0,0,0.4869203369569872
V18.mp4,135,0,1,0.5189491055275149
V18.mp4,136,0,0,0.410566220773968
V18.mp4,137,0,0,0.4103328999429083
V18.mp4,138,0,0,0.25237642722382736
V18.mp4,139,0,0,0.34179162949183606
V18.mp4,140,0,0,0.34743514712165674
V18.mp4,141,0,0,0.3733457613680249
V18.mp4,142,0,0,0.37334560413132334
V18.mp4,143,0,0,0.3292302113984265
V18.mp4,144,0,0,0.34613164660189527
V18.mp4,145,0,0,0.3701823229931347
V18.mp4,146,0,0,0.48486808374414214
V18.mp4,147,0,0,0.4848682261803087
V18.mp4,148,0,0,0.484868101919987
V18.mp4,149,0,0,0.48486825042557835
V18.mp4,150,0,1,0.7430517150724891
V18.mp4,151,0,0,0.41496572629043926
V18.mp4,152,0,0,0.3148002287330586
V18.mp4,153,0,0,0.05219577440962494
V18.mp4,154,0,0,0.3975739067027764
V18.mp4,155,0,1,0.514563211983875
V18.mp4,156,0,1,0.8547896414639259
V18.mp4,157,0,1,0.7382044826429381
V18.mp4,158,0,0,0.17152410585426925
V18.mp4,159,0,0,0.006014460063241125
V18.mp4,160,0,0,0.01598893620558909
V18.mp4,161,0,1,0.5089439009276501
V18.mp4,162,0,1,0.5131186112901825
V18.mp4,163,0,1,0.5045979267142366
V18.mp4,164,0,1,0.5146504797922596
V18.mp4,165,0,1,0.5122018592125932
V18.mp4,166,0,1,0.5069015958851897
V18.mp4,167,0,1,0.5075910282780521
V18.mp4,168,0,1,0.5291624198984688
V18.mp4,169,0,1,0.5247794355442366
V18.mp4,170,0,1,0.5168850080432442
V18.mp4,171,0,0,0.4734299627125367
V18.mp4,172,0,0,0.47342996065044346
V18.mp4,173,0,1,0.5289850036830895
V18.mp4,174,0,0,0.438919494164613
V18.mp4,175,0,0,0.43573735880060116
V18.mp4,176,0,0,0.39027891299913603
V18.mp4,177,0,1,0.5354430094770648
V18.mp4,178,0,1,0.5078961548832581
V18.mp4,179,0,0,0.4665467251326936
V18.mp4,180,0,0,0.3239641203930326
V18.mp4,181,0,0,0.3251389516281322
V18.mp4,182,0,0,0.23436429787789184
V18.mp4,183,0,0,0.46257669579890043
V18.mp4,184,0,0,0.44605206307525236
V18.mp4,185,0,0,0.4173660635356278
V18.mp4,186,0,0,0.4634954074973206
V18.mp4,187,0,0,0.4826252748574323
V18.mp4,188,0,0,0.4474307883583167
V18.mp4,189,0,0,0.4474306553436592
V18.mp4,190,0,0,0.44743097149334493
V18.mp4,191,0,0,0.4763931284892803
V18.mp4,192,0,0,0.437730604789073
V18.mp4,193,0,1,0.571885616202477
V18.mp4,194,0,0,0.31858693087569057
V18.mp4,195,0,0,0.353188356988374
V18.mp4,196,0,0,0.20346841002605037
V18.mp4,197,0,1,0.9094499345539537
V18.mp4,198,0,1,0.9894798720143103
V18.mp4,199,0,1,0.9894798720143103
V18.mp4,200,0,1,0.9894798720143103
V18.mp4,201,0,1,0.9894798720143103
V18.mp4,202,0,1,0.9894798720143103
V18.mp4,203,0,1,0.9894798720143103
V18.mp4,204,0,1,0.9894798720143103
V18.mp4,205,0,1,0.9894798720143103
V18.mp4,206,0,1,0.9894798720143103
V18.mp4,207,0,1,0.9894798720143103
V18.mp4,208,0,1,0.9894798720143103
V18.mp4,209,0,1,0.9894798720143103
V18.mp4,210,0,1,0.9894798720143103
V18.mp4,211,0,1,0.9894798720143103
V18.mp4,212,0,1,0.9894798720143103
V18.mp4,213,0,1,0.9894798720143103
V18.mp4,214,0,1,0.9894798720143103
V19.mp4,1,0,1,0.5214752835859384
V19.mp4,2,0,1,0.520518803511578
V19.mp4,3,0,1,0.506989764411419
V19.mp4,4,0,1,0.5129226026435152
V19.mp4,5,0,1,0.511415723616814
V19.mp4,6,0,1,0.5128484033896766
V19.mp4,7,0,1,0.5143891666664087
V19.mp4,8,0,1,0.5131323565270318
V19.mp4,9,0,1,0.5177938265039519
V19.mp4,10,0,1,0.5161091575497094
V19.mp4,11,0,1,0.5174758821807376
V19.mp4,12,0,1,0.5188491883820681
V19.mp4,13,0,1,0.5176906163206543
V19.mp4,14,0,1,0.5181143927645228
V19.mp4,15,0,1,0.5179398435596554
V19.mp4,16,0,1,0.5191540706360448
V19.mp4,17,0,1,0.5192772530563109
V19.mp4,18,0,1,0.5120209997506724
V19.mp4,19,0,1,0.5114687522955284
V19.mp4,20,0,1,0.5064652014010574
V19.mp4,21,0,1,0.6089650249321253
V19.mp4,22,0,0,0.4569827822463532
V19.mp4,23,0,0,0.4417454576887673
V19.mp4,24,0,0,0.2280103900096417
V19.mp4,25,0,1,0.5787870506812871
V19.mp4,26,0,0,0.45498837574554835
V19.mp4,27,0,0,0.43873031490948
V19.mp4,28,0,0,0.16945086872006257
V19.mp4,29,0,0,0.3504636156306851
V19.mp4,30,0,0,0.3781568296492085
V19.mp4,31,0,1,0.5104207441927506
V19.mp4,32,0,1,0.5133542850232174
V19.mp4,33,0,1,0.5112653887444589
V19.mp4,34,0,1,0.5155609803208145
V19.mp4,35,0,1,0.5156357679717075
V19.mp4,36,0,1,0.5136895006090686
V19.mp4,37,0,1,0.5124359175931997
V19.mp4,38,0,1,0.5146028638976273
V19.mp4,39,0,1,0.5176795589976836
V19.mp4,40,0,1,0.5198057314495262
V19.mp4,41,0,1,0.5213044450322105
V19.mp4,42,0,1,0.517574829222057
V19.mp4,43,0,1,0.5159009875963102
V19.mp4,44,0,1,0.5113945092373453
V19.mp4,45,0,1,0.5181577938233958
V19.mp4,46,0,1,0.5173022115424561
V19.mp4,47,0,1,0.5200155422278908
V19.mp4,48,0,1,0.5153089612174504
V19.mp4,49,0,1,0.5181752482934504
V19.mp4,50,0,1,0.5162802758942586
V19.mp4,51,0,1,0.5066247962463036
V19.mp4,52,0,1,0.5143744873452392
V19.mp4,53,0,0,0.49952941700455133
V19.mp4,54,0,1,0.5174214308080466
V19.mp4,55,0,1,0.5059985179770522
V19.mp4,56,0,1,0.5149964666102904
V19.mp4,57,0,1,0.5160289185779275
V19.mp4,58,0,1,0.6447273660244728
V19.mp4,59,0,0,0.4887771820785084
V19.mp4,60,0,0,0.41708120136447663
V19.mp4,61,0,0,0.09843021592328784
V19.mp4,62,0,0,0.21007945099026462
V19.mp4,63,0,0,0.23833485857117373
V19.mp4,64,0,0,0.397937532109815
V19.mp4,65,0,0,0.39793761580062975
V19.mp4,66,0,0,0.3979374875027252
V19.mp4,67,0,0,0.39793755800009484
V19.mp4,68,0,0,0.40070164741808817
V19.mp4,69,0,0,0.38094112441997896
V19.mp4,70,0,0,0.3814743382757882
V19.mp4,71,0,0,0.43870580152458466
V19.mp4,72,0,0,0.4494173811148258
V19.mp4,73,0,0,0.4569215063312955
V19.mp4,74,0,0,0.3663014964675557
V19.mp4,75,0,0,0.39577571400159683
V19.mp4,76,0,0,0.4390735328747972
V19.mp4,77,0,0,0.37955313823131703
V19.mp4,78,0,0,0.49748666581796686
V19.mp4,79,0,0,0.49775267406437723
V19.mp4,80,0,0,0.4896081560431044
V19.mp4,81,0,0,0.497150353349541
V19.mp4,82,0,1,0.5030784707789018
V19.mp4,83,1,1,0.5168901256623071
V19.mp4,84,1,1,0.5168900944710993
V19.mp4,85,1,1,0.5168901479126041
V19.mp4,86,1,1,0.5168901268114562
V19.mp4,87,1,1,0.516583330038671
V19.mp4,88,0,1,0.5258797298893904
V19.mp4,89,0,1,0.522847596981638
V19.mp4,90,0,1,0.5116595148520662
V19.mp4,91,0,0,0.4714944726891577
V19.mp4,92,0,0,0.4733271837434395
V19.mp4,93,0,0,0.4801423950226921
V19.mp4,94,0,1,0.5116979635412587
V19.mp4,95,0,0,0.49938237208132036
V19.mp4,96,0,1,0.5173097033694201
V19.mp4,97,0,1,0.515931400993985
V19.mp4,98,0,1,0.5206112393670116
V19.mp4,99,0,1,0.526460472549903
V19.mp4,100,0,1,0.5458290380448247
V19.mp4,101,0,1,0.5019447796210128
V19.mp4,102,0,0,0.382982744941791
V19.mp4,103,0,0,0.3267510358554635
V19.mp4,104,0,0,0.315861656075944
V19.mp4,105,0,0,0.47157005025377063
V19.mp4,106,0,0,0.4330660849203217
V19.mp4,107,0,1,0.5024218409479487
V19.mp4,108,0,0,0.495489104166597
V19.mp4,109,0,0,0.49378224387761444
V19.mp4,110,0,1,0.5055367834160005
V19.mp4,111,0,1,0.5103641786445945
V19.mp4,112,0,1,0.503849893089765
V19.mp4,113,0,1,0.5094819576843995
V19.mp4,114,0,1,0.5011612284737719
V19.mp4,115,0,1,0.5010176912983887
V19.mp4,116,0,1,0.5135349338517513
V19.mp4,117,0,1,0.5230962039576872
V19.mp4,118,0,1,0.5057231903157318
V19.mp4,119,0,1,0.5122834127400704
V19.mp4,120,0,1,0.5046694255628866
V19.mp4,121,0,1,0.5183488527979792
V19.mp4,122,0,1,0.5199707970453151
V19.mp4,123,0,1,0.5151733175193259
V19.mp4,124,0,1,0.5142194320815704
V19.mp4,125,0,1,0.508161471492866
V19.mp4,126,0,1,0.5023972231951975
V19.mp4,127,0,1,0.5106815552911276
V19.mp4,128,0,1,0.5020932769894711
V19.mp4,129,0,1,0.5092890582572235
V19.mp4,130,0,1,0.5038135189825257
V19.mp4,131,0,1,0.5108380459282716
V19.mp4,132,0,1,0.5098737382044334
V19.mp4,133,0,1,0.5075141538738742
V19.mp4,134,0,1,0.5136294291330012
V19.mp4,135,0,1,0.5103847308190174
V19.mp4,136,0,1,0.5146122200518289
V19.mp4,137,0,1,0.513799714741174
V19.mp4,138,0,1,0.509673997796266
V19.mp4,139,0,1,0.5061747775800699
V19.mp4,140,0,1,0.5066898441751441
V19.mp4,141,0,1,0.5098948814710036
V19.mp4,142,0,1,0.5129058355996048
V19.mp4,143,0,1,0.5135909752869651
V19.mp4,144,0,1,0.5142186200701518
V19.mp4,145,0,1,0.5158426699156832
V19.mp4,146,0,1,0.5128233545292886
V19.mp4,147,0,1,0.5133503350377747
V19.mp4,148,0,1,0.5063052800789516
V19.mp4,149,0,1,0.5079986580590429
V19.mp4,150,0,0,0.49760720079024096
V19.mp4,151,0,1,0.5086533614588784
V19.mp4,152,0,1,0.5019443245320832
V19.mp4,153,0,0,0.49500930426938
V19.mp4,154,0,1,0.511858854152307
V19.mp4,155,0,0,0.49158565915839136
V19.mp4,156,0,1,0.5113071243366507
V19.mp4,157,0,0,0.4671888702269002
V19.mp4,158,0,0,0.4929457684178608
V19.mp4,159,0,0,0.46667542135733975
V19.mp4,160,0,0,0.47919713871450526
V19.mp4,161,0,1,0.5033019245263205
V19.mp4,162,0,1,0.5054336001675064
V19.mp4,163,0,0,0.49586409760041483
V19.mp4,164,0,0,0.4995254533983655
V19.mp4,165,0,1,0.5036044201874738
V19.mp4,166,0,1,0.5007625334606494
V19.mp4,167,0,1,0.5056301747484592
V19.mp4,168,0,1,0.5048088066761713
V19.mp4,169,0,1,0.5083899499958288
V19.mp4,170,0,0,0.4981851902345704
V19.mp4,171,0,1,0.500936940750888
V19.mp4,172,0,1,0.5021043620242333
V19.mp4,173,0,1,0.5105390082762372
V19.mp4,174,0,1,0.5144949020866513
V19.mp4,175,0,1,0.5146177436061872
V19.mp4,176,0,1,0.5135076058279465
V19.mp4,177,0,1,0.5094175823812932
V19.mp4,178,0,1,0.5126916631242774
V19.mp4,179,0,1,0.5164019223096822
V19.mp4,180,0,1,0.5169498228436585
V19.mp4,181,0,1,0.5175541011883126
V19.mp4,182,0,1,0.5197001088760395
V19.mp4,183,0,1,0.5211460079318928
V19.mp4,184,0,1,0.5192373780361967
V19.mp4,185,0,1,0.5219369337901242
V19.mp4,186,0,1,0.5194370504768698
V19.mp4,187,0,1,0.5180809942890836
V19.mp4,188,0,1,0.5126996882404776
V19.mp4,189,0,1,0.5128238386334218
V19.mp4,190,0,1,0.5127655804538742
V19.mp4,191,0,1,0.5112936049842023
V19.mp4,192,0,1,0.5136575886322546
V19.mp4,193,0,1,0.5121311967157283
V19.mp4,194,0,1,0.5099923667337566
V19.mp4,195,0,1,0.5100249601252035
V19.mp4,196,0,1,0.5182072166117889
V19.mp4,197,0,1,0.5173318346517375
V19.mp4,198,0,1,0.5173033427222314
V19.mp4,199,0,1,0.5157886017912419
V19.mp4,200,0,1,0.5189585491404237
V19.mp4,201,0,1,0.5180203734592251
V19.mp4,202,0,1,0.5159352334844327
V19.mp4,203,0,1,0.5161096794147283
V19.mp4,204,0,1,0.5190573898531672
V19.mp4,205,0,1,0.5151342342051702
V19.mp4,206,0,1,0.5184037656594042
V19.mp4,207,0,1,0.5109875883857612
V19.mp4,208,0,1,0.5181071066641251
V19.mp4,209,0,1,0.5046545031533831
V19.mp4,210,0,1,0.5152917327669437
V19.mp4,211,0,1,0.5039211809644222
V19.mp4,212,0,1,0.5151952657838447
V19.mp4,213,0,1,0.5073659417783176
V19.mp4,214,0,1,0.5109533922963919
V19.mp4,215,0,1,0.5158705154366064
V19.mp4,216,0,1,0.5159476578717954
V19.mp4,217,0,1,0.5177721118726255
V19.mp4,218,0,1,0.502616923948629
V19.mp4,219,0,1,0.5164845817664419
V19.mp4,220,0,1,0.5128553513930291
V19.mp4,221,0,1,0.5185982082524896
V19.mp4,222,0,1,0.5124579789714117
V19.mp4,223,0,1,0.5172889708212457
V19.mp4,224,0,1,0.5119974588872145
V19.mp4,225,0,1,0.5113824969183914
V19.mp4,226,0,1,0.5100163481770077
V19.mp4,227,0,1,0.521750198340945
V19.mp4,228,0,1,0.5077562925253055
V19.mp4,229,0,1,0.5246962673285359
V19.mp4,230,0,0,0.48694670956254754
V19.mp4,231,0,0,0.4947411463455007
V19.mp4,232,0,0,0.4508111215890498
V19.mp4,233,0,1,0.513295823998822
V19.mp4,234,0,1,0.5132955962743944
V19.mp4,235,0,1,0.5135121311134215
V19.mp4,236,0,1,0.5135983925407785
V19.mp4,237,0,1,0.5136967209368372
V19.mp4,238,0,1,0.5134118626675326
V19.mp4,239,0,1,0.5098332494380564
V19.mp4,240,0,1,0.5064846136687231
V19.mp4,241,0,1,0.5103046713486877
V19.mp4,242,0,1,0.512176629740539
V19.mp4,243,0,1,0.5183212617519736
V19.mp4,244,0,1,0.507549183597958
V19.mp4,245,0,1,0.5196557360741988
V19.mp4,246,0,1,0.5186977628176944
V19.mp4,247,0,1,0.5180723183940938
V19.mp4,248,0,1,0.5051386826108064
V19.mp4,249,0,1,0.5134678628077795
V19.mp4,250,0,1,0.5181799213001049
V19.mp4,251,0,1,0.5181799213001049
V19.mp4,252,0,1,0.5181799213001049
V19.mp4,253,0,1,0.5181799213001049
V19.mp4,254,0,1,0.5181799213001049
V19.mp4,255,0,1,0.5181799213001049
V19.mp4,256,0,1,0.5181799213001049
V19.mp4,257,0,1,0.5181799213001049
V19.mp4,258,0,1,0.5181799213001049
V19.mp4,259,0,1,0.5181799213001049
V19.mp4,260,0,1,0.5181799213001049
V19.mp4,261,0,1,0.5181799213001049
V19.mp4,262,0,1,0.5181799213001049
V19.mp4,263,0,1,0.5181799213001049
V19.mp4,264,0,1,0.5181799213001049
V19.mp4,265,0,1,0.5181799213001049
V19.mp4,266,0,1,0.5181799213001049
V19.mp4,267,0,1,0.5181799213001049
V19.mp4,268,0,1,0.5181799213001049
V19.mp4,269,0,1,0.5181799213001049
V19.mp4,270,0,1,0.5181799213001049
V19.mp4,271,0,1,0.5181799213001049
V19.mp4,272,0,1,0.5181799213001049
V19.mp4,273,0,1,0.5181799213001049
V19.mp4,274,0,1,0.5181799213001049
V19.mp4,275,0,1,0.5181799213001049
V2.mp4,1,0,1,0.5241307916685394
V2.mp4,2,0,1,0.5241307916685394
V2.mp4,3,0,1,0.5241307916685394
V2.mp4,4,0,1,0.5241307916685394
V2.mp4,5,0,1,0.5241307916685394
V2.mp4,6,0,1,0.5241307916685394
V2.mp4,7,0,1,0.5241307916685394
V2.mp4,8,0,1,0.5241307916685394
V2.mp4,9,0,1,0.5241307916685394
V2.mp4,10,0,1,0.5241307916685394
V2.mp4,11,0,1,0.5241307916685394
V2.mp4,12,0,1,0.5241307916685394
V2.mp4,13,0,1,0.5241307916685394
V2.mp4,14,0,1,0.5241307916685394
V2.mp4,15,0,1,0.5241307916685394
V2.mp4,16,0,1,0.5241307916685394
V2.mp4,17,0,1,0.5241307916685394
V2.mp4,18,0,1,0.5241307916685394
V2.mp4,19,0,1,0.5241307916685394
V2.mp4,20,0,1,0.5241307916685394
V2.mp4,21,0,1,0.5241307916685394
V2.mp4,22,0,1,0.5241307916685394
V2.mp4,23,0,1,0.5241307916685394
V2.mp4,24,0,1,0.5241307916685394
V2.mp4,25,0,1,0.5241307916685394
V2.mp4,26,0,1,0.5241307916685394
V2.mp4,27,0,1,0.5241307916685394
V2.mp4,28,0,1,0.5442381384328354
V2.mp4,29,0,1,0.5265214603348604
V2.mp4,30,0,1,0.5103659905159176
V2.mp4,31,0,0,0.4417632703772968
V2.mp4,32,0,0,0.4860678784810335
V2.mp4,33,0,0,0.42166289544509783
V2.mp4,34,0,0,0.4741577746009582
V2.mp4,35,0,0,0.31874059061864474
V2.mp4,36,0,0,0.4065393521883527
V2.mp4,37,0,0,0.25836688312584233
V2.mp4,38,0,0,0.3255397284445368
V2.mp4,39,0,0,0.28991672808459173
V2.mp4,40,0,0,0.2920125792218319
V2.mp4,41,0,0,0.32865073786254356
V2.mp4,42,0,1,0.6475150665340013
V2.mp4,43,0,0,0.4496537905836986
V2.mp4,44,0,0,0.2278589388206652
V2.mp4,45,0,0,0.03103345248500637
V2.mp4,46,0,0,0.11493705883935475
V2.mp4,47,0,0,0.3023046905968274
V2.mp4,48,0,0,0.276887295477509
V2.mp4,49,0,0,0.1594483604542063
V2.mp4,50,0,0,0.12450197196989289
V2.mp4,51,0,0,0.10184274350291148
V2.mp4,52,0,0,0.05291246074111308
V2.mp4,53,0,0,0.14470947974107556
V2.mp4,54,0,0,0.37944413148842937
V2.mp4,55,0,1,0.5241307916685394
V2.mp4,56,0,1,0.5241307916685394
V2.mp4,57,0,1,0.5241307916685394
V2.mp4,58,0,1,0.5241307916685394
V2.mp4,59,0,1,0.5241307916685394
V2.mp4,60,0,1,0.5241307916685394
V2.mp4,61,0,1,0.5241307916685394
V2.mp4,62,0,1,0.5241307916685394
V2.mp4,63,0,1,0.5241307916685394
V2.mp4,64,0,1,0.5241307916685394
V2.mp4,65,0,1,0.5241307916685394
V2.mp4,66,0,1,0.5241307916685394
V2.mp4,67,0,1,0.5241307916685394
V2.mp4,68,0,1,0.5241307916685394
V2.mp4,69,0,1,0.5241307916685394
V2.mp4,70,0,1,0.5241307916685394
V2.mp4,71,0,1,0.5241307916685394
V2.mp4,72,0,1,0.5241307916685394
V2.mp4,73,0,1,0.5241307916685394
V2.mp4,74,0,1,0.5241307916685394
V2.mp4,75,0,1,0.5241307916685394
V2.mp4,76,0,1,0.5241307916685394
V2.mp4,77,0,1,0.5241307916685394
V2.mp4,78,0,1,0.5241307916685394
V2.mp4,79,0,1,0.5241307916685394
V2.mp4,80,0,1,0.5241307916685394
V2.mp4,81,1,1,0.5241307916685394
V2.mp4,82,1,1,0.5241307916685394
V2.mp4,83,1,1,0.5241307916685394
V2.mp4,84,1,1,0.5241307916685394
V2.mp4,85,1,1,0.5241307916685394
V2.mp4,86,0,1,0.5241307916685394
V2.mp4,87,0,1,0.5241307916685394
V2.mp4,88,0,1,0.5241307916685394
V2.mp4,89,0,1,0.5241307916685394
V2.mp4,90,0,1,0.5241307916685394
V2.mp4,91,0,1,0.5241307916685394
V2.mp4,92,0,1,0.5241307916685394
V2.mp4,93,0,1,0.5241307916685394
V2.mp4,94,0,1,0.5241307916685394
V2.mp4,95,0,1,0.5241307916685394
V2.mp4,96,0,1,0.5241307916685394
V2.mp4,97,0,1,0.5241307916685394
V2.mp4,98,0,1,0.5241307916685394
V2.mp4,99,0,1,0.5241307916685394
V2.mp4,100,0,1,0.5241307916685394
V2.mp4,101,0,1,0.5241307916685394
V2.mp4,102,0,1,0.5241307916685394
V2.mp4,103,0,1,0.5241307916685394
V2.mp4,104,0,1,0.5241307916685394
V2.mp4,105,0,1,0.5241307916685394
V2.mp4,106,0,1,0.5241307916685394
V2.mp4,107,0,1,0.5241307916685394
V2.mp4,108,0,1,0.5241307916685394
V2.mp4,109,0,1,0.5241307916685394
V2.mp4,110,0,1,0.5241307916685394
V2.mp4,111,0,1,0.5241307916685394
V2.mp4,112,0,1,0.5241307916685394
V2.mp4,113,0,1,0.5241307916685394
V2.mp4,114,0,1,0.5241307916685394
V2.mp4,115,0,1,0.5241307916685394
V2.mp4,116,0,1,0.5241307916685394
V2.mp4,117,0,1,0.5241307916685394
V2.mp4,118,0,1,0.5241307916685394
V2.mp4,119,0,1,0.5241307916685394
V2.mp4,120,0,1,0.5241307916685394
V2.mp4,121,0,1,0.5241307916685394
V2.mp4,122,0,1,0.5241307916685394
V2.mp4,123,0,1,0.5241307916685394
V2.mp4,124,0,1,0.5241307916685394
V2.mp4,125,0,1,0.5241307916685394
V2.mp4,126,0,1,0.5241307916685394
V2.mp4,127,0,1,0.5241307916685394
V2.mp4,128,0,1,0.5241307916685394
V2.mp4,129,0,1,0.5241307916685394
V2.mp4,130,0,1,0.5241307916685394
V2.mp4,131,0,1,0.5241307916685394
V2.mp4,132,0,1,0.5241307916685394
V2.mp4,133,0,1,0.5241307916685394
V2.mp4,134,0,1,0.5241307916685394
V2.mp4,135,0,1,0.5241307916685394
V2.mp4,136,0,1,0.5241307916685394
V2.mp4,137,0,1,0.5241307916685394
V2.mp4,138,0,1,0.5241307916685394
V2.mp4,139,0,1,0.5241307916685394
V2.mp4,140,0,1,0.5241307916685394
V2.mp4,141,0,1,0.5241307916685394
V2.mp4,142,0,1,0.5241307916685394
V2.mp4,143,0,1,0.5241307916685394
V2.mp4,144,0,1,0.5241307916685394
V2.mp4,145,0,1,0.5241307916685394
V2.mp4,146,0,1,0.5241307916685394
V2.mp4,147,0,1,0.5241307916685394
V2.mp4,148,0,1,0.5241307916685394
V2.mp4,149,0,1,0.5241307916685394
V2.mp4,150,0,1,0.5241307916685394
V2.mp4,151,0,1,0.5241307916685394
V2.mp4,152,0,1,0.5241307916685394
V2.mp4,153,0,1,0.5241307916685394
V2.mp4,154,0,1,0.5241307916685394
V2.mp4,155,0,1,0.5241307916685394
V2.mp4,156,0,1,0.5241307916685394
V2.mp4,157,0,1,0.5241307916685394
V2.mp4,158,0,1,0.5241307916685394
V2.mp4,159,0,1,0.5241307916685394
V2.mp4,160,0,1,0.5241307916685394
V2.mp4,161,0,1,0.5241307916685394
V2.mp4,162,0,1,0.5241307916685394
V2.mp4,163,0,1,0.5241307916685394
V2.mp4,164,0,1,0.5241307916685394
V2.mp4,165,0,1,0.5241307916685394
V2.mp4,166,0,1,0.5241307916685394
V2.mp4,167,0,1,0.5241307916685394
V2.mp4,168,0,1,0.5241307916685394
V2.mp4,169,0,1,0.5241307916685394
V2.mp4,170,0,1,0.5241307916685394
V2.mp4,171,0,1,0.5241307916685394
V2.mp4,172,0,1,0.5241307916685394
V2.mp4,173,0,1,0.5241307916685394
V2.mp4,174,0,1,0.5241307916685394
V2.mp4,175,0,1,0.5241307916685394
V2.mp4,176,0,1,0.5241307916685394
V2.mp4,177,0,1,0.5241307916685394
V2.mp4,178,0,1,0.5241307916685394
V2.mp4,179,0,1,0.5241307916685394
V2.mp4,180,0,1,0.5241307916685394
V2.mp4,181,0,1,0.5241307916685394
V2.mp4,182,0,1,0.5241307916685394
V2.mp4,183,0,1,0.5241307916685394
V2.mp4,184,0,1,0.5241307916685394
V2.mp4,185,0,1,0.5241307916685394
V2.mp4,186,0,1,0.5241307916685394
V2.mp4,187,0,1,0.5241307916685394
V2.mp4,188,0,1,0.5241307916685394
V2.mp4,189,0,1,0.5241307916685394
V2.mp4,190,0,1,0.5241307916685394
V2.mp4,191,0,1,0.5241307916685394
V2.mp4,192,0,1,0.5241307916685394
V2.mp4,193,0,1,0.5241307916685394
V2.mp4,194,0,1,0.5241307916685394
V2.mp4,195,0,1,0.5241307916685394
V2.mp4,196,0,1,0.5241307916685394
V2.mp4,197,0,1,0.5241307916685394
V2.mp4,198,0,1,0.5241307916685394
V2.mp4,199,0,1,0.5241307916685394
V2.mp4,200,0,1,0.5241307916685394
V2.mp4,201,0,1,0.5241307916685394
V2.mp4,202,0,1,0.5241307916685394
V2.mp4,203,0,1,0.5241307916685394
V2.mp4,204,0,1,0.5241307916685394
V2.mp4,205,0,1,0.5241307916685394
V2.mp4,206,0,1,0.5241307916685394
V2.mp4,207,0,1,0.5241307916685394
V2.mp4,208,0,1,0.5241307916685394
V2.mp4,209,0,1,0.5241307916685394
V2.mp4,210,0,1,0.5241307916685394
V2.mp4,211,0,1,0.5241307916685394
V2.mp4,212,0,1,0.5241307916685394
V2.mp4,213,0,1,0.5241307916685394
V2.mp4,214,0,1,0.5241307916685394
V2.mp4,215,0,1,0.5241307916685394
V2.mp4,216,0,1,0.5241307916685394
V2.mp4,217,0,1,0.5241307916685394
V2.mp4,218,0,1,0.5241307916685394
V2.mp4,219,0,1,0.5241307916685394
V2.mp4,220,0,1,0.5241307916685394
V2.mp4,221,0,1,0.5241307916685394
V2.mp4,222,0,1,0.5241307916685394
V2.mp4,223,0,1,0.5241307916685394
V2.mp4,224,0,1,0.5241307916685394
V2.mp4,225,0,1,0.5241307916685394
V2.mp4,226,0,1,0.5241307916685394
V2.mp4,227,0,1,0.5241307916685394
V2.mp4,228,0,1,0.5241307916685394
V2.mp4,229,0,1,0.5241307916685394
V2.mp4,230,0,1,0.5241307916685394
V2.mp4,231,0,1,0.5241307916685394
V2.mp4,232,0,1,0.5241307916685394
V2.mp4,233,0,1,0.5241307916685394
V2.mp4,234,0,1,0.5241307916685394
V2.mp4,235,0,1,0.5241307916685394
V2.mp4,236,0,1,0.5241307916685394
V2.mp4,237,0,1,0.5241307916685394
V2.mp4,238,0,1,0.5241307916685394
V2.mp4,239,0,1,0.5241307916685394
V2.mp4,240,0,1,0.5241307916685394
V2.mp4,241,0,1,0.5241307916685394
V2.mp4,242,0,1,0.5241307916685394
V2.mp4,243,0,1,0.5241307916685394
V2.mp4,244,0,1,0.5241307916685394
V2.mp4,245,0,1,0.5241307916685394
V2.mp4,246,0,1,0.5241307916685394
V2.mp4,247,0,1,0.5241307916685394
V2.mp4,248,0,1,0.5241307916685394
V2.mp4,249,0,1,0.5241307916685394
V2.mp4,250,0,1,0.5241307916685394
V2.mp4,251,0,1,0.5241307916685394
V2.mp4,252,0,1,0.5241307916685394
V2.mp4,253,0,1,0.5241307916685394
V2.mp4,254,0,1,0.5241307916685394
V2.mp4,255,0,1,0.5241307916685394
V2.mp4,256,0,1,0.5241307916685394
V2.mp4,257,0,1,0.5241307916685394
V2.mp4,258,0,1,0.5241307916685394
V2.mp4,259,0,1,0.5241307916685394
V2.mp4,260,0,1,0.5241307916685394
V2.mp4,261,0,1,0.5241307916685394
V2.mp4,262,0,1,0.5241307916685394
V2.mp4,263,0,1,0.5241307916685394
V20.mp4,1,0,1,0.5261315237456496
V20.mp4,2,0,1,0.521615178694916
V20.mp4,3,0,0,0.48484845948210914
V20.mp4,4,0,0,0.45543224031230656
V20.mp4,5,0,0,0.43066957931785016
V20.mp4,6,0,0,0.4158315956708275
V20.mp4,7,0,0,0.45799477002660743
V20.mp4,8,0,0,0.4595513569574557
V20.mp4,9,0,0,0.4203097305827554
V20.mp4,10,0,0,0.39316660741349985
V20.mp4,11,0,0,0.46254914119687707
V20.mp4,12,0,0,0.4507102174446382
V20.mp4,13,0,1,0.5981212824442008
V20.mp4,14,0,0,0.3777787139949496
V20.mp4,15,0,0,0.34622769749694776
V20.mp4,16,0,0,0.1800786520838753
V20.mp4,17,0,0,0.23724471912450176
V20.mp4,18,0,0,0.26385213107162664
V20.mp4,19,0,0,0.2321827989455643
V20.mp4,20,0,0,0.4618285716625599
V20.mp4,21,0,1,0.6149311798184391
V20.mp4,22,0,0,0.40067868229830333
V20.mp4,23,0,0,0.3844313443418785
V20.mp4,24,0,0,0.1259990558643448
V20.mp4,25,0,0,0.3645524363300367
V20.mp4,26,0,0,0.3674043209447339
V20.mp4,27,0,0,0.38499197802519325
V20.mp4,28,0,0,0.3424709748978673
V20.mp4,29,0,1,0.6029305958523447
V20.mp4,30,0,0,0.26422487230823627
V20.mp4,31,0,0,0.36497997250006303
V20.mp4,32,0,0,0.06546471309545206
V20.mp4,33,0,0,0.36677931159267685
V20.mp4,34,0,0,0.3345746685487515
V20.mp4,35,0,0,0.14974778937479408
V20.mp4,36,0,0,0.182519556397647
V20.mp4,37,0,0,0.2939932510141616
V20.mp4,38,0,1,0.5367737641085047
V20.mp4,39,0,0,0.47078674781706914
V20.mp4,40,0,0,0.22855651250388426
V20.mp4,41,0,0,0.23831132410829414
V20.mp4,42,0,0,0.3249164024562546
V20.mp4,43,0,0,0.4220116381744248
V20.mp4,44,0,0,0.4573131674860081
V20.mp4,45,0,0,0.40513771803736404
V20.mp4,46,0,0,0.31786502324554833
V20.mp4,47,0,0,0.3418789657999537
V20.mp4,48,0,0,0.3273993168173181
V20.mp4,49,0,0,0.48235986810640624
V20.mp4,50,0,0,0.49617950047717924
V20.mp4,51,0,0,0.392089950050794
V20.mp4,52,0,0,0.46442610426347025
V20.mp4,53,0,0,0.4574671014186626
V20.mp4,54,0,0,0.4022167690513658
V20.mp4,55,0,0,0.45972102098119255
V20.mp4,56,0,0,0.3378248192165813
V20.mp4,57,0,0,0.44265599530668986
V20.mp4,58,0,0,0.43740350091465624
V20.mp4,59,0,0,0.4262791811886531
V20.mp4,60,0,0,0.3900257258891356
V20.mp4,61,0,0,0.20921901246610222
V20.mp4,62,0,0,0.24040285644885567
V20.mp4,63,0,1,0.5045301289211173
V20.mp4,64,0,1,0.5485883607243942
V20.mp4,65,0,1,0.5449246346534061
V20.mp4,66,0,1,0.504918438130105
V20.mp4,67,0,0,0.31744409247148103
V20.mp4,68,0,0,0.29157710676301357
V20.mp4,69,0,0,0.32044391145585127
V20.mp4,70,0,0,0.47476741784253196
V20.mp4,71,0,0,0.4747674583268179
V20.mp4,72,0,0,0.4747674591838832
V20.mp4,73,0,0,0.4747675152958461
V20.mp4,74,0,1,0.5836052773348005
V20.mp4,75,0,0,0.41065943101180363
V20.mp4,76,0,0,0.41130416285358856
V20.mp4,77,0,0,0.2068157604639251
V20.mp4,78,0,0,0.4708210087286832
V20.mp4,79,0,0,0.47082093162314304
V20.mp4,80,0,0,0.4708209516082692
V20.mp4,81,0,0,0.4708208229799004
V20.mp4,82,0,0,0.47082096043988114
V20.mp4,83,0,1,0.5365440101801743
V20.mp4,84,0,0,0.48811072357620344
V20.mp4,85,0,0,0.4190280081658082
V20.mp4,86,0,0,0.24734957205576993
V20.mp4,87,0,0,0.30164259651973063
V20.mp4,88,0,0,0.41508470234387
V20.mp4,89,0,1,0.5192060133974131
V20.mp4,90,0,1,0.5192060133974131
V20.mp4,91,0,1,0.5192060133974131
V20.mp4,92,0,1,0.5192060133974131
V20.mp4,93,0,1,0.5192060133974131
V20.mp4,94,0,1,0.5192060133974131
V20.mp4,95,0,1,0.5192060133974131
V20.mp4,96,0,1,0.5192060133974131
V20.mp4,97,0,1,0.5192060133974131
V20.mp4,98,0,1,0.5192060133974131
V20.mp4,99,0,1,0.5192060133974131
V20.mp4,100,0,1,0.5192060133974131
V20.mp4,101,0,1,0.5192060133974131
V20.mp4,102,0,1,0.5192060133974131
V20.mp4,103,0,1,0.5192060133974131
V20.mp4,104,0,1,0.5192060133974131
V20.mp4,105,0,1,0.5192060133974131
V20.mp4,106,0,1,0.5192060133974131
V20.mp4,107,0,1,0.5192060133974131
V20.mp4,108,0,1,0.5192060133974131
V20.mp4,109,0,1,0.5192060133974131
V20.mp4,110,0,1,0.5192060133974131
V20.mp4,111,0,1,0.5192060133974131
V20.mp4,112,0,1,0.5192060133974131
V20.mp4,113,0,1,0.5192060133974131
V20.mp4,114,0,1,0.5192060133974131
V20.mp4,115,0,1,0.5192060133974131
V20.mp4,116,0,1,0.5192060133974131
V20.mp4,117,0,1,0.5192060133974131
V20.mp4,118,0,1,0.5192060133974131
V20.mp4,119,0,1,0.5192060133974131
V20.mp4,120,0,1,0.5192060133974131
V20.mp4,121,0,1,0.5192060133974131
V20.mp4,122,1,1,0.5192060133974131
V20.mp4,123,1,1,0.5192060133974131
V20.mp4,124,1,1,0.5192060133974131
V20.mp4,125,1,1,0.5192060133974131
V20.mp4,126,1,1,0.5192060133974131
V20.mp4,127,0,1,0.5192060133974131
V20.mp4,128,0,1,0.5192060133974131
V20.mp4,129,0,1,0.5192060133974131
V20.mp4,130,0,1,0.5192060133974131
V20.mp4,131,0,1,0.5192060133974131
V20.mp4,132,0,1,0.5192060133974131
V20.mp4,133,0,1,0.5192060133974131
V20.mp4,134,0,1,0.5192060133974131
V20.mp4,135,0,1,0.5192060133974131
V20.mp4,136,0,1,0.5192060133974131
V20.mp4,137,0,1,0.5192060133974131
V20.mp4,138,0,1,0.5192060133974131
V20.mp4,139,0,1,0.5192060133974131
V20.mp4,140,0,1,0.5192060133974131
V20.mp4,141,0,1,0.5192060133974131
V20.mp4,142,0,1,0.5192060133974131
V20.mp4,143,0,1,0.5192060133974131
V20.mp4,144,0,1,0.5192060133974131
V20.mp4,145,0,1,0.5192060133974131
V20.mp4,146,0,1,0.5192060133974131
V20.mp4,147,0,1,0.5192060133974131
V20.mp4,148,0,1,0.5192060133974131
V20.mp4,149,0,1,0.5192060133974131
V20.mp4,150,0,1,0.5192060133974131
V20.mp4,151,0,1,0.5192060133974131
V20.mp4,152,0,1,0.5192060133974131
V20.mp4,153,0,1,0.5192060133974131
V20.mp4,154,0,1,0.5192060133974131
V20.mp4,155,0,1,0.5192060133974131
V20.mp4,156,0,1,0.5192060133974131
V20.mp4,157,0,1,0.5192060133974131
V20.mp4,158,0,1,0.5192060133974131
V20.mp4,159,0,1,0.5192060133974131
V20.mp4,160,0,1,0.5192060133974131
V20.mp4,161,0,1,0.5192060133974131
V20.mp4,162,0,1,0.5192060133974131
V20.mp4,163,0,1,0.5192060133974131
V20.mp4,164,0,1,0.5192060133974131
V20.mp4,165,0,1,0.5192060133974131
V20.mp4,166,0,1,0.5192060133974131
V20.mp4,167,0,1,0.5192060133974131
V20.mp4,168,0,1,0.5192060133974131
V20.mp4,169,0,1,0.5192060133974131
V20.mp4,170,0,1,0.5192060133974131
V20.mp4,171,0,1,0.5192060133974131
V20.mp4,172,0,1,0.5192060133974131
V20.mp4,173,0,1,0.5192060133974131
V20.mp4,174,0,1,0.5192060133974131
V20.mp4,175,0,1,0.5192060133974131
V20.mp4,176,0,1,0.5192060133974131
V20.mp4,177,0,1,0.5192060133974131
V20.mp4,178,0,1,0.5192060133974131
V20.mp4,179,0,1,0.5192060133974131
V20.mp4,180,0,1,0.5192060133974131
V20.mp4,181,0,1,0.5192060133974131
V20.mp4,182,0,1,0.5192060133974131
V20.mp4,183,0,1,0.5192060133974131
V20.mp4,184,0,1,0.5192060133974131
V20.mp4,185,0,1,0.5192060133974131
V20.mp4,186,0,1,0.5192060133974131
V20.mp4,187,0,1,0.5192060133974131
V20.mp4,188,0,1,0.5192060133974131
V20.mp4,189,0,1,0.5192060133974131
V20.mp4,190,0,1,0.5192060133974131
V20.mp4,191,0,1,0.5192060133974131
V20.mp4,192,0,1,0.5192060133974131
V20.mp4,193,0,1,0.5192060133974131
V20.mp4,194,0,1,0.5192060133974131
V20.mp4,195,0,1,0.5192060133974131
V20.mp4,196,0,1,0.5192060133974131
V20.mp4,197,0,1,0.5192060133974131
V20.mp4,198,0,1,0.5192060133974131
V20.mp4,199,0,1,0.5192060133974131
V20.mp4,200,0,1,0.5192060133974131
V20.mp4,201,0,1,0.5192060133974131
V20.mp4,202,0,1,0.5192060133974131
V20.mp4,203,0,1,0.5192060133974131
V20.mp4,204,0,1,0.5192060133974131
V20.mp4,205,0,1,0.5192060133974131
V20.mp4,206,0,1,0.5192060133974131
V20.mp4,207,0,1,0.5192060133974131
V20.mp4,208,0,1,0.5192060133974131
V20.mp4,209,0,1,0.5192060133974131
V20.mp4,210,0,1,0.5192060133974131
V20.mp4,211,0,1,0.5192060133974131
V20.mp4,212,0,1,0.5192060133974131
V20.mp4,213,0,1,0.5192060133974131
V20.mp4,214,0,1,0.5192060133974131
V20.mp4,215,0,1,0.5192060133974131
V20.mp4,216,0,1,0.5192060133974131
V20.mp4,217,0,1,0.5192060133974131
V20.mp4,218,0,1,0.5192060133974131
V20.mp4,219,0,1,0.5192060133974131
V20.mp4,220,0,1,0.5192060133974131
V20.mp4,221,0,1,0.5192060133974131
V20.mp4,222,0,1,0.5192060133974131
V20.mp4,223,0,1,0.5192060133974131
V20.mp4,224,0,1,0.5192060133974131
V20.mp4,225,0,1,0.5192060133974131
V20.mp4,226,0,1,0.5192060133974131
V20.mp4,227,0,1,0.5192060133974131
V20.mp4,228,0,1,0.5192060133974131
V20.mp4,229,0,1,0.5192060133974131
V20.mp4,230,0,1,0.5192060133974131
V20.mp4,231,0,1,0.5192060133974131
V20.mp4,232,0,1,0.5192060133974131
V20.mp4,233,0,1,0.5192060133974131
V20.mp4,234,0,1,0.5192060133974131
V20.mp4,235,0,1,0.5192060133974131
V20.mp4,236,0,1,0.5192060133974131
V20.mp4,237,0,1,0.5192060133974131
V20.mp4,238,0,1,0.5192060133974131
V20.mp4,239,0,1,0.5192060133974131
V20.mp4,240,0,1,0.5192060133974131
V20.mp4,241,0,1,0.5192060133974131
V20.mp4,242,0,1,0.5192060133974131
V20.mp4,243,0,1,0.5192060133974131
V20.mp4,244,0,1,0.5192060133974131
V20.mp4,245,0,1,0.5192060133974131
V20.mp4,246,0,1,0.5192060133974131
V20.mp4,247,0,1,0.5192060133974131
V20.mp4,248,0,1,0.5192060133974131
V20.mp4,249,0,1,0.5192060133974131
V20.mp4,250,0,1,0.5192060133974131
V20.mp4,251,0,1,0.5192060133974131
V20.mp4,252,0,1,0.5192060133974131
V20.mp4,253,0,1,0.5192060133974131
V20.mp4,254,0,1,0.5192060133974131
V20.mp4,255,0,1,0.5192060133974131
V20.mp4,256,0,1,0.5192060133974131
V20.mp4,257,0,1,0.5192060133974131
V20.mp4,258,0,1,0.5192060133974131
V20.mp4,259,0,1,0.5192060133974131
V20.mp4,260,0,1,0.5192060133974131
V20.mp4,261,0,1,0.5192060133974131
V20.mp4,262,0,1,0.5192060133974131
V20.mp4,263,0,1,0.5192060133974131
V20.mp4,264,0,1,0.5192060133974131
V20.mp4,265,0,1,0.5192060133974131
V20.mp4,266,0,1,0.5192060133974131
V20.mp4,267,0,1,0.5192060133974131
V20.mp4,268,0,1,0.5192060133974131
V20.mp4,269,0,1,0.5192060133974131
V20.mp4,270,0,1,0.5192060133974131
V20.mp4,271,0,1,0.5192060133974131
V20.mp4,272,0,1,0.5192060133974131
V20.mp4,273,0,1,0.5192060133974131
V20.mp4,274,0,1,0.5192060133974131
V20.mp4,275,0,1,0.5192060133974131
V20.mp4,276,0,1,0.5192060133974131
V20.mp4,277,0,1,0.5192060133974131
V20.mp4,278,0,1,0.5192060133974131
V20.mp4,279,0,1,0.5192060133974131
V20.mp4,280,0,1,0.5192060133974131
V20.mp4,281,0,1,0.5192060133974131
V3.mp4,1,0,1,0.5235090613250258
V3.mp4,2,0,1,0.5235090613250258
V3.mp4,3,0,1,0.5235090613250258
V3.mp4,4,0,1,0.5235090613250258
V3.mp4,5,0,1,0.5235090613250258
V3.mp4,6,0,1,0.5235090613250258
V3.mp4,7,0,1,0.5235090613250258
V3.mp4,8,0,1,0.5235090613250258
V3.mp4,9,0,1,0.5235090613250258
V3.mp4,10,0,1,0.5235090613250258
V3.mp4,11,0,1,0.5235090613250258
V3.mp4,12,0,1,0.5235090613250258
V3.mp4,13,0,1,0.5235090613250258
V3.mp4,14,0,1,0.5235090613250258
V3.mp4,15,0,1,0.5330532830453125
V3.mp4,16,0,1,0.5254617718619068
V3.mp4,17,0,1,0.5175770693610315
V3.mp4,18,0,0,0.48436666933694117
V3.mp4,19,0,0,0.4843665387421242
V3.mp4,20,0,0,0.4843666103164431
V3.mp4,21,0,1,0.5398312711075282
V3.mp4,22,0,0,0.43544636667366504
V3.mp4,23,0,0,0.4378143388708262
V3.mp4,24,0,0,0.30555926764565516
V3.mp4,25,0,1,0.5051395764019327
V3.mp4,26,0,1,0.5051395776126373
V3.mp4,27,0,1,0.5051396877857798
V3.mp4,28,0,1,0.5051395013676753
V3.mp4,29,0,1,0.5051395764019327
V3.mp4,30,0,1,0.5051395776126373
V3.mp4,31,0,1,0.5047305170113077
V3.mp4,32,0,1,0.5050559443508174
V3.mp4,33,0,1,0.5053934762508497
V3.mp4,34,0,1,0.5068129998229645
V3.mp4,35,0,1,0.5300701715371959
V3.mp4,36,0,0,0.4937149037358725
V3.mp4,37,0,0,0.48870912708746705
V3.mp4,38,0,0,0.4232340840473238
V3.mp4,39,0,0,0.4845967063021933
V3.mp4,40,0,0,0.48459680165777064
V3.mp4,41,0,0,0.4845968877520794
V3.mp4,42,0,0,0.48459706881895426
V3.mp4,43,0,0,0.48234083633279506
V3.mp4,44,0,1,0.59429220081474
V3.mp4,45,0,0,0.3919142159756512
V3.mp4,46,0,0,0.4018114264599454
V3.mp4,47,0,0,0.17488177956766884
V3.mp4,48,0,1,0.5235090613250258
V3.mp4,49,0,1,0.5235090613250258
V3.mp4,50,0,1,0.5235090613250258
V3.mp4,51,0,1,0.5235090613250258
V3.mp4,52,0,1,0.5235090613250258
V3.mp4,53,0,1,0.5235090613250258
V3.mp4,54,0,1,0.5235090613250258
V3.mp4,55,0,1,0.5235090613250258
V3.mp4,56,0,1,0.5235090613250258
V3.mp4,57,0,1,0.5235090613250258
V3.mp4,58,0,1,0.5235090613250258
V3.mp4,59,0,1,0.5235090613250258
V3.mp4,60,0,1,0.5235090613250258
V3.mp4,61,0,1,0.5235090613250258
V3.mp4,62,0,1,0.5235090613250258
V3.mp4,63,0,1,0.5235090613250258
V3.mp4,64,0,1,0.5235090613250258
V3.mp4,65,0,1,0.5235090613250258
V3.mp4,66,0,1,0.5235090613250258
V3.mp4,67,0,1,0.5235090613250258
V3.mp4,68,0,1,0.5235090613250258
V3.mp4,69,0,1,0.5235090613250258
V3.mp4,70,0,1,0.5235090613250258
V3.mp4,71,0,1,0.5235090613250258
V3.mp4,72,0,1,0.5235090613250258
V3.mp4,73,1,1,0.5235090613250258
V3.mp4,74,1,1,0.5235090613250258
V3.mp4,75,1,1,0.5235090613250258
V3.mp4,76,1,1,0.5235090613250258
V3.mp4,77,1,1,0.5235090613250258
V3.mp4,78,0,1,0.5235090613250258
V3.mp4,79,0,1,0.5235090613250258
V3.mp4,80,0,1,0.5235090613250258
V3.mp4,81,0,1,0.5235090613250258
V3.mp4,82,0,1,0.5235090613250258
V3.mp4,83,0,1,0.5235090613250258
V3.mp4,84,0,1,0.5235090613250258
V3.mp4,85,0,1,0.5235090613250258
V3.mp4,86,0,1,0.5235090613250258
V3.mp4,87,0,1,0.5235090613250258
V3.mp4,88,0,1,0.5235090613250258
V3.mp4,89,0,1,0.5235090613250258
V3.mp4,90,0,1,0.5235090613250258
V3.mp4,91,0,1,0.5235090613250258
V3.mp4,92,0,1,0.5235090613250258
V3.mp4,93,0,1,0.5235090613250258
V3.mp4,94,0,1,0.5235090613250258
V3.mp4,95,0,1,0.5235090613250258
V3.mp4,96,0,1,0.5235090613250258
V3.mp4,97,0,1,0.5235090613250258
V3.mp4,98,0,1,0.5235090613250258
V3.mp4,99,0,1,0.5235090613250258
V3.mp4,100,0,1,0.5235090613250258
V3.mp4,101,0,1,0.5235090613250258
V3.mp4,102,0,1,0.5235090613250258
V3.mp4,103,0,1,0.5235090613250258
V3.mp4,104,0,1,0.5235090613250258
V3.mp4,105,0,1,0.5235090613250258
V3.mp4,106,0,1,0.5235090613250258
V3.mp4,107,0,1,0.5235090613250258
V3.mp4,108,0,1,0.5235090613250258
V3.mp4,109,0,1,0.5235090613250258
V3.mp4,110,0,1,0.5235090613250258
V3.mp4,111,0,1,0.5235090613250258
V3.mp4,112,0,1,0.5235090613250258
V3.mp4,113,0,1,0.5235090613250258
V3.mp4,114,0,1,0.5235090613250258
V3.mp4,115,0,1,0.5235090613250258
V3.mp4,116,0,1,0.5235090613250258
V3.mp4,117,0,1,0.5235090613250258
V3.mp4,118,0,1,0.5235090613250258
V3.mp4,119,0,1,0.5235090613250258
V3.mp4,120,0,1,0.5235090613250258
V3.mp4,121,0,1,0.5235090613250258
V3.mp4,122,0,1,0.5235090613250258
V3.mp4,123,0,1,0.5235090613250258
V3.mp4,124,0,1,0.5235090613250258
V3.mp4,125,0,1,0.5235090613250258
V3.mp4,126,0,1,0.5235090613250258
V3.mp4,127,0,1,0.5235090613250258
V3.mp4,128,0,1,0.5235090613250258
V3.mp4,129,0,1,0.5235090613250258
V3.mp4,130,0,1,0.5235090613250258
V3.mp4,131,0,1,0.5235090613250258
V3.mp4,132,0,1,0.5235090613250258
V3.mp4,133,0,1,0.5235090613250258
V3.mp4,134,0,1,0.5235090613250258
V3.mp4,135,0,1,0.5235090613250258
V3.mp4,136,0,1,0.5235090613250258
V3.mp4,137,0,1,0.5235090613250258
V3.mp4,138,0,1,0.5235090613250258
V3.mp4,139,0,1,0.5235090613250258
V3.mp4,140,0,1,0.5235090613250258
V3.mp4,141,0,1,0.5235090613250258
V3.mp4,142,0,1,0.5235090613250258
V3.mp4,143,0,1,0.5235090613250258
V3.mp4,144,0,1,0.5235090613250258
V3.mp4,145,0,1,0.5235090613250258
V3.mp4,146,0,1,0.5235090613250258
V3.mp4,147,0,1,0.5235090613250258
V3.mp4,148,0,1,0.5235090613250258
V3.mp4,149,0,1,0.5235090613250258
V3.mp4,150,0,1,0.5235090613250258
V3.mp4,151,0,1,0.5235090613250258
V4.mp4,1,0,1,0.5239669147975254
V4.mp4,2,0,1,0.5239669147975254
V4.mp4,3,0,1,0.5239669147975254
V4.mp4,4,0,1,0.5239669147975254
V4.mp4,5,0,1,0.5239669147975254
V4.mp4,6,0,1,0.5239669147975254
V4.mp4,7,0,1,0.5239669147975254
V4.mp4,8,0,1,0.5239669147975254
V4.mp4,9,0,1,0.5239669147975254
V4.mp4,10,0,1,0.5239669147975254
V4.mp4,11,0,1,0.5239669147975254
V4.mp4,12,0,1,0.5239669147975254
V4.mp4,13,0,1,0.5239669147975254
V4.mp4,14,0,1,0.5239669147975254
V4.mp4,15,0,1,0.5239669147975254
V4.mp4,16,0,1,0.5239669147975254
V4.mp4,17,0,1,0.5239669147975254
V4.mp4,18,0,1,0.5239669147975254
V4.mp4,19,0,1,0.5239669147975254
V4.mp4,20,0,1,0.5239669147975254
V4.mp4,21,0,1,0.5239669147975254
V4.mp4,22,0,1,0.5239669147975254
V4.mp4,23,0,1,0.5239669147975254
V4.mp4,24,0,1,0.5239669147975254
V4.mp4,25,0,1,0.5239669147975254
V4.mp4,26,0,1,0.5239669147975254
V4.mp4,27,0,1,0.5239669147975254
V4.mp4,28,0,1,0.5239669147975254
V4.mp4,29,0,1,0.5239669147975254
V4.mp4,30,0,1,0.5239669147975254
V4.mp4,31,0,1,0.5239669147975254
V4.mp4,32,0,1,0.5239669147975254
V4.mp4,33,0,1,0.5239669147975254
V4.mp4,34,0,1,0.5239669147975254
V4.mp4,35,1,1,0.5239669147975254
V4.mp4,36,1,1,0.5239669147975254
V4.mp4,37,1,1,0.5239669147975254
V4.mp4,38,1,1,0.5239669147975254
V4.mp4,39,1,1,0.5079958987351414
V4.mp4,40,0,1,0.5007823511068573
V4.mp4,41,0,0,0.45435054931915625
V4.mp4,42,0,0,0.23003461003233894
V4.mp4,43,0,0,0.4561302415960582
V4.mp4,44,0,0,0.49304849515560917
V4.mp4,45,0,0,0.4958654841484791
V4.mp4,46,0,1,0.5089178293618654
V4.mp4,47,0,1,0.5159781977745242
V4.mp4,48,0,1,0.5032538094431344
V4.mp4,49,0,1,0.503253918971762
V4.mp4,50,0,1,0.5032537879681049
V4.mp4,51,0,1,0.5032537896008856
V4.mp4,52,0,0,0.49501037388480973
V4.mp4,53,0,0,0.4846594776457445
V4.mp4,54,0,0,0.4515183104996473
V4.mp4,55,0,0,0.30258604670500766
V4.mp4,56,0,0,0.3101396241945809
V4.mp4,57,0,0,0.3152525980239718
V4.mp4,58,0,0,0.3439249948779465
V4.mp4,59,0,0,0.49400612900356156
V4.mp4,60,0,0,0.4064280653904826
V4.mp4,61,0,0,0.46362816984568855
V4.mp4,62,0,0,0.46007347921089725
V4.mp4,63,0,0,0.44860665029409447
V4.mp4,64,0,0,0.4043702399458956
V4.mp4,65,0,0,0.3947676306990972
V4.mp4,66,0,0,0.38942591118633874
V4.mp4,67,0,0,0.4834883269916884
V4.mp4,68,0,0,0.467423737342168
V4.mp4,69,0,0,0.4353010269246697
V4.mp4,70,0,0,0.49615553534277296
V4.mp4,71,0,0,0.4961575387118457
V4.mp4,72,0,0,0.4961683097441391
V4.mp4,73,0,0,0.4961684204797676
V4.mp4,74,0,0,0.4929683796394542
V4.mp4,75,0,0,0.48714118012078694
V4.mp4,76,0,0,0.47197119583864905
V5.mp4,1,0,1,0.5228963558065506
V5.mp4,2,0,1,0.5228963558065506
V5.mp4,3,0,1,0.5228963558065506
V5.mp4,4,0,1,0.5228963558065506
V5.mp4,5,0,1,0.5228963558065506
V5.mp4,6,0,1,0.5228963558065506
V5.mp4,7,0,1,0.5228963558065506
V5.mp4,8,0,1,0.5228963558065506
V5.mp4,9,0,1,0.5228963558065506
V5.mp4,10,0,1,0.5228963558065506
V5.mp4,11,0,1,0.5228963558065506
V5.mp4,12,0,1,0.5228963558065506
V5.mp4,13,0,1,0.5228963558065506
V5.mp4,14,0,1,0.5228963558065506
V5.mp4,15,0,1,0.5228963558065506
V5.mp4,16,0,1,0.5228963558065506
V5.mp4,17,0,1,0.5228963558065506
V5.mp4,18,0,1,0.5228963558065506
V5.mp4,19,0,1,0.5228963558065506
V5.mp4,20,0,1,0.5228963558065506
V5.mp4,21,0,1,0.5228963558065506
V5.mp4,22,0,1,0.5228963558065506
V5.mp4,23,0,1,0.5228963558065506
V5.mp4,24,0,1,0.5228963558065506
V5.mp4,25,0,1,0.5228963558065506
V5.mp4,26,0,1,0.5228963558065506
V5.mp4,27,0,1,0.5228963558065506
V5.mp4,28,0,1,0.5228963558065506
V5.mp4,29,0,1,0.5228963558065506
V5.mp4,30,0,1,0.5228963558065506
V5.mp4,31,0,1,0.5228963558065506
V5.mp4,32,0,1,0.5228963558065506
V5.mp4,33,0,1,0.5228963558065506
V5.mp4,34,0,1,0.5228963558065506
V5.mp4,35,0,1,0.5228963558065506
V5.mp4,36,0,1,0.5228963558065506
V5.mp4,37,0,1,0.5228963558065506
V5.mp4,38,0,1,0.5228963558065506
V5.mp4,39,0,1,0.5228963558065506
V5.mp4,40,0,1,0.5228963558065506
V5.mp4,41,0,1,0.5228963558065506
V5.mp4,42,0,1,0.5228963558065506
V5.mp4,43,0,1,0.5228963558065506
V5.mp4,44,0,1,0.5228963558065506
V5.mp4,45,0,1,0.5228963558065506
V5.mp4,46,0,1,0.5228963558065506
V5.mp4,47,0,1,0.5228963558065506
V5.mp4,48,0,1,0.5228963558065506
V5.mp4,49,0,1,0.5228963558065506
V5.mp4,50,0,1,0.5228963558065506
V5.mp4,51,0,1,0.5228963558065506
V5.mp4,52,0,1,0.5228963558065506
V5.mp4,53,0,1,0.5228963558065506
V5.mp4,54,0,1,0.5228963558065506
V5.mp4,55,0,1,0.5228963558065506
V5.mp4,56,0,1,0.5228963558065506
V5.mp4,57,0,1,0.5228963558065506
V5.mp4,58,0,1,0.5228963558065506
V5.mp4,59,1,1,0.5228963558065506
V5.mp4,60,1,1,0.5228963558065506
V5.mp4,61,1,1,0.5228963558065506
V5.mp4,62,1,1,0.5228963558065506
V5.mp4,63,1,1,0.5228963558065506
V5.mp4,64,0,1,0.5228963558065506
V5.mp4,65,0,1,0.5228963558065506
V5.mp4,66,0,1,0.5228963558065506
V5.mp4,67,0,1,0.5228963558065506
V5.mp4,68,0,1,0.5228963558065506
V5.mp4,69,0,1,0.5228963558065506
V5.mp4,70,0,1,0.5228963558065506
V5.mp4,71,0,1,0.5228963558065506
V5.mp4,72,0,1,0.5228963558065506
V5.mp4,73,0,1,0.5228963558065506
V5.mp4,74,0,1,0.5228963558065506
V5.mp4,75,0,1,0.5228963558065506
V5.mp4,76,0,1,0.5228963558065506
V5.mp4,77,0,1,0.5228963558065506
V5.mp4,78,0,1,0.5228963558065506
V5.mp4,79,0,1,0.5228963558065506
V5.mp4,80,0,1,0.5228963558065506
V5.mp4,81,0,1,0.5228963558065506
V5.mp4,82,0,1,0.5228963558065506
V5.mp4,83,0,1,0.5228963558065506
V5.mp4,84,0,1,0.5228963558065506
V5.mp4,85,0,1,0.5228963558065506
V5.mp4,86,0,1,0.5228963558065506
V5.mp4,87,0,1,0.5228963558065506
V5.mp4,88,0,1,0.5228963558065506
V5.mp4,89,0,1,0.5328674270109872
V5.mp4,90,0,1,0.5255005633001868
V5.mp4,91,0,1,0.5360503243600353
V5.mp4,92,0,0,0.48883410482175177
V5.mp4,93,0,0,0.47397785101654594
V5.mp4,94,0,0,0.4125169126032039
V5.mp4,95,0,0,0.4125169095613494
V5.mp4,96,0,0,0.47298318562436503
V5.mp4,97,0,0,0.42811915696719716
V5.mp4,98,0,0,0.3003420038623017
V5.mp4,99,0,0,0.19740085752201475
V6.mp4,1,0,1,0.5253856890317677
V6.mp4,2,0,1,0.5253856890317677
V6.mp4,3,0,1,0.5253856890317677
V6.mp4,4,0,1,0.5253856890317677
V6.mp4,5,0,1,0.5253856890317677
V6.mp4,6,0,1,0.5253856890317677
V6.mp4,7,0,1,0.5253856890317677
V6.mp4,8,0,1,0.5253856890317677
V6.mp4,9,0,1,0.5253856890317677
V6.mp4,10,0,1,0.5253856890317677
V6.mp4,11,0,1,0.5253856890317677
V6.mp4,12,0,1,0.5253856890317677
V6.mp4,13,0,1,0.5253856890317677
V6.mp4,14,0,1,0.5253856890317677
V6.mp4,15,0,1,0.5253856890317677
V6.mp4,16,0,1,0.5253856890317677
V6.mp4,17,0,1,0.5253856890317677
V6.mp4,18,0,1,0.5253856890317677
V6.mp4,19,0,1,0.5253856890317677
V6.mp4,20,0,1,0.5253856890317677
V6.mp4,21,0,1,0.5253856890317677
V6.mp4,22,0,1,0.5253856890317677
V6.mp4,23,0,1,0.5253856890317677
V6.mp4,24,0,1,0.5253856890317677
V6.mp4,25,0,1,0.5253856890317677
V6.mp4,26,0,1,0.5253856890317677
V6.mp4,27,0,1,0.5253856890317677
V6.mp4,28,0,1,0.5253856890317677
V6.mp4,29,0,1,0.5253856890317677
V6.mp4,30,0,1,0.5253856890317677
V6.mp4,31,0,1,0.5253856890317677
V6.mp4,32,0,1,0.5253856890317677
V6.mp4,33,0,1,0.5253856890317677
V6.mp4,34,0,1,0.5253856890317677
V6.mp4,35,0,1,0.5253856890317677
V6.mp4,36,0,1,0.5253856890317677
V6.mp4,37,0,1,0.5253856890317677
V6.mp4,38,0,1,0.5253856890317677
V6.mp4,39,0,1,0.5253856890317677
V6.mp4,40,0,1,0.5253856890317677
V6.mp4,41,0,1,0.5253856890317677
V6.mp4,42,0,1,0.5253856890317677
V6.mp4,43,0,1,0.5253856890317677
V6.mp4,44,0,1,0.5253856890317677
V6.mp4,45,0,1,0.5253856890317677
V6.mp4,46,0,1,0.5253856890317677
V6.mp4,47,0,1,0.5253856890317677
V6.mp4,48,0,1,0.5253856890317677
V6.mp4,49,0,1,0.5253856890317677
V6.mp4,50,0,1,0.5253856890317677
V6.mp4,51,0,1,0.5402503481094252
V6.mp4,52,0,1,0.5155682690729839
V6.mp4,53,0,0,0.4908625551397086
V6.mp4,54,0,0,0.3827377523535385
V6.mp4,55,0,0,0.4034687803301011
V6.mp4,56,1,0,0.4497450294183736
V6.mp4,57,1,1,0.514219846123338
V6.mp4,58,1,1,0.514175701832956
V6.mp4,59,1,1,0.5040245215388653
V6.mp4,60,1,1,0.5008486386589055
V6.mp4,61,0,0,0.42540210791412414
V6.mp4,62,0,0,0.461226491236149
V6.mp4,63,0,0,0.3613127544658448
V6.mp4,64,0,0,0.49487204226494197
V6.mp4,65,0,0,0.37539704374278926
V6.mp4,66,0,1,0.511107500533291
V6.mp4,67,0,1,0.5111077260101899
V6.mp4,68,0,1,0.5111074703605611
V6.mp4,69,0,1,0.5111076523833085
V6.mp4,70,0,1,0.5152982870159943
V6.mp4,71,0,1,0.5188508979079156
V6.mp4,72,0,0,0.48140550021739553
V6.mp4,73,0,0,0.46102106456369063
V6.mp4,74,0,0,0.40344935894341954
V6.mp4,75,0,1,0.5070271629321786
V6.mp4,76,0,1,0.5110069866728566
V6.mp4,77,0,1,0.5062991340480177
V6.mp4,78,0,1,0.5160422401327234
V6.mp4,79,0,1,0.5003468521930258
V6.mp4,80,0,1,0.5145147502300723
V6.mp4,81,0,1,0.5200885163811588
V6.mp4,82,0,0,0.4634622774780128
V6.mp4,83,0,0,0.4385679180688501
V6.mp4,84,0,0,0.3754897759200699
V6.mp4,85,0,0,0.4538567041199386
V6.mp4,86,0,0,0.46752402675631527
V6.mp4,87,0,1,0.5077985827321148
V6.mp4,88,0,1,0.5213887387060944
V6.mp4,89,0,0,0.47284235247003514
V6.mp4,90,0,0,0.4857158718662274
V6.mp4,91,0,0,0.44106386370422257
V6.mp4,92,0,0,0.45579792158530197
V6.mp4,93,0,0,0.47457142964706583
V6.mp4,94,0,0,0.38419617562802905
V6.mp4,95,0,0,0.4812095220688623
V6.mp4,96,0,0,0.44958430635298213
V6.mp4,97,0,0,0.4618050451385858
V6.mp4,98,0,0,0.39705241702871796
V6.mp4,99,0,0,0.49607850555950855
V6.mp4,100,0,1,0.500773979346439
V6.mp4,101,0,0,0.4956134223330811
V6.mp4,102,0,0,0.4850573927636656
V6.mp4,103,0,0,0.447229779149992
V6.mp4,104,0,0,0.42139292143583135
V6.mp4,105,0,0,0.44341544985513515
V6.mp4,106,0,0,0.434679119878451
V6.mp4,107,0,0,0.4585382326325972
V6.mp4,108,0,0,0.4023875836462529
V6.mp4,109,0,0,0.41617001215306154
V6.mp4,110,0,1,0.5059140310267337
V6.mp4,111,0,0,0.4926426971733301
V6.mp4,112,0,0,0.489970164802064
V6.mp4,113,0,0,0.4972266191876904
V6.mp4,114,0,0,0.4871288173040142
V6.mp4,115,0,0,0.4666119361902649
V6.mp4,116,0,0,0.4240713940703841
V6.mp4,117,0,0,0.42016670851470966
V6.mp4,118,0,0,0.476622612631804
V6.mp4,119,0,0,0.4766226192646082
V6.mp4,120,0,0,0.48296107157541107
V6.mp4,121,0,0,0.4616767913144273
V6.mp4,122,0,0,0.47119826414572
V6.mp4,123,0,0,0.4390485217913567
V6.mp4,124,0,1,0.518364199731458
V6.mp4,125,0,1,0.518364199731458
V6.mp4,126,0,1,0.518364199731458
V6.mp4,127,0,1,0.518364199731458
V6.mp4,128,0,1,0.5315277119320444
V6.mp4,129,0,1,0.522963197962431
V6.mp4,130,0,0,0.46047526051434956
V6.mp4,131,0,0,0.38629327086632287
V6.mp4,132,0,0,0.32672317440786885
V6.mp4,133,0,0,0.48248826675281
V6.mp4,134,0,0,0.4807280752483823
V6.mp4,135,0,0,0.46252199517992065
V6.mp4,136,0,0,0.483406017420862
V6.mp4,137,0,0,0.47191712316857676
V6.mp4,138,0,0,0.4482550856414444
V6.mp4,139,0,0,0.39699433098448356
V6.mp4,140,0,0,0.3710713092505655
V6.mp4,141,0,0,0.4103741030765076
V7.mp4,1,0,1,0.5222524410106684
V7.mp4,2,0,1,0.5222524410106684
V7.mp4,3,0,1,0.5222524410106684
V7.mp4,4,0,1,0.5222524410106684
V7.mp4,5,0,1,0.5222524410106684
V7.mp4,6,0,1,0.5222524410106684
V7.mp4,7,0,1,0.5222524410106684
V7.mp4,8,0,1,0.5222524410106684
V7.mp4,9,0,1,0.5222524410106684
V7.mp4,10,0,1,0.5222524410106684
V7.mp4,11,0,1,0.5222524410106684
V7.mp4,12,0,1,0.5222524410106684
V7.mp4,13,0,1,0.5222524410106684
V7.mp4,14,0,1,0.5222524410106684
V7.mp4,15,0,1,0.5222524410106684
V7.mp4,16,0,1,0.5222524410106684
V7.mp4,17,0,1,0.5222524410106684
V7.mp4,18,0,1,0.5222524410106684
V7.mp4,19,0,1,0.5222524410106684
V7.mp4,20,0,1,0.5222524410106684
V7.mp4,21,0,1,0.5222524410106684
V7.mp4,22,0,1,0.5222524410106684
V7.mp4,23,0,1,0.5222524410106684
V7.mp4,24,0,1,0.5222524410106684
V7.mp4,25,0,1,0.5222524410106684
V7.mp4,26,0,1,0.5222524410106684
V7.mp4,27,0,1,0.5222524410106684
V7.mp4,28,0,1,0.5222524410106684
V7.mp4,29,0,1,0.5222524410106684
V7.mp4,30,0,1,0.5222524410106684
V7.mp4,31,0,1,0.5222524410106684
V7.mp4,32,0,1,0.5222524410106684
V7.mp4,33,0,1,0.5222524410106684
V7.mp4,34,0,1,0.5222524410106684
V7.mp4,35,0,1,0.5222524410106684
V7.mp4,36,0,1,0.5222524410106684
V7.mp4,37,0,1,0.5222524410106684
V7.mp4,38,0,1,0.5222524410106684
V7.mp4,39,0,1,0.5222524410106684
V7.mp4,40,0,1,0.5222524410106684
V7.mp4,41,0,1,0.5222524410106684
V7.mp4,42,0,1,0.5222524410106684
V7.mp4,43,0,1,0.5222524410106684
V7.mp4,44,0,1,0.5222524410106684
V7.mp4,45,0,1,0.5222524410106684
V7.mp4,46,0,1,0.5222524410106684
V7.mp4,47,0,1,0.5222524410106684
V7.mp4,48,0,1,0.5222524410106684
V7.mp4,49,0,1,0.5222524410106684
V7.mp4,50,0,1,0.5222524410106684
V7.mp4,51,0,1,0.5222524410106684
V7.mp4,52,0,1,0.5222524410106684
V7.mp4,53,1,1,0.5222524410106684
V7.mp4,54,1,1,0.5222524410106684
V7.mp4,55,1,1,0.5222524410106684
V7.mp4,56,1,1,0.5222524410106684
V7.mp4,57,1,1,0.5222524410106684
V7.mp4,58,0,1,0.5222524410106684
V7.mp4,59,0,1,0.5222524410106684
V7.mp4,60,0,1,0.5222524410106684
V7.mp4,61,0,1,0.5222524410106684
V7.mp4,62,0,1,0.5222524410106684
V7.mp4,63,0,1,0.5222524410106684
V7.mp4,64,0,1,0.5222524410106684
V7.mp4,65,0,1,0.5222524410106684
V7.mp4,66,0,1,0.5222524410106684
V7.mp4,67,0,1,0.5222524410106684
V7.mp4,68,0,1,0.5222524410106684
V7.mp4,69,0,1,0.5222524410106684
V7.mp4,70,0,1,0.5222524410106684
V7.mp4,71,0,1,0.5222524410106684
V7.mp4,72,0,1,0.5222524410106684
V7.mp4,73,0,1,0.5222524410106684
V7.mp4,74,0,1,0.5222524410106684
V7.mp4,75,0,1,0.5222524410106684
V7.mp4,76,0,1,0.5222524410106684
V7.mp4,77,0,1,0.5467515853010797
V7.mp4,78,0,1,0.5291849097017538
V7.mp4,79,0,1,0.5102221550210968
V7.mp4,80,0,0,0.40947221561668085
V7.mp4,81,0,0,0.4241174196765564
V7.mp4,82,0,0,0.440009679864499
V7.mp4,83,0,1,0.5085743302046198
V7.mp4,84,0,1,0.5085744781976451
V7.mp4,85,0,1,0.5074971726037993
V7.mp4,86,0,1,0.5082703774563252
V7.mp4,87,0,1,0.5091012040425488
V7.mp4,88,0,1,0.5278158097971163
V7.mp4,89,0,1,0.5169236871303465
V7.mp4,90,0,1,0.5051979668111692
V7.mp4,91,0,0,0.4554274166012054
V7.mp4,92,0,0,0.4554273470868425
V7.mp4,93,0,0,0.4484152958753169
V7.mp4,94,0,0,0.4534458696173063
V7.mp4,95,0,0,0.4588639491018721
V7.mp4,96,0,0,0.4819964519854449
V7.mp4,97,0,0,0.48199669026267045
V7.mp4,98,0,0,0.4819965129894969
V7.mp4,99,0,1,0.5486810653305769
V7.mp4,100,0,0,0.4289484281978462
V7.mp4,101,0,0,0.43154617805945233
V7.mp4,102,0,0,0.34246497625405103
V7.mp4,103,0,1,0.5239408102560653
V7.mp4,104,0,0,0.38691175413869217
V7.mp4,105,0,0,0.23548096255428785
V7.mp4,106,0,0,0.2912738027957848
V7.mp4,107,0,1,0.5069328137427238
V7.mp4,108,0,1,0.5283284131622122
V7.mp4,109,0,0,0.3707008853403264
V7.mp4,110,0,0,0.39234710681427337
V8.mp4,1,0,1,0.5307967167932856
V8.mp4,2,0,1,0.5143038042531121
V8.mp4,3,0,0,0.4340785531132522
V8.mp4,4,0,0,0.439124087720352
V8.mp4,5,0,0,0.4251459923061181
V8.mp4,6,0,0,0.45416800431371834
V8.mp4,7,0,0,0.45502368867059917
V8.mp4,8,0,1,0.5046437455454381
V8.mp4,9,0,1,0.5028190909873791
V8.mp4,10,0,0,0.49787400853937724
V8.mp4,11,0,0,0.460542739774824
V8.mp4,12,0,0,0.4605426749179469
V8.mp4,13,0,0,0.4605427512967073
V8.mp4,14,0,0,0.45169383073116665
V8.mp4,15,0,0,0.4579056473872906
V8.mp4,16,0,1,0.5336302967747069
V8.mp4,17,0,0,0.4961161954959689
V8.mp4,18,0,0,0.4164042112468007
V8.mp4,19,0,0,0.24396000270975546
V8.mp4,20,0,0,0.3328908721370561
V8.mp4,21,0,0,0.45303814832734823
V8.mp4,22,0,0,0.4342099554799505
V8.mp4,23,0,0,0.4414826620162214
V8.mp4,24,0,0,0.431369169367111
V8.mp4,25,0,1,0.5179789112592446
V8.mp4,26,0,1,0.5179787157848307
V8.mp4,27,0,1,0.5552649466926374
V8.mp4,28,0,1,0.5061649383445765
V8.mp4,29,0,0,0.49246275036444825
V8.mp4,30,0,0,0.3803313137622544
V8.mp4,31,0,0,0.45426904245701577
V8.mp4,32,0,0,0.43617261555574377
V8.mp4,33,0,0,0.43805007583012096
V8.mp4,34,0,0,0.4316159497291685
V8.mp4,35,0,0,0.4348247366584251
V8.mp4,36,0,0,0.42611800496012925
V8.mp4,37,0,0,0.454255353851491
V8.mp4,38,0,0,0.46644771590810147
V8.mp4,39,0,1,0.5028972023960967
V8.mp4,40,0,1,0.5061509986016512
V8.mp4,41,0,0,0.4907963742946961
V8.mp4,42,0,0,0.4960200594031352
V8.mp4,43,0,0,0.4890703523774342
V8.mp4,44,0,1,0.5158834125570035
V8.mp4,45,0,1,0.5189239077472244
V8.mp4,46,0,1,0.5183731750330546
V8.mp4,47,0,1,0.5264665408811172
V8.mp4,48,0,1,0.5190026990596261
V8.mp4,49,0,1,0.5110921726147308
V8.mp4,50,0,0,0.4771313751135577
V8.mp4,51,1,0,0.4771314861927198
V8.mp4,52,1,0,0.4771315014105881
V8.mp4,53,1,0,0.4771316703389321
V8.mp4,54,1,0,0.46849832229287064
V8.mp4,55,1,0,0.47375552306840396
V8.mp4,56,0,0,0.48549562828359066
V8.mp4,57,0,1,0.5124527383144843
V8.mp4,58,0,1,0.5137287038453472
V8.mp4,59,0,1,0.5049572874912841
V8.mp4,60,0,1,0.5322464556942473
V8.mp4,61,0,1,0.5122541475296548
V8.mp4,62,0,1,0.5178736147916548
V8.mp4,63,0,0,0.41930915262954876
V8.mp4,64,0,0,0.4409371257415626
V8.mp4,65,0,0,0.3941744644212851
V8.mp4,66,0,0,0.4619561766346284
V8.mp4,67,0,0,0.47518244031967105
V8.mp4,68,0,1,0.5420819201862231
V8.mp4,69,0,0,0.4592645121779676
V8.mp4,70,0,0,0.4000104309180269
V8.mp4,71,0,0,0.243626784261505
V8.mp4,72,0,0,0.40230770730337073
V8.mp4,73,0,0,0.41125977896175064
V8.mp4,74,0,0,0.42328750568643314
V8.mp4,75,0,0,0.4674481839499943
V8.mp4,76,0,0,0.4686836856178856
V8.mp4,77,0,0,0.4703319987571797
V8.mp4,78,0,0,0.465260436481769
V8.mp4,79,0,0,0.47387654577508426
V8.mp4,80,0,1,0.5100014585064647
V8.mp4,81,0,1,0.527013210490552
V8.mp4,82,0,0,0.4876977711129546
V8.mp4,83,0,0,0.4115104302807303
V8.mp4,84,0,0,0.43737584546818387
V8.mp4,85,0,0,0.4907789409818702
V8.mp4,86,0,0,0.49045776657766643
V8.mp4,87,0,0,0.49387484976548396
V8.mp4,88,0,0,0.49387468898721726
V8.mp4,89,0,1,0.5120748738450256
V8.mp4,90,0,0,0.4957293960250509
V8.mp4,91,0,0,0.45920639260787943
V8.mp4,92,0,0,0.414710601061249
V8.mp4,93,0,0,0.44728006592874847
V8.mp4,94,0,1,0.5247621034366061
V8.mp4,95,0,1,0.5247621034366061
V8.mp4,96,0,1,0.5247621034366061
V8.mp4,97,0,1,0.5247621034366061
V8.mp4,98,0,1,0.5247621034366061
V8.mp4,99,0,1,0.5247621034366061
V8.mp4,100,0,1,0.5247621034366061
V8.mp4,101,0,1,0.5247621034366061
V8.mp4,102,0,1,0.5247621034366061
V8.mp4,103,0,1,0.5247621034366061
V8.mp4,104,0,1,0.5247621034366061
V8.mp4,105,0,1,0.5247621034366061
V8.mp4,106,0,1,0.5247621034366061
V8.mp4,107,0,1,0.5247621034366061
V8.mp4,108,0,1,0.5247621034366061
V8.mp4,109,0,1,0.5247621034366061
V8.mp4,110,0,1,0.5247621034366061
V8.mp4,111,0,1,0.5247621034366061
V8.mp4,112,0,1,0.5247621034366061
V8.mp4,113,0,1,0.5247621034366061
V8.mp4,114,0,1,0.5247621034366061
V8.mp4,115,0,1,0.5247621034366061
V8.mp4,116,0,1,0.5247621034366061
V8.mp4,117,0,1,0.5247621034366061
V8.mp4,118,0,1,0.5247621034366061
V8.mp4,119,0,1,0.5247621034366061
V8.mp4,120,0,1,0.5247621034366061
V8.mp4,121,0,1,0.5247621034366061
V8.mp4,122,0,1,0.5247621034366061
V8.mp4,123,0,1,0.5247621034366061
V8.mp4,124,0,1,0.5247621034366061
V8.mp4,125,0,1,0.5247621034366061
V8.mp4,126,0,1,0.5247621034366061
V8.mp4,127,0,1,0.5247621034366061
V9.mp4,1,0,1,0.5248541943751425
V9.mp4,2,0,1,0.5248541943751425
V9.mp4,3,0,1,0.5248541943751425
V9.mp4,4,0,1,0.5248541943751425
V9.mp4,5,0,1,0.5248541943751425
V9.mp4,6,0,1,0.5248541943751425
V9.mp4,7,0,1,0.5248541943751425
V9.mp4,8,0,1,0.5248541943751425
V9.mp4,9,0,1,0.5248541943751425
V9.mp4,10,0,1,0.5248541943751425
V9.mp4,11,0,1,0.5248541943751425
V9.mp4,12,0,1,0.5248541943751425
V9.mp4,13,0,1,0.5248541943751425
V9.mp4,14,0,1,0.5248541943751425
V9.mp4,15,0,1,0.5248541943751425
V9.mp4,16,0,1,0.5248541943751425
V9.mp4,17,0,1,0.5248541943751425
V9.mp4,18,0,1,0.5248541943751425
V9.mp4,19,0,1,0.5248541943751425
V9.mp4,20,0,1,0.5248541943751425
V9.mp4,21,0,1,0.5248541943751425
V9.mp4,22,0,1,0.5248541943751425
V9.mp4,23,0,1,0.5248541943751425
V9.mp4,24,0,1,0.5248541943751425
V9.mp4,25,0,1,0.5248541943751425
V9.mp4,26,0,1,0.5248541943751425
V9.mp4,27,0,1,0.5248541943751425
V9.mp4,28,0,1,0.5248541943751425
V9.mp4,29,0,1,0.5248541943751425
V9.mp4,30,0,1,0.5248541943751425
V9.mp4,31,0,1,0.5248541943751425
V9.mp4,32,0,1,0.5248541943751425
V9.mp4,33,0,1,0.5248541943751425
V9.mp4,34,0,1,0.5248541943751425
V9.mp4,35,0,1,0.5248541943751425
V9.mp4,36,0,1,0.5248541943751425
V9.mp4,37,0,1,0.5248541943751425
V9.mp4,38,0,1,0.5248541943751425
V9.mp4,39,0,1,0.5248541943751425
V9.mp4,40,0,1,0.5248541943751425
V9.mp4,41,0,1,0.5248541943751425
V9.mp4,42,0,1,0.5248541943751425
V9.mp4,43,0,1,0.5248541943751425
V9.mp4,44,0,1,0.5248541943751425
V9.mp4,45,0,1,0.5248541943751425
V9.mp4,46,0,1,0.5248541943751425
V9.mp4,47,0,1,0.5248541943751425
V9.mp4,48,0,1,0.5248541943751425
V9.mp4,49,0,1,0.5248541943751425
V9.mp4,50,0,1,0.5248541943751425
V9.mp4,51,0,1,0.5248541943751425
V9.mp4,52,0,1,0.5248541943751425
V9.mp4,53,0,1,0.5248541943751425
V9.mp4,54,0,1,0.5248541943751425
V9.mp4,55,0,1,0.5248541943751425
V9.mp4,56,0,1,0.5248541943751425
V9.mp4,57,0,1,0.5248541943751425
V9.mp4,58,0,1,0.5248541943751425
V9.mp4,59,0,1,0.5248541943751425
V9.mp4,60,0,1,0.5248541943751425
V9.mp4,61,0,1,0.5248541943751425
V9.mp4,62,0,1,0.5248541943751425
V9.mp4,63,0,1,0.5248541943751425
V9.mp4,64,0,1,0.5248541943751425
V9.mp4,65,0,1,0.5248541943751425
V9.mp4,66,0,1,0.5248541943751425
V9.mp4,67,0,1,0.5248541943751425
V9.mp4,68,0,1,0.5248541943751425
V9.mp4,69,0,1,0.5248541943751425
V9.mp4,70,0,1,0.5248541943751425
V9.mp4,71,0,1,0.5248541943751425
V9.mp4,72,0,1,0.5248541943751425
V9.mp4,73,0,1,0.5248541943751425
V9.mp4,74,0,1,0.5248541943751425
V9.mp4,75,0,1,0.5248541943751425
V9.mp4,76,0,1,0.5248541943751425
V9.mp4,77,0,1,0.5248541943751425
V9.mp4,78,0,1,0.5248541943751425
V9.mp4,79,0,1,0.5248541943751425
V9.mp4,80,0,1,0.5248541943751425
V9.mp4,81,0,1,0.5248541943751425
V9.mp4,82,0,1,0.5248541943751425
V9.mp4,83,0,1,0.5248541943751425
V9.mp4,84,0,1,0.5248541943751425
V9.mp4,85,0,1,0.5248541943751425
V9.mp4,86,0,1,0.5248541943751425
V9.mp4,87,0,1,0.5248541943751425
V9.mp4,88,0,1,0.5248541943751425
V9.mp4,89,0,1,0.5248541943751425
V9.mp4,90,0,1,0.5248541943751425
V9.mp4,91,0,1,0.5248541943751425
V9.mp4,92,0,1,0.5248541943751425
V9.mp4,93,0,1,0.5248541943751425
V9.mp4,94,0,1,0.5248541943751425
V9.mp4,95,0,1,0.5248541943751425
V9.mp4,96,0,1,0.5248541943751425
V9.mp4,97,0,1,0.5248541943751425
V9.mp4,98,0,1,0.5248541943751425
V9.mp4,99,0,1,0.5248541943751425
V9.mp4,100,0,1,0.5248541943751425
V9.mp4,101,0,1,0.5248541943751425
V9.mp4,102,0,1,0.5248541943751425
V9.mp4,103,0,1,0.5248541943751425
V9.mp4,104,0,1,0.5248541943751425
V9.mp4,105,0,1,0.5248541943751425
V9.mp4,106,0,1,0.6313999719034613
V9.mp4,107,0,1,0.5185920236554749
V9.mp4,108,0,0,0.3802330397985587
V9.mp4,109,0,0,0.14975040347663182
V9.mp4,110,0,0,0.25165957981084336
V9.mp4,111,0,0,0.47233808827275453
V9.mp4,112,0,0,0.4723380829002428
V9.mp4,113,0,1,0.5621774554021393
V9.mp4,114,0,0,0.39404711773384155
V9.mp4,115,0,0,0.3941831597357171
V9.mp4,116,0,0,0.20154165798543752
V9.mp4,117,0,1,0.5105503973043904
V9.mp4,118,0,1,0.6653176030759664
V9.mp4,119,0,0,0.3878889878891329
V9.mp4,120,0,0,0.3547369005444758
V9.mp4,121,0,0,0.08176312636764412
V9.mp4,122,0,0,0.4798951449768163
V9.mp4,123,0,0,0.4069884279464449
V9.mp4,124,0,0,0.4011517903684495
V9.mp4,125,0,0,0.2927327672926872
V9.mp4,126,0,0,0.4211474722555863
V9.mp4,127,0,0,0.4211472837852333
V9.mp4,128,0,0,0.47958361067979044
V9.mp4,129,0,0,0.4465109186188858
V9.mp4,130,0,0,0.41276903167691315
V9.mp4,131,0,0,0.13881247482874165
V9.mp4,132,0,0,0.15331663114174104
V9.mp4,133,0,0,0.15588777731166176
V9.mp4,134,0,1,0.5145316280645107
V9.mp4,135,0,1,0.5003922977366542
V9.mp4,136,0,1,0.5003922607022225
V9.mp4,137,0,1,0.5003923272513557
V9.mp4,138,0,1,0.5003923292534506
V9.mp4,139,0,1,0.500392430577448
V9.mp4,140,0,1,0.5003922977366542
V9.mp4,141,0,0,0.4977373738314919
V9.mp4,142,0,0,0.4998502111207461
V9.mp4,143,0,1,0.5021489938596088
V9.mp4,144,0,1,0.5116211818952099
V9.mp4,145,0,1,0.5417338778971175
V9.mp4,146,0,1,0.5138053227577087
V9.mp4,147,0,0,0.49082331379885163
V9.mp4,148,0,0,0.36088042887062244
V9.mp4,149,0,0,0.3962189562552388
V9.mp4,150,0,0,0.4207818338276217
V9.mp4,151,0,1,0.5248541943751425
V9.mp4,152,0,1,0.5248541943751425
V9.mp4,153,0,1,0.5248541943751425
V9.mp4,154,0,1,0.5248541943751425
V9.mp4,155,0,1,0.5248541943751425
V9.mp4,156,0,1,0.5248541943751425
V9.mp4,157,0,1,0.5248541943751425
V9.mp4,158,0,1,0.5248541943751425
V9.mp4,159,0,1,0.5248541943751425
V9.mp4,160,0,1,0.5248541943751425
V9.mp4,161,0,1,0.5248541943751425
V9.mp4,162,0,1,0.5248541943751425
V9.mp4,163,0,1,0.5248541943751425
V9.mp4,164,0,1,0.5248541943751425
V9.mp4,165,0,1,0.5248541943751425
V9.mp4,166,0,1,0.5248541943751425
V9.mp4,167,0,1,0.5248541943751425
V9.mp4,168,0,1,0.5248541943751425
V9.mp4,169,0,1,0.5248541943751425
V9.mp4,170,0,1,0.5248541943751425
V9.mp4,171,0,1,0.5248541943751425
V9.mp4,172,0,1,0.5248541943751425
V9.mp4,173,0,1,0.5248541943751425
V9.mp4,174,0,1,0.5248541943751425
V9.mp4,175,0,1,0.5248541943751425
V9.mp4,176,0,1,0.5248541943751425
V9.mp4,177,0,1,0.5248541943751425
V9.mp4,178,0,1,0.5248541943751425
V9.mp4,179,0,1,0.5248541943751425
V9.mp4,180,0,1,0.5248541943751425
V9.mp4,181,0,1,0.5248541943751425
V9.mp4,182,0,1,0.5248541943751425
V9.mp4,183,0,1,0.5248541943751425
V9.mp4,184,0,1,0.5248541943751425
V9.mp4,185,0,1,0.5248541943751425
V9.mp4,186,0,1,0.5248541943751425
V9.mp4,187,0,1,0.5248541943751425
V9.mp4,188,0,1,0.5248541943751425
V9.mp4,189,0,1,0.5248541943751425
V9.mp4,190,0,1,0.5248541943751425
V9.mp4,191,0,1,0.5248541943751425
V9.mp4,192,0,1,0.5248541943751425
V9.mp4,193,0,1,0.5248541943751425
V9.mp4,194,0,1,0.5248541943751425
V9.mp4,195,0,1,0.5248541943751425
V9.mp4,196,0,1,0.5248541943751425
V9.mp4,197,0,1,0.5248541943751425
V9.mp4,198,0,1,0.5248541943751425
V9.mp4,199,0,1,0.5248541943751425
V9.mp4,200,0,1,0.5248541943751425
V9.mp4,201,0,1,0.5248541943751425
V9.mp4,202,0,1,0.5248541943751425
V9.mp4,203,0,1,0.5248541943751425
V9.mp4,204,0,1,0.5248541943751425
V9.mp4,205,0,1,0.5248541943751425
V9.mp4,206,0,1,0.5248541943751425
V9.mp4,207,0,1,0.5248541943751425
V9.mp4,208,0,1,0.5248541943751425
V9.mp4,209,0,1,0.5248541943751425
V9.mp4,210,0,1,0.5248541943751425
V9.mp4,211,0,1,0.5248541943751425
V9.mp4,212,0,1,0.5248541943751425
V9.mp4,213,0,1,0.5248541943751425
V9.mp4,214,0,1,0.5248541943751425
V9.mp4,215,0,1,0.5248541943751425
V9.mp4,216,0,1,0.5248541943751425
V9.mp4,217,0,1,0.5248541943751425
V9.mp4,218,0,1,0.5248541943751425
V9.mp4,219,0,1,0.5248541943751425
V9.mp4,220,0,1,0.5248541943751425
V9.mp4,221,0,1,0.5248541943751425
V9.mp4,222,0,1,0.5248541943751425
V9.mp4,223,0,1,0.5248541943751425
V9.mp4,224,0,1,0.5248541943751425
V9.mp4,225,0,1,0.5248541943751425
V9.mp4,226,0,1,0.5248541943751425
V9.mp4,227,0,1,0.5248541943751425
V9.mp4,228,0,1,0.5248541943751425
V9.mp4,229,0,1,0.5248541943751425
V9.mp4,230,0,1,0.5248541943751425
V9.mp4,231,0,1,0.5248541943751425
V9.mp4,232,0,1,0.5248541943751425
V9.mp4,233,0,1,0.5248541943751425
V9.mp4,234,0,1,0.5248541943751425
V9.mp4,235,0,1,0.5248541943751425
V9.mp4,236,0,1,0.5248541943751425
V9.mp4,237,0,1,0.5248541943751425
V9.mp4,238,0,1,0.5248541943751425
V9.mp4,239,0,1,0.5248541943751425
V9.mp4,240,0,1,0.5248541943751425
V9.mp4,241,1,1,0.5248541943751425
V9.mp4,242,1,1,0.5248541943751425
V9.mp4,243,1,1,0.5248541943751425
V9.mp4,244,1,1,0.5248541943751425
V9.mp4,245,1,1,0.5248541943751425
V9.mp4,246,0,1,0.5248541943751425
V9.mp4,247,0,1,0.5248541943751425
V9.mp4,248,0,1,0.5248541943751425
V9.mp4,249,0,1,0.5248541943751425
V9.mp4,250,0,1,0.5248541943751425
V9.mp4,251,0,1,0.5248541943751425
V9.mp4,252,0,1,0.5248541943751425
V9.mp4,253,0,1,0.5248541943751425
V9.mp4,254,0,1,0.5248541943751425
V9.mp4,255,0,1,0.5248541943751425
V9.mp4,256,0,1,0.5248541943751425
V9.mp4,257,0,1,0.5248541943751425
V9.mp4,258,0,1,0.5248541943751425
V9.mp4,259,0,1,0.5248541943751425
V9.mp4,260,0,1,0.5248541943751425
V9.mp4,261,0,1,0.5248541943751425
V9.mp4,262,0,1,0.5248541943751425
V9.mp4,263,0,1,0.5248541943751425
V9.mp4,264,0,1,0.5248541943751425
V9.mp4,265,0,1,0.5248541943751425
V9.mp4,266,0,1,0.5248541943751425
V9.mp4,267,0,1,0.5248541943751425
V9.mp4,268,0,1,0.5248541943751425
V9.mp4,269,0,1,0.5248541943751425
V9.mp4,270,0,1,0.5248541943751425
V9.mp4,271,0,1,0.5248541943751425
V9.mp4,272,0,1,0.5248541943751425
V9.mp4,273,0,1,0.5248541943751425
V9.mp4,274,0,1,0.5248541943751425
V9.mp4,275,0,1,0.5248541943751425
V9.mp4,276,0,1,0.5248541943751425
V9.mp4,277,0,1,0.5248541943751425
V9.mp4,278,0,1,0.5248541943751425
V9.mp4,279,0,1,0.5248541943751425
V9.mp4,280,0,1,0.5248541943751425
V9.mp4,281,0,1,0.5248541943751425
V9.mp4,282,0,1,0.5248541943751425
V9.mp4,283,0,1,0.5248541943751425
V9.mp4,284,0,1,0.5248541943751425
V9.mp4,285,0,1,0.5248541943751425
V9.mp4,286,0,1,0.5248541943751425
V9.mp4,287,0,1,0.5248541943751425
V9.mp4,288,0,1,0.5248541943751425
V9.mp4,289,0,1,0.5248541943751425
V9.mp4,290,0,1,0.5248541943751425
V9.mp4,291,0,1,0.5248541943751425
V9.mp4,292,0,1,0.5248541943751425
V9.mp4,293,0,1,0.5248541943751425
V9.mp4,294,0,1,0.5248541943751425
V9.mp4,295,0,1,0.5248541943751425
V9.mp4,296,0,1,0.5248541943751425
V9.mp4,297,0,1,0.5248541943751425
V9.mp4,298,0,1,0.5248541943751425
V9.mp4,299,0,1,0.5248541943751425
V9.mp4,300,0,1,0.5248541943751425
V9.mp4,301,0,1,0.5248541943751425
V9.mp4,302,0,1,0.5248541943751425
V9.mp4,303,0,1,0.5248541943751425
