video_name,center_frame,true_label,pred_label,score
V1.mp4,1,0,0,0.20697560664643325
V1.mp4,2,0,0,0.2569691144332216
V1.mp4,3,0,0,0.37174155694570893
V1.mp4,4,0,0,0.4674377318344921
V1.mp4,5,0,1,0.5782281650714396
V1.mp4,6,0,0,0.4162715989488592
V1.mp4,7,0,0,0.3727970152062031
V1.mp4,8,0,0,0.3601316195977591
V1.mp4,9,0,0,0.35958672980751927
V1.mp4,10,0,0,0.36831437610324214
V1.mp4,11,0,0,0.3427794242672424
V1.mp4,12,0,0,0.3165084835557108
V1.mp4,13,0,0,0.3156992361828029
V1.mp4,14,0,0,0.3033032003903061
V1.mp4,15,0,0,0.3011811040597008
V1.mp4,16,0,0,0.30791142326296056
V1.mp4,17,0,0,0.31488388545545065
V1.mp4,18,0,0,0.3229182934867919
V1.mp4,19,0,0,0.3206632478496049
V1.mp4,20,0,0,0.32184775583727954
V1.mp4,21,0,0,0.29550571985348695
V1.mp4,22,0,0,0.3054613530496687
V1.mp4,23,0,0,0.3329071108618147
V1.mp4,24,0,0,0.39035045177741184
V1.mp4,25,0,0,0.41334572309006423
V1.mp4,26,0,0,0.4718073187220443
V1.mp4,27,0,0,0.4105271657599103
V1.mp4,28,0,0,0.3114079965188821
V1.mp4,29,0,0,0.42589003433625977
V1.mp4,30,0,0,0.36035494317345595
V1.mp4,31,0,0,0.3372648863538963
V1.mp4,32,0,0,0.3931936066856648
V1.mp4,33,0,0,0.39096896170419976
V1.mp4,34,0,0,0.3703510419565648
V1.mp4,35,0,0,0.3542848019498092
V1.mp4,36,0,0,0.3993634521400979
V1.mp4,37,0,0,0.43585985958780005
V1.mp4,38,0,0,0.4857072514441507
V1.mp4,39,0,0,0.4297484702425794
V1.mp4,40,0,0,0.361143105986414
V1.mp4,41,0,0,0.3438234224003579
V1.mp4,42,0,0,0.3301990570959954
V1.mp4,43,0,0,0.3114177595813742
V1.mp4,44,0,0,0.3434122846480489
V1.mp4,45,0,0,0.3758553111363509
V1.mp4,46,0,0,0.37574570789279393
V1.mp4,47,0,0,0.3908943351084647
V1.mp4,48,0,0,0.4150902633016967
V1.mp4,49,0,0,0.4654123001357332
V1.mp4,50,0,0,0.47405844876349296
V1.mp4,51,0,0,0.459098944997462
V1.mp4,52,0,0,0.3475382916407897
V1.mp4,53,0,0,0.37885015921853815
V1.mp4,54,0,0,0.31241304920667995
V1.mp4,55,0,0,0.30482156341635824
V1.mp4,56,0,0,0.29771816563923403
V1.mp4,57,0,0,0.3611863559128738
V1.mp4,58,0,0,0.339395467202775
V1.mp4,59,0,0,0.33757865104250917
V1.mp4,60,0,0,0.3352161515228538
V1.mp4,61,0,0,0.3858165379620308
V1.mp4,62,0,0,0.33973435375703026
V1.mp4,63,0,0,0.3319540849006316
V1.mp4,64,0,0,0.32412382998269007
V1.mp4,65,0,0,0.3469971355246965
V1.mp4,66,0,0,0.32399173104088635
V1.mp4,67,0,0,0.3399813464472701
V1.mp4,68,0,0,0.34997119537176596
V1.mp4,69,0,0,0.34179699070692016
V1.mp4,70,0,0,0.3543668050910355
V1.mp4,71,0,0,0.3642898715755583
V1.mp4,72,0,0,0.39418535153754036
V1.mp4,73,0,0,0.32495306747786445
V1.mp4,74,0,0,0.306424529584979
V1.mp4,75,0,0,0.295906805742893
V1.mp4,76,0,0,0.32054344811541396
V1.mp4,77,0,0,0.31368865655885897
V1.mp4,78,0,0,0.3195320369080207
V1.mp4,79,0,0,0.3228463655432532
V1.mp4,80,0,0,0.32626559243153336
V1.mp4,81,0,0,0.34251111911688825
V1.mp4,82,0,0,0.35568899694293526
V1.mp4,83,0,0,0.36978148302018904
V1.mp4,84,0,0,0.37314727795834535
V1.mp4,85,0,0,0.40819642410296714
V1.mp4,86,0,0,0.3938462251205059
V1.mp4,87,0,0,0.3897675212237164
V1.mp4,88,0,0,0.3625892594356433
V1.mp4,89,0,0,0.35036323585193274
V1.mp4,90,0,0,0.31865534094465076
V1.mp4,91,0,0,0.3333448286912153
V1.mp4,92,0,0,0.33349971105440146
V1.mp4,93,0,0,0.35143966606143145
V1.mp4,94,0,0,0.4012741824156507
V1.mp4,95,0,0,0.47417781507719436
V1.mp4,96,0,1,0.5696772582886711
V1.mp4,97,0,1,0.5792477378041261
V1.mp4,98,0,1,0.5251104244714375
V1.mp4,99,0,0,0.4842363338459466
V1.mp4,100,0,0,0.4359184367355064
V1.mp4,101,0,0,0.3783587111633388
V1.mp4,102,0,0,0.30221267740495983
V1.mp4,103,0,0,0.2927440146339282
V1.mp4,104,0,0,0.2879108435350011
V1.mp4,105,0,0,0.2997467032184062
V1.mp4,106,0,0,0.3241674627275272
V1.mp4,107,0,0,0.3341343303769382
V1.mp4,108,0,0,0.3569594190646867
V1.mp4,109,0,0,0.38954774792683183
V1.mp4,110,0,0,0.4114766170738984
V1.mp4,111,0,0,0.46912658886654
V1.mp4,112,0,1,0.5411787822539726
V1.mp4,113,0,0,0.3802169239855998
V1.mp4,114,0,1,0.6676971983563633
V1.mp4,115,0,1,0.7291443688148576
V1.mp4,116,0,1,0.8194376543416165
V1.mp4,117,0,1,0.8155468659963551
V1.mp4,118,0,1,0.8135247195140403
V1.mp4,119,0,1,0.5796810166799782
V1.mp4,120,1,1,0.5662072957970269
V1.mp4,121,1,1,0.5192682474344263
V1.mp4,122,1,0,0.34956372831585286
V1.mp4,123,1,0,0.3792977104045296
V1.mp4,124,1,0,0.32589494022584986
V1.mp4,125,0,0,0.28783418346335743
V1.mp4,126,0,0,0.24884612651274798
V1.mp4,127,0,0,0.24737920068473962
V1.mp4,128,0,0,0.2601855572440656
V1.mp4,129,0,0,0.2777834657295134
V1.mp4,130,0,0,0.3025037769576186
V1.mp4,131,0,0,0.3275698847928945
V1.mp4,132,0,0,0.31815917162724733
V1.mp4,133,0,0,0.3357925673533492
V1.mp4,134,0,0,0.3156341033352165
V1.mp4,135,0,0,0.318380180709678
V1.mp4,136,0,0,0.32355117026132857
V1.mp4,137,0,0,0.3038553757285135
V1.mp4,138,0,0,0.34113358092692825
V1.mp4,139,0,0,0.3870885116766341
V1.mp4,140,0,0,0.3870714150995038
V1.mp4,141,0,0,0.34402465567561785
V1.mp4,142,0,0,0.31435828824893336
V1.mp4,143,0,0,0.28544109018965275
V1.mp4,144,0,0,0.26791908355719224
V1.mp4,145,0,0,0.2815632288748063
V1.mp4,146,0,0,0.37298917245389285
V1.mp4,147,0,0,0.4354481702181755
V1.mp4,148,0,1,0.512867158676218
V1.mp4,149,0,1,0.5107689317578042
V1.mp4,150,0,0,0.47652941417009453
V1.mp4,151,0,0,0.398620692747538
V1.mp4,152,0,0,0.3676415703275447
V1.mp4,153,0,0,0.3531706061903214
V1.mp4,154,0,0,0.37272262144846635
V1.mp4,155,0,0,0.3644048344209915
V1.mp4,156,0,0,0.3734997897444576
V1.mp4,157,0,0,0.3440137195042482
V1.mp4,158,0,0,0.35702761619021495
V1.mp4,159,0,0,0.38804435856005276
V1.mp4,160,0,0,0.4871395685822352
V1.mp4,161,0,0,0.43596931593319177
V1.mp4,162,0,0,0.4317690183913532
V1.mp4,163,0,0,0.4265311158559382
V1.mp4,164,0,0,0.45148374936895463
V1.mp4,165,0,0,0.367771319381326
V1.mp4,166,0,0,0.4029979612143358
V1.mp4,167,0,0,0.3618444480359448
V1.mp4,168,0,0,0.35536066191575005
V1.mp4,169,0,0,0.3466586752423002
V1.mp4,170,0,0,0.3428558973201591
V1.mp4,171,0,0,0.35224088156079725
V1.mp4,172,0,0,0.3648485375649438
V1.mp4,173,0,0,0.36954180988177526
V1.mp4,174,0,0,0.3481304191684215
V1.mp4,175,0,0,0.33809656374994046
V1.mp4,176,0,0,0.32783884721794926
V1.mp4,177,0,0,0.3462528633830911
V1.mp4,178,0,0,0.34957392254408876
V1.mp4,179,0,0,0.34068514550293405
V1.mp4,180,0,0,0.34646475038610497
V1.mp4,181,0,0,0.34255033446081334
V1.mp4,182,0,0,0.34779429992236904
V1.mp4,183,0,0,0.3707528611630767
V1.mp4,184,0,0,0.3531373285128176
V1.mp4,185,0,0,0.35211667645148564
V1.mp4,186,0,0,0.30288133846565274
V1.mp4,187,0,0,0.3005355044699632
V1.mp4,188,0,0,0.32249669225195826
V1.mp4,189,0,0,0.3424435174637118
V1.mp4,190,0,0,0.3580556727392602
V1.mp4,191,0,0,0.35816794379738176
V1.mp4,192,0,0,0.36490339839390273
V1.mp4,193,0,0,0.3770701206716792
V1.mp4,194,0,0,0.3663544408144941
V1.mp4,195,0,0,0.35081976762134054
V1.mp4,196,0,0,0.3360687192811389
V1.mp4,197,0,0,0.34918355857197664
V1.mp4,198,0,0,0.33970877300999686
V1.mp4,199,0,0,0.35401274451387144
V1.mp4,200,0,0,0.3545419643583475
V1.mp4,201,0,0,0.3576671103433282
V1.mp4,202,0,0,0.35171902612666917
V1.mp4,203,0,0,0.4006691459385235
V1.mp4,204,0,0,0.4251531323209894
V1.mp4,205,0,0,0.4067601311518279
V1.mp4,206,0,0,0.38959451962109737
V1.mp4,207,0,0,0.4034031913820457
V1.mp4,208,0,0,0.37489943461596903
V1.mp4,209,0,0,0.37631068002354234
V1.mp4,210,0,0,0.3778084735040118
V1.mp4,211,0,0,0.41158334642976696
V1.mp4,212,0,0,0.4005611309932
V1.mp4,213,0,0,0.42467122983240313
V1.mp4,214,0,0,0.374667363699206
V1.mp4,215,0,0,0.3806368156386473
V1.mp4,216,0,0,0.40091956628443737
V1.mp4,217,0,0,0.3585395233655418
V1.mp4,218,0,0,0.374587304191592
V1.mp4,219,0,0,0.351683513664143
V1.mp4,220,0,0,0.34187520522382187
V1.mp4,221,0,0,0.3234488913970613
V1.mp4,222,0,0,0.35647975493619516
V1.mp4,223,0,0,0.3597051847998196
V1.mp4,224,0,0,0.37850939034653847
V1.mp4,225,0,0,0.406533827990006
V1.mp4,226,0,0,0.4245255884064899
V1.mp4,227,0,0,0.409008286243303
V1.mp4,228,0,0,0.34999443512323164
V1.mp4,229,0,0,0.34864903640759964
V1.mp4,230,0,0,0.3888598888300358
V1.mp4,231,0,0,0.431853426365438
V1.mp4,232,0,1,0.5219818186529029
V1.mp4,233,0,0,0.460524428774044
V1.mp4,234,0,0,0.3445810783372164
V1.mp4,235,0,0,0.29468666218852446
V1.mp4,236,0,0,0.3342362584288941
V1.mp4,237,0,0,0.32191669407874013
V1.mp4,238,0,0,0.3202332424087518
V1.mp4,239,0,0,0.3202332424087518
V1.mp4,240,0,0,0.3202332424087518
V1.mp4,241,0,0,0.3202332424087518
V1.mp4,242,0,0,0.3202332424087518
V1.mp4,243,0,0,0.3202332424087518
V1.mp4,244,0,0,0.3202332424087518
V1.mp4,245,0,0,0.3202332424087518
V1.mp4,246,0,0,0.3202332424087518
V1.mp4,247,0,0,0.3202332424087518
V1.mp4,248,0,0,0.3202332424087518
V1.mp4,249,0,0,0.3202332424087518
V1.mp4,250,0,0,0.3202332424087518
V1.mp4,251,0,0,0.3202332424087518
V1.mp4,252,0,0,0.3202332424087518
V1.mp4,253,0,0,0.3202332424087518
V1.mp4,254,0,0,0.3202332424087518
V1.mp4,255,0,0,0.3202332424087518
V1.mp4,256,0,0,0.3202332424087518
V1.mp4,257,0,0,0.3202332424087518
V1.mp4,258,0,0,0.3202332424087518
V1.mp4,259,0,0,0.3202332424087518
V1.mp4,260,0,0,0.3202332424087518
V1.mp4,261,0,0,0.3202332424087518
V1.mp4,262,0,0,0.3202332424087518
V1.mp4,263,0,0,0.3202332424087518
V1.mp4,264,0,0,0.3202332424087518
V1.mp4,265,0,0,0.3202332424087518
V1.mp4,266,0,0,0.3202332424087518
V1.mp4,267,0,0,0.3202332424087518
V1.mp4,268,0,0,0.3202332424087518
V1.mp4,269,0,0,0.3202332424087518
V1.mp4,270,0,0,0.3202332424087518
V1.mp4,271,0,0,0.3202332424087518
V1.mp4,272,0,0,0.3202332424087518
V1.mp4,273,0,0,0.3202332424087518
V1.mp4,274,0,0,0.3202332424087518
V1.mp4,275,0,0,0.3202332424087518
V1.mp4,276,0,0,0.3202332424087518
V1.mp4,277,0,0,0.3202332424087518
V1.mp4,278,0,0,0.3202332424087518
V1.mp4,279,0,0,0.3202332424087518
V1.mp4,280,0,0,0.3202332424087518
V1.mp4,281,0,0,0.3202332424087518
V1.mp4,282,0,0,0.3202332424087518
V1.mp4,283,0,0,0.3202332424087518
V1.mp4,284,0,0,0.3202332424087518
V1.mp4,285,0,0,0.3202332424087518
V10.mp4,1,0,0,0.43881730701268673
V10.mp4,2,0,1,0.5795332672469028
V10.mp4,3,0,1,0.7817382787168559
V10.mp4,4,0,1,0.8003058109530647
V10.mp4,5,0,1,0.8993209854943152
V10.mp4,6,0,1,0.8746814611051682
V10.mp4,7,0,1,0.826543365232538
V10.mp4,8,0,1,0.6912231269527681
V10.mp4,9,0,1,0.6590401827509531
V10.mp4,10,0,1,0.5933781055262681
V10.mp4,11,0,1,0.5308995842977838
V10.mp4,12,0,0,0.43167758430823894
V10.mp4,13,0,0,0.38832909461635884
V10.mp4,14,0,0,0.4050478345484036
V10.mp4,15,0,0,0.36306088254028684
V10.mp4,16,0,0,0.35810865924186713
V10.mp4,17,0,0,0.3279998341894637
V10.mp4,18,0,0,0.3002408342816423
V10.mp4,19,0,0,0.4014232296500372
V10.mp4,20,0,0,0.49743204381887923
V10.mp4,21,0,1,0.6860018080852452
V10.mp4,22,0,1,0.7121612219692428
V10.mp4,23,0,1,0.6386806368160884
V10.mp4,24,0,0,0.4496291389732258
V10.mp4,25,0,0,0.3910980351847418
V10.mp4,26,0,0,0.4164594141297834
V10.mp4,27,0,0,0.4240981215864935
V10.mp4,28,0,0,0.43265099683369584
V10.mp4,29,0,0,0.43032881617014407
V10.mp4,30,0,0,0.461728718509794
V10.mp4,31,0,0,0.47342201724599403
V10.mp4,32,0,1,0.5053207004752236
V10.mp4,33,0,0,0.45847735375357074
V10.mp4,34,0,0,0.4427661901319553
V10.mp4,35,0,0,0.34381514356034765
V10.mp4,36,0,0,0.3166370709451776
V10.mp4,37,0,0,0.3354032882770759
V10.mp4,38,0,0,0.3589936778149638
V10.mp4,39,0,0,0.41272133774995207
V10.mp4,40,0,0,0.40654141254209425
V10.mp4,41,0,0,0.4210016290987138
V10.mp4,42,0,0,0.4295088132059211
V10.mp4,43,0,0,0.4218920599497921
V10.mp4,44,0,0,0.41343900609566564
V10.mp4,45,0,0,0.42504417010625967
V10.mp4,46,0,0,0.4338165196468443
V10.mp4,47,0,0,0.458906469279439
V10.mp4,48,0,0,0.4427206718405171
V10.mp4,49,0,0,0.4562913156326564
V10.mp4,50,0,0,0.47488186332827825
V10.mp4,51,0,1,0.5200272209678835
V10.mp4,52,0,1,0.5204777487780637
V10.mp4,53,0,1,0.5857611985735283
V10.mp4,54,0,0,0.49995666281641954
V10.mp4,55,0,0,0.4299504341239231
V10.mp4,56,0,0,0.4127071068439335
V10.mp4,57,0,0,0.3865777707505432
V10.mp4,58,0,0,0.3982969259661211
V10.mp4,59,0,0,0.4143183261671904
V10.mp4,60,0,0,0.42451227603936637
V10.mp4,61,0,0,0.4192102798724498
V10.mp4,62,0,0,0.3927854747733168
V10.mp4,63,0,0,0.39413376975316533
V10.mp4,64,0,0,0.3763390567886107
V10.mp4,65,0,0,0.37181065030730087
V10.mp4,66,0,0,0.34200447843559895
V10.mp4,67,0,0,0.34615138814760416
V10.mp4,68,0,0,0.3449768921816126
V10.mp4,69,0,0,0.35182382921904637
V10.mp4,70,0,0,0.363369541378441
V10.mp4,71,0,0,0.35828060389716576
V10.mp4,72,0,0,0.38427101183324985
V10.mp4,73,0,0,0.4138956454422277
V10.mp4,74,0,0,0.4262602043685048
V10.mp4,75,0,0,0.4034059023139174
V10.mp4,76,0,0,0.42818182548979855
V10.mp4,77,0,0,0.3987278326427553
V10.mp4,78,0,0,0.36821581776867074
V10.mp4,79,0,0,0.34746712177061884
V10.mp4,80,0,0,0.3453819500760015
V10.mp4,81,0,0,0.35721529806490726
V10.mp4,82,0,0,0.3639351224206483
V10.mp4,83,0,0,0.3798406804977617
V10.mp4,84,0,0,0.3815177247993479
V10.mp4,85,0,0,0.38173630405689957
V10.mp4,86,0,0,0.4028289279189812
V10.mp4,87,0,0,0.3887886470236582
V10.mp4,88,0,0,0.42600973629723804
V10.mp4,89,0,0,0.44684800870492075
V10.mp4,90,0,0,0.43584827712549323
V10.mp4,91,0,0,0.4200666305229506
V10.mp4,92,0,0,0.40412942369872396
V10.mp4,93,0,0,0.3899190674369109
V10.mp4,94,0,0,0.360284537825233
V10.mp4,95,0,0,0.35369204922566355
V10.mp4,96,0,0,0.37448737583987635
V10.mp4,97,0,0,0.37139626883896737
V10.mp4,98,0,0,0.4092358134801433
V10.mp4,99,0,0,0.3992478379350052
V10.mp4,100,0,0,0.3957989128587872
V10.mp4,101,0,0,0.41735059948246706
V10.mp4,102,0,0,0.37918279937065635
V10.mp4,103,0,0,0.3783912002390531
V10.mp4,104,0,0,0.3800831704527828
V10.mp4,105,0,0,0.3763565889384408
V10.mp4,106,0,0,0.35181125907085325
V10.mp4,107,0,0,0.33476706130379524
V10.mp4,108,0,0,0.33669733485948455
V10.mp4,109,0,0,0.29882458323819616
V10.mp4,110,0,0,0.3029598687874315
V10.mp4,111,0,0,0.3168493795183842
V10.mp4,112,0,0,0.32068777248146113
V10.mp4,113,0,0,0.3853569657165031
V10.mp4,114,0,0,0.4400472837642672
V10.mp4,115,0,1,0.5493096938253128
V10.mp4,116,0,1,0.6792073490269699
V10.mp4,117,0,1,0.7740905335333376
V10.mp4,118,0,1,0.8639131940398201
V10.mp4,119,0,1,0.8878815070681945
V10.mp4,120,0,1,0.8785710753566338
V10.mp4,121,0,1,0.8626456445786369
V10.mp4,122,0,1,0.8170805052292806
V10.mp4,123,0,1,0.7464033468535013
V10.mp4,124,0,1,0.6874222576541952
V10.mp4,125,0,1,0.6507978088028669
V10.mp4,126,0,1,0.6198291465725999
V10.mp4,127,0,1,0.6837722103961823
V10.mp4,128,0,1,0.6374595972359453
V10.mp4,129,0,1,0.696129247064678
V10.mp4,130,0,1,0.7974935998660814
V10.mp4,131,0,1,0.8033827799493479
V10.mp4,132,0,1,0.8030191179304281
V10.mp4,133,0,1,0.7829275293052949
V10.mp4,134,0,1,0.7636636389429772
V10.mp4,135,0,1,0.7214897814849702
V10.mp4,136,0,1,0.6795433453605023
V10.mp4,137,0,1,0.6185848289519901
V10.mp4,138,0,1,0.5991623788071002
V10.mp4,139,0,1,0.5600391855906455
V10.mp4,140,0,1,0.5169997914454328
V10.mp4,141,0,0,0.46735515927614124
V10.mp4,142,0,1,0.5529327478626628
V10.mp4,143,0,1,0.5132552178660789
V10.mp4,144,0,1,0.6066533982219291
V10.mp4,145,0,1,0.6155875014141889
V10.mp4,146,0,0,0.4809712873843689
V10.mp4,147,0,0,0.39496200675523563
V10.mp4,148,0,0,0.34266308089520936
V10.mp4,149,0,0,0.3360947026261027
V10.mp4,150,0,0,0.3702261237696192
V10.mp4,151,0,0,0.3998818342502213
V10.mp4,152,0,0,0.3951390671262798
V10.mp4,153,0,0,0.37301915992576457
V10.mp4,154,0,0,0.3613211052602766
V10.mp4,155,0,0,0.37200884619307306
V10.mp4,156,0,0,0.3624390549803345
V10.mp4,157,0,0,0.35221702697131546
V10.mp4,158,0,0,0.3318269615447189
V10.mp4,159,0,0,0.3295515606454912
V10.mp4,160,0,0,0.37021262134866056
V10.mp4,161,0,0,0.37745060603230757
V10.mp4,162,0,0,0.4284503395162347
V10.mp4,163,0,0,0.4544074151153043
V10.mp4,164,0,1,0.5024000495839984
V10.mp4,165,0,1,0.5660050779616715
V10.mp4,166,0,1,0.5901968580249993
V10.mp4,167,0,1,0.6064544228933618
V10.mp4,168,0,1,0.775835776572142
V10.mp4,169,0,1,0.8099987291669097
V10.mp4,170,0,1,0.8242764565044569
V10.mp4,171,0,1,0.8000668189667761
V10.mp4,172,0,1,0.8406468372740409
V10.mp4,173,0,1,0.8278611835377451
V10.mp4,174,0,1,0.8097874479703374
V10.mp4,175,0,1,0.7489665727948296
V10.mp4,176,0,1,0.728541680937738
V10.mp4,177,0,1,0.5986127522864622
V10.mp4,178,0,0,0.43137802827702404
V10.mp4,179,0,0,0.2959095531937005
V10.mp4,180,0,0,0.3223295039344312
V10.mp4,181,0,0,0.2956891266221006
V10.mp4,182,0,0,0.31690773781082293
V10.mp4,183,0,0,0.3376058803751569
V10.mp4,184,0,0,0.36388785852906513
V10.mp4,185,0,0,0.37205528759338696
V10.mp4,186,0,0,0.41878948437592023
V10.mp4,187,0,0,0.4734040451934226
V10.mp4,188,0,1,0.5475513946733351
V10.mp4,189,0,1,0.5387088586195624
V10.mp4,190,0,0,0.478047421868241
V10.mp4,191,0,0,0.4262732717086449
V10.mp4,192,0,0,0.37225568943280446
V10.mp4,193,0,0,0.35549143170891634
V10.mp4,194,0,0,0.3592965813357033
V10.mp4,195,0,0,0.3928697115096754
V10.mp4,196,0,0,0.41722140521722717
V10.mp4,197,0,0,0.42539768953421797
V10.mp4,198,0,1,0.5081794255028287
V10.mp4,199,0,1,0.5404022757269316
V10.mp4,200,0,1,0.5650585250333048
V10.mp4,201,0,1,0.5897708989109306
V10.mp4,202,0,1,0.669037587733096
V10.mp4,203,0,1,0.7095351241734359
V10.mp4,204,0,1,0.7874425592200839
V10.mp4,205,0,1,0.9734810010886307
V10.mp4,206,0,1,0.8442704110089034
V10.mp4,207,0,1,0.8828166498533714
V10.mp4,208,0,1,0.9089698201656304
V10.mp4,209,0,1,0.944040043358951
V10.mp4,210,0,1,0.8230512626650714
V10.mp4,211,0,1,0.8309196708268813
V10.mp4,212,0,1,0.8135587794852798
V10.mp4,213,0,0,0.4594557326184605
V10.mp4,214,0,0,0.4610765984317156
V10.mp4,215,0,1,0.5347575673550052
V10.mp4,216,0,1,0.5216820247992843
V10.mp4,217,0,1,0.5920125467711095
V10.mp4,218,0,1,0.517465384308188
V10.mp4,219,0,0,0.47764610428263266
V10.mp4,220,0,0,0.4384125493812495
V10.mp4,221,0,0,0.4895428097520232
V10.mp4,222,0,0,0.4552915201950827
V10.mp4,223,0,0,0.4584945001893349
V10.mp4,224,0,0,0.48739468372908507
V10.mp4,225,0,1,0.5302923464401745
V10.mp4,226,0,1,0.5523649963485846
V10.mp4,227,0,1,0.5846206828446153
V10.mp4,228,0,1,0.6390292492531654
V10.mp4,229,0,1,0.6778518591129695
V10.mp4,230,0,1,0.64636085786366
V10.mp4,231,0,1,0.5770202764524992
V10.mp4,232,0,1,0.6830789908445419
V10.mp4,233,0,1,0.7098727045873999
V10.mp4,234,0,1,0.7480592813692815
V10.mp4,235,0,1,0.7399139798474342
V10.mp4,236,0,1,0.7745386208076064
V10.mp4,237,0,1,0.7709914283550432
V10.mp4,238,0,1,0.726396035422203
V10.mp4,239,0,1,0.6931119461003451
V10.mp4,240,0,1,0.6203437705355354
V10.mp4,241,0,1,0.5573178940227556
V10.mp4,242,0,1,0.5376288313738028
V10.mp4,243,0,1,0.5011567404871201
V10.mp4,244,0,0,0.49550558302915265
V10.mp4,245,0,1,0.534257586760426
V10.mp4,246,0,1,0.5764264131415524
V10.mp4,247,0,1,0.5883183893504778
V10.mp4,248,0,1,0.5813000133353756
V10.mp4,249,0,1,0.5268472805418681
V10.mp4,250,0,0,0.47126347288260173
V10.mp4,251,0,0,0.41862928473459393
V10.mp4,252,0,0,0.36069358547957464
V10.mp4,253,0,0,0.3348022276541289
V10.mp4,254,0,0,0.3134207312883166
V10.mp4,255,0,0,0.30524044086222824
V10.mp4,256,0,0,0.3190554906264379
V10.mp4,257,0,0,0.35700205375666255
V10.mp4,258,0,0,0.3980807206853096
V10.mp4,259,0,0,0.42393467892336245
V10.mp4,260,0,0,0.39459825768946777
V10.mp4,261,0,0,0.3805124694599806
V10.mp4,262,0,0,0.35893900124268124
V10.mp4,263,0,0,0.3384641240232133
V10.mp4,264,0,0,0.32756990764993715
V10.mp4,265,0,0,0.3479044796179521
V10.mp4,266,0,0,0.32881588022345554
V10.mp4,267,0,0,0.32469406837305037
V10.mp4,268,0,0,0.33776938312051646
V10.mp4,269,0,0,0.3777612251352144
V10.mp4,270,0,0,0.3764478182453589
V10.mp4,271,0,0,0.3820517938090076
V10.mp4,272,0,0,0.38533512987374574
V10.mp4,273,0,0,0.416216049718324
V10.mp4,274,0,0,0.44417931574973296
V10.mp4,275,0,0,0.49601723370189654
V10.mp4,276,0,1,0.5029785203788968
V10.mp4,277,0,0,0.4734387068016063
V10.mp4,278,0,0,0.4335882156148378
V10.mp4,279,0,0,0.4222155414637933
V10.mp4,280,0,0,0.4209708469413298
V10.mp4,281,0,0,0.4153296383057965
V10.mp4,282,0,0,0.44756718366479015
V10.mp4,283,0,0,0.44685883711342356
V10.mp4,284,0,0,0.4043581837244804
V10.mp4,285,0,0,0.3825778712014244
V10.mp4,286,0,0,0.36433502465629597
V10.mp4,287,0,0,0.3872828145359013
V10.mp4,288,0,0,0.4423719148182339
V10.mp4,289,0,1,0.5039477610980164
V10.mp4,290,0,0,0.49175839645843855
V10.mp4,291,0,0,0.44613459105600267
V10.mp4,292,0,0,0.4014540645925433
V10.mp4,293,0,0,0.38899662447993705
V10.mp4,294,0,0,0.4126890616574797
V10.mp4,295,0,0,0.4001604336782953
V10.mp4,296,0,0,0.4246185741423741
V10.mp4,297,0,0,0.37618660204173854
V10.mp4,298,0,0,0.35626799115330854
V10.mp4,299,0,0,0.33004698694445744
V10.mp4,300,0,0,0.32061505161684006
V10.mp4,301,0,0,0.32221323196485335
V10.mp4,302,0,0,0.3544647681256414
V10.mp4,303,0,0,0.4148473821606784
V10.mp4,304,0,0,0.44798986656027634
V10.mp4,305,0,0,0.4639099877501082
V10.mp4,306,0,0,0.488726731417868
V10.mp4,307,0,0,0.4971144982013104
V10.mp4,308,0,1,0.5085561204413828
V10.mp4,309,0,0,0.4564397466113622
V10.mp4,310,0,0,0.38232812998109716
V10.mp4,311,0,0,0.3454785334756306
V10.mp4,312,0,0,0.3251230355878036
V10.mp4,313,0,0,0.30345126437529624
V10.mp4,314,0,0,0.3004126059707881
V10.mp4,315,0,0,0.27456339071608316
V10.mp4,316,0,0,0.2903032095350094
V10.mp4,317,0,0,0.35732056488769615
V10.mp4,318,0,0,0.39992845756756334
V10.mp4,319,0,0,0.4592867270582545
V10.mp4,320,0,0,0.4452907829997893
V10.mp4,321,0,0,0.45865903620153814
V10.mp4,322,0,0,0.4974810935809126
V10.mp4,323,0,1,0.519466222929155
V10.mp4,324,0,0,0.4707805068589682
V10.mp4,325,0,0,0.36465220412275556
V10.mp4,326,0,0,0.3726791392932628
V10.mp4,327,0,0,0.4507535375466477
V10.mp4,328,0,1,0.5835317456217791
V10.mp4,329,0,1,0.6265051516231244
V10.mp4,330,0,1,0.6895032524851875
V10.mp4,331,0,1,0.5804202855372583
V10.mp4,332,0,1,0.507585253915245
V10.mp4,333,0,1,0.5992053225408567
V10.mp4,334,0,1,0.6915505099627922
V10.mp4,335,0,1,0.791373472548955
V10.mp4,336,0,1,0.7826900350270719
V10.mp4,337,0,1,0.7901534118386868
V10.mp4,338,0,1,0.80673016388637
V10.mp4,339,0,1,0.8262070798067411
V10.mp4,340,0,1,0.7590004339284938
V10.mp4,341,0,1,0.7229401826195406
V10.mp4,342,0,1,0.6618468760698296
V10.mp4,343,0,1,0.6428951342624147
V10.mp4,344,0,1,0.5694028913867123
V10.mp4,345,0,1,0.5218042907823027
V10.mp4,346,0,1,0.5059264107433397
V10.mp4,347,0,0,0.4945216996207759
V10.mp4,348,0,1,0.5325441007760292
V10.mp4,349,0,1,0.5175193202218484
V10.mp4,350,0,0,0.488178293557875
V10.mp4,351,0,0,0.4408106076301616
V10.mp4,352,0,0,0.41890421970633357
V10.mp4,353,0,0,0.39194856829148494
V10.mp4,354,0,0,0.387796686973734
V10.mp4,355,0,0,0.36243937996338293
V10.mp4,356,0,0,0.36396391966398023
V10.mp4,357,0,0,0.3357849509436549
V10.mp4,358,0,0,0.341744494992693
V10.mp4,359,0,0,0.32369479667292117
V10.mp4,360,0,0,0.3628668455638911
V10.mp4,361,0,0,0.3756293514471702
V10.mp4,362,0,0,0.3626183267759432
V10.mp4,363,0,0,0.3384298191037563
V10.mp4,364,0,0,0.30369110086334744
V10.mp4,365,0,0,0.28509072419832615
V10.mp4,366,0,0,0.31215912377860605
V10.mp4,367,0,0,0.33795705867161785
V10.mp4,368,0,0,0.404510838798629
V10.mp4,369,0,0,0.4854516852518441
V10.mp4,370,0,1,0.5288110030429938
V10.mp4,371,0,1,0.5724457885016645
V10.mp4,372,0,1,0.6481077912079595
V10.mp4,373,0,1,0.7911095101570479
V10.mp4,374,0,1,0.7608911569687858
V10.mp4,375,0,1,0.8105447561076403
V10.mp4,376,0,1,0.7905673182454604
V10.mp4,377,0,1,0.7634471451429105
V10.mp4,378,0,1,0.6910226513891206
V10.mp4,379,0,1,0.6549652776179131
V10.mp4,380,0,1,0.586141870905595
V10.mp4,381,0,1,0.5746192380568795
V10.mp4,382,0,0,0.4371869023515198
V10.mp4,383,0,0,0.4018755766913621
V10.mp4,384,0,0,0.4510780593218975
V10.mp4,385,0,0,0.45233081190315877
V10.mp4,386,0,1,0.502439816092373
V10.mp4,387,0,1,0.611737915665094
V10.mp4,388,0,1,0.8261335181512177
V10.mp4,389,0,1,0.8742496791201432
V10.mp4,390,0,1,0.9388715502875061
V10.mp4,391,0,1,0.8367469948182313
V10.mp4,392,1,1,0.6101480499850068
V10.mp4,393,1,1,0.5257686617412624
V10.mp4,394,1,1,0.5139651769109703
V10.mp4,395,1,1,0.5059968083056368
V10.mp4,396,1,0,0.4484361160478337
V10.mp4,397,0,1,0.5509012186965941
V10.mp4,398,0,1,0.6579408019863062
V10.mp4,399,0,1,0.7444273497699558
V10.mp4,400,0,1,0.7028353942816722
V10.mp4,401,0,1,0.7170366317268909
V10.mp4,402,0,1,0.7248842566488194
V10.mp4,403,0,1,0.6746632615041765
V10.mp4,404,0,1,0.6283908541766071
V10.mp4,405,0,1,0.5465016830606191
V10.mp4,406,0,0,0.46486825775849105
V10.mp4,407,0,0,0.43898317178593804
V10.mp4,408,0,0,0.48948757029097584
V10.mp4,409,0,1,0.5445393836232845
V10.mp4,410,0,1,0.5728385134135618
V10.mp4,411,0,1,0.6356240177535257
V10.mp4,412,0,1,0.6651631897397602
V10.mp4,413,0,1,0.7079250145225934
V10.mp4,414,0,1,0.7343197293164496
V10.mp4,415,0,1,0.737785035778042
V10.mp4,416,0,1,0.7433305814785078
V10.mp4,417,0,1,0.7116560651014455
V10.mp4,418,0,1,0.6225388174827285
V10.mp4,419,0,1,0.5817036126321059
V10.mp4,420,0,1,0.5376500051095877
V10.mp4,421,0,1,0.5209694177273108
V10.mp4,422,0,1,0.5386589958013779
V10.mp4,423,0,1,0.5539179855940146
V10.mp4,424,0,1,0.5556799579089866
V10.mp4,425,0,1,0.5684859583217307
V10.mp4,426,0,1,0.6002405959122614
V10.mp4,427,0,1,0.5710241370835152
V10.mp4,428,0,1,0.5173391614305721
V10.mp4,429,0,0,0.4720285431556599
V10.mp4,430,0,0,0.3899793479316812
V10.mp4,431,0,0,0.4487433900017685
V10.mp4,432,0,1,0.5347543078812204
V10.mp4,433,0,0,0.4733990090535726
V10.mp4,434,0,0,0.47141476773420926
V10.mp4,435,0,0,0.3324909077386265
V10.mp4,436,0,0,0.30418637229326995
V10.mp4,437,0,0,0.3003619360511152
V10.mp4,438,0,0,0.3068345050103389
V10.mp4,439,0,0,0.33699730041870335
V10.mp4,440,0,0,0.40790723463501616
V10.mp4,441,0,0,0.4347304861544735
V10.mp4,442,0,1,0.5047875297508947
V10.mp4,443,0,1,0.524170061067512
V10.mp4,444,0,1,0.5098863931625263
V10.mp4,445,0,0,0.44216376315047196
V10.mp4,446,0,0,0.3954268232298347
V10.mp4,447,0,0,0.3667985892447504
V10.mp4,448,0,0,0.33727185299063217
V10.mp4,449,0,0,0.3306635647240145
V10.mp4,450,0,0,0.3304725282997325
V10.mp4,451,0,0,0.36166176444233405
V10.mp4,452,0,0,0.35913828904383804
V10.mp4,453,0,0,0.3777138697805925
V10.mp4,454,0,0,0.3745419482628082
V10.mp4,455,0,0,0.3749192105069967
V10.mp4,456,0,0,0.3633164661826582
V10.mp4,457,0,0,0.3693562830617468
V10.mp4,458,0,0,0.36207280334410447
V10.mp4,459,0,0,0.3563151736609181
V10.mp4,460,0,0,0.33145161954553254
V10.mp4,461,0,0,0.34157684356168366
V10.mp4,462,0,0,0.36918227560847566
V10.mp4,463,0,0,0.3718649444544197
V10.mp4,464,0,0,0.36421186272756384
V10.mp4,465,0,0,0.36067025905331873
V10.mp4,466,0,0,0.35817842674797246
V10.mp4,467,0,0,0.3057764975256469
V10.mp4,468,0,0,0.30703742926965355
V10.mp4,469,0,0,0.31002533472788596
V10.mp4,470,0,0,0.3404447775676317
V10.mp4,471,0,0,0.3288166776061262
V10.mp4,472,0,0,0.3288166776061262
V10.mp4,473,0,0,0.3288166776061262
V10.mp4,474,0,0,0.3288166776061262
V10.mp4,475,0,0,0.3288166776061262
V10.mp4,476,0,0,0.3288166776061262
V10.mp4,477,0,0,0.3288166776061262
V10.mp4,478,0,0,0.3288166776061262
V10.mp4,479,0,0,0.3288166776061262
V10.mp4,480,0,0,0.3288166776061262
V10.mp4,481,0,0,0.3288166776061262
V10.mp4,482,0,0,0.3288166776061262
V10.mp4,483,0,0,0.3288166776061262
V10.mp4,484,0,0,0.3288166776061262
V10.mp4,485,0,0,0.3288166776061262
V10.mp4,486,0,0,0.3288166776061262
V10.mp4,487,0,0,0.3288166776061262
V11.mp4,1,0,0,0.27448764851905544
V11.mp4,2,0,0,0.21996269760487122
V11.mp4,3,0,0,0.23698198870434875
V11.mp4,4,0,0,0.4960318363955781
V11.mp4,5,0,1,0.5471149789657151
V11.mp4,6,0,0,0.45217588516125273
V11.mp4,7,0,0,0.48137437160048996
V11.mp4,8,0,1,0.5122969968424592
V11.mp4,9,0,1,0.5123116558899397
V11.mp4,10,0,1,0.5353524616052907
V11.mp4,11,0,1,0.5266321554845741
V11.mp4,12,0,1,0.5697798237308648
V11.mp4,13,0,1,0.5963486371202402
V11.mp4,14,0,1,0.578373890292821
V11.mp4,15,0,1,0.6488940567919143
V11.mp4,16,0,1,0.6695563985978041
V11.mp4,17,0,1,0.6610700694026608
V11.mp4,18,0,1,0.5997290707694904
V11.mp4,19,0,1,0.6023534291874489
V11.mp4,20,0,1,0.5267326541350027
V11.mp4,21,0,1,0.5033727682707794
V11.mp4,22,0,0,0.4500927356736583
V11.mp4,23,0,0,0.4688911977132389
V11.mp4,24,0,0,0.4533000981052679
V11.mp4,25,0,0,0.46518609885692225
V11.mp4,26,0,0,0.4751714117573411
V11.mp4,27,0,0,0.4710214723654009
V11.mp4,28,0,0,0.42857205653742475
V11.mp4,29,0,0,0.4093258967164721
V11.mp4,30,0,0,0.34492861375980055
V11.mp4,31,0,0,0.331602821083354
V11.mp4,32,0,0,0.33915218711175027
V11.mp4,33,0,0,0.3391940420834018
V11.mp4,34,0,0,0.3283574250988191
V11.mp4,35,0,0,0.34567468121270906
V11.mp4,36,0,0,0.32598115199381306
V11.mp4,37,0,0,0.3172623240940052
V11.mp4,38,0,0,0.3371917118366122
V11.mp4,39,0,0,0.34922570904572386
V11.mp4,40,0,0,0.33859437497891226
V11.mp4,41,0,0,0.47302805138999365
V11.mp4,42,0,1,0.6935573025549356
V11.mp4,43,0,1,0.6395329324599281
V11.mp4,44,0,1,0.8156387916858693
V11.mp4,45,0,1,0.8518497314372334
V11.mp4,46,0,1,0.8454620613890454
V11.mp4,47,0,1,0.8331578187268868
V11.mp4,48,0,1,0.8009437174478049
V11.mp4,49,0,1,0.8359584744248387
V11.mp4,50,0,1,0.8969036366722758
V11.mp4,51,0,1,0.9648292087202979
V11.mp4,52,0,1,0.9446643627124397
V11.mp4,53,0,1,0.9003926270995065
V11.mp4,54,0,0,0.3666048365465922
V11.mp4,55,0,0,0.30511882328069073
V11.mp4,56,0,0,0.262168420035493
V11.mp4,57,0,0,0.212819615234241
V11.mp4,58,0,0,0.20298231379762174
V11.mp4,59,0,0,0.22843485955745318
V11.mp4,60,0,0,0.2463776886335049
V11.mp4,61,0,0,0.2453586743464992
V11.mp4,62,0,0,0.24422914006339658
V11.mp4,63,0,0,0.2543262306787896
V11.mp4,64,0,0,0.2819883873590106
V11.mp4,65,0,0,0.3033362281178474
V11.mp4,66,0,0,0.3208234602253051
V11.mp4,67,0,0,0.3093114085133579
V11.mp4,68,0,0,0.30477894949996703
V11.mp4,69,0,0,0.2426103951118019
V11.mp4,70,0,0,0.2368718575320738
V11.mp4,71,0,0,0.2537414549323783
V11.mp4,72,0,0,0.26313061927966624
V11.mp4,73,0,0,0.24345722942915943
V11.mp4,74,0,0,0.23988461663032362
V11.mp4,75,0,0,0.221275087001736
V11.mp4,76,0,0,0.20711884115696402
V11.mp4,77,0,0,0.20773564800736177
V11.mp4,78,0,0,0.22405714110447708
V11.mp4,79,0,0,0.23627547329554527
V11.mp4,80,0,0,0.2597998334594832
V11.mp4,81,0,0,0.25803896798085196
V11.mp4,82,0,0,0.24214241700897585
V11.mp4,83,0,0,0.2359623146786049
V11.mp4,84,0,0,0.28194289745809
V11.mp4,85,0,0,0.2811431677516461
V11.mp4,86,0,0,0.2502333523199882
V11.mp4,87,0,0,0.22970289854479567
V11.mp4,88,0,0,0.2162802321767578
V11.mp4,89,0,0,0.2266460237828649
V11.mp4,90,0,0,0.2367150778333066
V11.mp4,91,0,0,0.2625154574724742
V11.mp4,92,0,0,0.41955294302642354
V11.mp4,93,0,1,0.5482357696814523
V11.mp4,94,0,1,0.6838297811959445
V11.mp4,95,0,1,0.7600873427117134
V11.mp4,96,0,1,0.8769146609222096
V11.mp4,97,0,1,0.8651137546834463
V11.mp4,98,0,1,0.8925198270776143
V11.mp4,99,0,1,0.8692741563213595
V11.mp4,100,0,1,0.8548166523144771
V11.mp4,101,0,1,0.7211513115332775
V11.mp4,102,0,1,0.7224513658627002
V11.mp4,103,0,1,0.5563390402423195
V11.mp4,104,0,0,0.452593176289207
V11.mp4,105,0,0,0.38241424878252206
V11.mp4,106,0,0,0.4287194992492279
V11.mp4,107,0,0,0.4541712288904293
V11.mp4,108,0,1,0.513732910078791
V11.mp4,109,0,1,0.5897193359356849
V11.mp4,110,0,1,0.6018062842310868
V11.mp4,111,0,1,0.5956643993247945
V11.mp4,112,0,0,0.46509047726255637
V11.mp4,113,0,0,0.399327688180729
V11.mp4,114,0,0,0.43387909081471526
V11.mp4,115,0,1,0.6176081919775391
V11.mp4,116,0,1,0.7982579539319834
V11.mp4,117,0,1,0.6614259204817758
V11.mp4,118,0,1,0.8011641516113641
V11.mp4,119,0,1,0.9641503864589419
V11.mp4,120,0,1,0.9750539557962936
V11.mp4,121,0,1,0.9868657259054668
V11.mp4,122,0,1,0.8288581663462047
V11.mp4,123,0,1,0.5390340961424738
V11.mp4,124,0,0,0.33643612631888115
V11.mp4,125,0,0,0.31274133040489227
V11.mp4,126,1,0,0.29063251866544043
V11.mp4,127,1,0,0.2734899853782467
V11.mp4,128,1,0,0.28504336596062557
V11.mp4,129,1,0,0.28599098175952237
V11.mp4,130,1,0,0.3302718186620552
V11.mp4,131,0,0,0.30851460477144943
V11.mp4,132,0,0,0.330703395920112
V11.mp4,133,0,0,0.34924743680848785
V11.mp4,134,0,0,0.371415371652517
V11.mp4,135,0,0,0.3499449960848468
V11.mp4,136,0,0,0.36281537236940054
V11.mp4,137,0,0,0.40897823019787616
V11.mp4,138,0,0,0.45836696469253113
V11.mp4,139,0,1,0.5921180916466857
V11.mp4,140,0,1,0.5088832584934507
V11.mp4,141,0,1,0.6211224221610387
V11.mp4,142,0,1,0.7134366033506159
V11.mp4,143,0,1,0.8116126200161348
V11.mp4,144,0,1,0.8498526383779611
V11.mp4,145,0,1,0.8526014727963025
V11.mp4,146,0,1,0.7708702292798144
V11.mp4,147,0,1,0.7844772269120828
V11.mp4,148,0,1,0.8019042528778296
V11.mp4,149,0,1,0.5754039686814649
V11.mp4,150,0,1,0.6902993142814895
V11.mp4,151,0,1,0.740395836327343
V11.mp4,152,0,1,0.7529614949138851
V11.mp4,153,0,1,0.7354425476498784
V11.mp4,154,0,1,0.7354425476498784
V11.mp4,155,0,1,0.7354425476498784
V11.mp4,156,0,1,0.7354425476498784
V11.mp4,157,0,1,0.7354425476498784
V11.mp4,158,0,1,0.7354425476498784
V11.mp4,159,0,1,0.7354425476498784
V11.mp4,160,0,1,0.7354425476498784
V11.mp4,161,0,1,0.7354425476498784
V11.mp4,162,0,1,0.7354425476498784
V11.mp4,163,0,1,0.7354425476498784
V11.mp4,164,0,1,0.7354425476498784
V11.mp4,165,0,1,0.7354425476498784
V11.mp4,166,0,1,0.7354425476498784
V11.mp4,167,0,1,0.7354425476498784
V11.mp4,168,0,1,0.7354425476498784
V11.mp4,169,0,1,0.7354425476498784
V11.mp4,170,0,1,0.7354425476498784
V11.mp4,171,0,1,0.7354425476498784
V11.mp4,172,0,1,0.7354425476498784
V11.mp4,173,0,1,0.7354425476498784
V11.mp4,174,0,1,0.7354425476498784
V11.mp4,175,0,1,0.7354425476498784
V11.mp4,176,0,1,0.7354425476498784
V11.mp4,177,0,1,0.7354425476498784
V11.mp4,178,0,1,0.7354425476498784
V11.mp4,179,0,1,0.7354425476498784
V11.mp4,180,0,1,0.7354425476498784
V11.mp4,181,0,1,0.7354425476498784
V11.mp4,182,0,1,0.7354425476498784
V11.mp4,183,0,1,0.7354425476498784
V12.mp4,1,0,0,0.19184954042317168
V12.mp4,2,0,0,0.21481537714306756
V12.mp4,3,0,0,0.27216390717710803
V12.mp4,4,0,0,0.3035012015543753
V12.mp4,5,0,0,0.3808705675459677
V12.mp4,6,0,0,0.27489186634807056
V12.mp4,7,0,0,0.2723691125278147
V12.mp4,8,0,0,0.29191624686462164
V12.mp4,9,0,0,0.3250151739885745
V12.mp4,10,0,0,0.33558236613223896
V12.mp4,11,0,0,0.3528440903188505
V12.mp4,12,0,0,0.33200967617414956
V12.mp4,13,0,0,0.32522245196862287
V12.mp4,14,0,0,0.3456793729667531
V12.mp4,15,0,0,0.38913643233882705
V12.mp4,16,0,0,0.4319901139965952
V12.mp4,17,0,0,0.42784975497003036
V12.mp4,18,0,0,0.37012234045404807
V12.mp4,19,0,0,0.3372521307284604
V12.mp4,20,0,0,0.2964146540538919
V12.mp4,21,0,0,0.29835935399080177
V12.mp4,22,0,0,0.3019713353471855
V12.mp4,23,0,0,0.3181709612312081
V12.mp4,24,0,0,0.3414170430371997
V12.mp4,25,0,0,0.3393207662624968
V12.mp4,26,0,0,0.34460742318541016
V12.mp4,27,0,0,0.36086583305659165
V12.mp4,28,0,0,0.3631838685303017
V12.mp4,29,0,0,0.3866772837035514
V12.mp4,30,0,0,0.3984539744454937
V12.mp4,31,0,0,0.39561718608443325
V12.mp4,32,0,0,0.37319739397087714
V12.mp4,33,0,0,0.3556553182106646
V12.mp4,34,0,0,0.34134367476494487
V12.mp4,35,0,0,0.33764110432765976
V12.mp4,36,0,0,0.3892637420017782
V12.mp4,37,0,0,0.45731614542442817
V12.mp4,38,0,1,0.5736716932943342
V12.mp4,39,0,1,0.6023635376287292
V12.mp4,40,0,1,0.6222541219527693
V12.mp4,41,0,1,0.6802020308529511
V12.mp4,42,0,1,0.6663780670699725
V12.mp4,43,0,1,0.6390211857057113
V12.mp4,44,0,1,0.6457792221044185
V12.mp4,45,0,1,0.6754013762392015
V12.mp4,46,0,1,0.6392606494236825
V12.mp4,47,0,1,0.5798961494865326
V12.mp4,48,0,1,0.5066031806520741
V12.mp4,49,0,0,0.42527481968120917
V12.mp4,50,0,0,0.395942315603135
V12.mp4,51,0,0,0.39150825931935634
V12.mp4,52,0,0,0.44058043529672314
V12.mp4,53,0,0,0.45354394272687587
V12.mp4,54,0,0,0.4423786361742575
V12.mp4,55,0,0,0.43751020595947815
V12.mp4,56,0,0,0.4257004625980067
V12.mp4,57,0,0,0.43551212662855826
V12.mp4,58,0,0,0.4243285023458338
V12.mp4,59,0,0,0.42487934773193237
V12.mp4,60,0,0,0.48565238606010075
V12.mp4,61,0,1,0.7331571017050635
V12.mp4,62,0,1,0.7055776451361735
V12.mp4,63,0,1,0.678032732993386
V12.mp4,64,0,1,0.8239586918682099
V12.mp4,65,0,1,0.9316671969843365
V12.mp4,66,1,1,0.9422101644804758
V12.mp4,67,1,1,0.9533246063800515
V12.mp4,68,1,1,0.8418574645890919
V12.mp4,69,1,0,0.44633923972831596
V12.mp4,70,1,0,0.39140009503106366
V12.mp4,71,0,0,0.40167454486065135
V12.mp4,72,0,0,0.4152925550587238
V12.mp4,73,0,0,0.43042613498985716
V12.mp4,74,0,1,0.7268269529885827
V12.mp4,75,0,1,0.641629037394015
V12.mp4,76,0,1,0.6652133497296933
V12.mp4,77,0,1,0.7187642076163839
V12.mp4,78,0,1,0.7665575522325292
V12.mp4,79,0,1,0.6239527543573289
V12.mp4,80,0,1,0.873104540034923
V12.mp4,81,0,1,0.9027973047584458
V12.mp4,82,0,1,0.8900607089747351
V12.mp4,83,0,1,0.8816411998697825
V12.mp4,84,0,1,0.9198570408694731
V12.mp4,85,0,1,0.7081850538630476
V12.mp4,86,0,1,0.6554362023494407
V12.mp4,87,0,1,0.6673131631232407
V12.mp4,88,0,0,0.4849752902872126
V12.mp4,89,0,0,0.3735971885561176
V12.mp4,90,0,0,0.357708805554226
V12.mp4,91,0,0,0.3616481111786139
V12.mp4,92,0,0,0.3482062302423952
V12.mp4,93,0,0,0.3555922732654365
V12.mp4,94,0,0,0.3453510210416938
V12.mp4,95,0,0,0.3505809113216884
V12.mp4,96,0,0,0.3702533647599372
V12.mp4,97,0,0,0.39588793446608544
V12.mp4,98,0,0,0.4916387199706242
V12.mp4,99,0,1,0.5066867587857847
V12.mp4,100,0,0,0.490811167708853
V12.mp4,101,0,0,0.43614251896990947
V12.mp4,102,0,0,0.4572379106790541
V12.mp4,103,0,0,0.44907530872076246
V12.mp4,104,0,0,0.49758684922953395
V12.mp4,105,0,0,0.4845255085733207
V12.mp4,106,0,0,0.4594309589746503
V12.mp4,107,0,0,0.4459539980002318
V12.mp4,108,0,0,0.4040878024858673
V12.mp4,109,0,0,0.3882847096172835
V12.mp4,110,0,0,0.4215515426366342
V12.mp4,111,0,0,0.39634193131218615
V12.mp4,112,0,0,0.4796815151090605
V12.mp4,113,0,1,0.5199132735021833
V12.mp4,114,0,1,0.5793229106696219
V12.mp4,115,0,1,0.5583627214956939
V12.mp4,116,0,0,0.4684952706910232
V12.mp4,117,0,0,0.42427996058576245
V12.mp4,118,0,0,0.4474402586024286
V12.mp4,119,0,0,0.44861594293613005
V12.mp4,120,0,0,0.44861594293613005
V12.mp4,121,0,0,0.44861594293613005
V12.mp4,122,0,0,0.44861594293613005
V12.mp4,123,0,0,0.44861594293613005
V12.mp4,124,0,0,0.44861594293613005
V12.mp4,125,0,0,0.44861594293613005
V12.mp4,126,0,0,0.44861594293613005
V12.mp4,127,0,0,0.44861594293613005
V12.mp4,128,0,0,0.44861594293613005
V12.mp4,129,0,0,0.44861594293613005
V12.mp4,130,0,0,0.44861594293613005
V12.mp4,131,0,0,0.44861594293613005
V12.mp4,132,0,0,0.44861594293613005
V12.mp4,133,0,0,0.44861594293613005
V12.mp4,134,0,0,0.44861594293613005
V12.mp4,135,0,0,0.44861594293613005
V12.mp4,136,0,0,0.44861594293613005
V12.mp4,137,0,0,0.44861594293613005
V12.mp4,138,0,0,0.44861594293613005
V12.mp4,139,0,0,0.44861594293613005
V12.mp4,140,0,0,0.44861594293613005
V13.mp4,1,0,0,0.16841074659267816
V13.mp4,2,0,0,0.19242484912958896
V13.mp4,3,0,0,0.2857788699715237
V13.mp4,4,0,0,0.35471480291335766
V13.mp4,5,0,0,0.494605585710103
V13.mp4,6,0,0,0.3456281045673204
V13.mp4,7,0,0,0.3184899591036555
V13.mp4,8,0,0,0.3437770200535719
V13.mp4,9,0,0,0.34739309342728325
V13.mp4,10,0,0,0.3700239794120679
V13.mp4,11,0,0,0.3576160250577621
V13.mp4,12,0,0,0.32899824622582946
V13.mp4,13,0,0,0.31713836115137933
V13.mp4,14,0,0,0.28256361282286263
V13.mp4,15,0,0,0.26149624682326206
V13.mp4,16,0,0,0.2495909560065598
V13.mp4,17,0,0,0.2436070182158131
V13.mp4,18,0,0,0.2397759406766404
V13.mp4,19,0,0,0.2457682084938598
V13.mp4,20,0,0,0.2634856289682444
V13.mp4,21,0,0,0.4081739918655183
V13.mp4,22,0,0,0.3478585389132861
V13.mp4,23,0,0,0.3394663106556657
V13.mp4,24,0,0,0.4868733972286575
V13.mp4,25,0,1,0.7968262884109165
V13.mp4,26,0,1,0.9136210995484875
V13.mp4,27,0,1,0.9437105262298703
V13.mp4,28,0,1,0.8330736795675373
V13.mp4,29,0,0,0.4076927850770905
V13.mp4,30,0,0,0.32586638408002755
V13.mp4,31,0,0,0.29184963820808546
V13.mp4,32,0,0,0.27596426500675575
V13.mp4,33,0,0,0.25281771371134465
V13.mp4,34,0,0,0.2797445915243056
V13.mp4,35,0,0,0.27373973099606014
V13.mp4,36,0,0,0.27119562407224757
V13.mp4,37,0,0,0.27504737157300024
V13.mp4,38,0,0,0.2892842240915216
V13.mp4,39,0,0,0.28731353697196327
V13.mp4,40,0,0,0.2628735831261403
V13.mp4,41,0,0,0.3066037184161864
V13.mp4,42,0,0,0.3596280392027582
V13.mp4,43,0,0,0.39334210583416995
V13.mp4,44,0,0,0.4079952209294313
V13.mp4,45,0,0,0.4333446155701019
V13.mp4,46,0,0,0.4128196154021555
V13.mp4,47,0,0,0.41955396035227793
V13.mp4,48,0,0,0.4152062939107931
V13.mp4,49,0,0,0.41993749400831637
V13.mp4,50,0,0,0.4594051669848587
V13.mp4,51,0,0,0.469022477692976
V13.mp4,52,0,1,0.5472578551155208
V13.mp4,53,0,1,0.6910589595197588
V13.mp4,54,0,1,0.6286776981887591
V13.mp4,55,0,1,0.5918854849820446
V13.mp4,56,0,1,0.5249159143318969
V13.mp4,57,0,1,0.5265947144409745
V13.mp4,58,0,0,0.3278622838954108
V13.mp4,59,0,0,0.3167530806055316
V13.mp4,60,0,0,0.26284711410616274
V13.mp4,61,0,0,0.24709628476845355
V13.mp4,62,0,0,0.26214297539159154
V13.mp4,63,0,0,0.31027324369400877
V13.mp4,64,0,0,0.3463541694769002
V13.mp4,65,0,0,0.3490731652590043
V13.mp4,66,0,0,0.34359220879775815
V13.mp4,67,0,0,0.3323405943881255
V13.mp4,68,0,0,0.33340308494809057
V13.mp4,69,0,0,0.31636803837825955
V13.mp4,70,0,0,0.30257222232902936
V13.mp4,71,0,0,0.30040454360371655
V13.mp4,72,0,0,0.29910502406074185
V13.mp4,73,0,0,0.33091821860495896
V13.mp4,74,0,0,0.37187405549669283
V13.mp4,75,0,0,0.3865226930818093
V13.mp4,76,0,0,0.36867489051895436
V13.mp4,77,0,0,0.34727724238651325
V13.mp4,78,0,0,0.3666710457233505
V13.mp4,79,0,0,0.4030814020262048
V13.mp4,80,0,0,0.425032271999719
V13.mp4,81,0,0,0.365470731379296
V13.mp4,82,0,0,0.4270046884108846
V13.mp4,83,0,0,0.32606198774611517
V13.mp4,84,0,0,0.41206042222944045
V13.mp4,85,0,1,0.5958186244788681
V13.mp4,86,0,1,0.724229219729469
V13.mp4,87,0,1,0.7230414428921402
V13.mp4,88,0,1,0.5598147652930164
V13.mp4,89,0,0,0.41135355041240496
V13.mp4,90,0,0,0.3759367686647923
V13.mp4,91,0,0,0.392374052192147
V13.mp4,92,0,0,0.35871654498460004
V13.mp4,93,0,0,0.3402411432517862
V13.mp4,94,0,0,0.36038858192826695
V13.mp4,95,0,0,0.3418248778865763
V13.mp4,96,0,0,0.39312421853964535
V13.mp4,97,0,0,0.37044924471404755
V13.mp4,98,0,0,0.36175367319978985
V13.mp4,99,0,0,0.34407123136588424
V13.mp4,100,0,0,0.4022847325621242
V13.mp4,101,0,0,0.4176458925005054
V13.mp4,102,0,0,0.4373633301254393
V13.mp4,103,0,0,0.4163278008578792
V13.mp4,104,0,0,0.4101765883878841
V13.mp4,105,0,0,0.32546791147402915
V13.mp4,106,0,0,0.32312930438449183
V13.mp4,107,0,0,0.3503042051220494
V13.mp4,108,0,0,0.36675127240074534
V13.mp4,109,0,0,0.36328580883132217
V13.mp4,110,0,0,0.35107016840889016
V13.mp4,111,0,0,0.3283989051608894
V13.mp4,112,0,0,0.3210689690915408
V13.mp4,113,0,0,0.38533347616478836
V13.mp4,114,0,1,0.5020830330893112
V13.mp4,115,0,0,0.38823990682015463
V13.mp4,116,0,1,0.5198219566406254
V13.mp4,117,0,1,0.5752100615261442
V13.mp4,118,0,1,0.6991207224138359
V13.mp4,119,0,1,0.5618367955504209
V13.mp4,120,0,1,0.5854115179672594
V13.mp4,121,0,0,0.33307674529587483
V13.mp4,122,0,0,0.29723843254921445
V13.mp4,123,0,0,0.3031650045547738
V13.mp4,124,0,0,0.2947626544455521
V13.mp4,125,0,0,0.29705270615620044
V13.mp4,126,0,0,0.3116151437395044
V13.mp4,127,0,0,0.3509977569223197
V13.mp4,128,0,1,0.7299627220449307
V13.mp4,129,0,1,0.556420779236871
V13.mp4,130,0,1,0.520541614431941
V13.mp4,131,0,1,0.6754898416204179
V13.mp4,132,0,1,0.8711723045387627
V13.mp4,133,0,1,0.8481278038708493
V13.mp4,134,0,1,0.8699938032781763
V13.mp4,135,1,1,0.7898554073050013
V13.mp4,136,1,0,0.4839309048748787
V13.mp4,137,1,0,0.41486907420897756
V13.mp4,138,1,0,0.37815249112197474
V13.mp4,139,1,0,0.3960556688726874
V13.mp4,140,0,0,0.3657503132112177
V13.mp4,141,0,0,0.36171725062952237
V13.mp4,142,0,0,0.3066208655574777
V13.mp4,143,0,0,0.29259276014204616
V13.mp4,144,0,0,0.2741416099626916
V13.mp4,145,0,0,0.2607954285625721
V13.mp4,146,0,0,0.27102228678055623
V13.mp4,147,0,0,0.27946712990125955
V13.mp4,148,0,0,0.29355608370126124
V13.mp4,149,0,0,0.2848820821357726
V13.mp4,150,0,0,0.2919829867145447
V13.mp4,151,0,0,0.2940312238809328
V13.mp4,152,0,0,0.28930984187917924
V13.mp4,153,0,0,0.2834667409009408
V13.mp4,154,0,0,0.2834507383540122
V13.mp4,155,0,0,0.2755302152506717
V13.mp4,156,0,0,0.2713773653475463
V13.mp4,157,0,0,0.2776105201427013
V13.mp4,158,0,0,0.3246697047919093
V13.mp4,159,0,0,0.3881228157916087
V13.mp4,160,0,1,0.6051199896527947
V13.mp4,161,0,0,0.35298909314991134
V13.mp4,162,0,1,0.5915514227049185
V13.mp4,163,0,1,0.7727111851870789
V13.mp4,164,0,1,0.8386153895803933
V13.mp4,165,0,1,0.7488368779703872
V13.mp4,166,0,1,0.651721819455372
V13.mp4,167,0,0,0.45312946280578553
V13.mp4,168,0,0,0.242265346882932
V13.mp4,169,0,0,0.306464088809071
V13.mp4,170,0,0,0.2455787867395757
V13.mp4,171,0,0,0.23827629990112878
V13.mp4,172,0,0,0.24068161909180996
V13.mp4,173,0,0,0.25693410853570475
V13.mp4,174,0,0,0.2706265302974599
V13.mp4,175,0,0,0.28667650870846245
V13.mp4,176,0,0,0.2998232016513627
V13.mp4,177,0,0,0.29821742367725645
V13.mp4,178,0,0,0.3329927428949702
V13.mp4,179,0,0,0.3348260638160491
V13.mp4,180,0,0,0.3327916649425301
V13.mp4,181,0,0,0.3237990203066961
V13.mp4,182,0,0,0.3658298271644781
V13.mp4,183,0,0,0.32826496437785957
V13.mp4,184,0,0,0.32037547900753827
V13.mp4,185,0,0,0.3744998567249227
V13.mp4,186,0,0,0.39507508254110546
V13.mp4,187,0,0,0.37732689676920295
V13.mp4,188,0,0,0.3184969147256728
V13.mp4,189,0,0,0.33412529296997917
V13.mp4,190,0,0,0.27612914684191037
V13.mp4,191,0,0,0.2775451066099726
V13.mp4,192,0,0,0.27336482985113775
V13.mp4,193,0,0,0.30153663274507264
V13.mp4,194,0,0,0.3001745289568131
V13.mp4,195,0,0,0.36289482030182946
V13.mp4,196,0,0,0.30648415205481794
V13.mp4,197,0,0,0.26839814392011696
V13.mp4,198,0,0,0.2637411100573335
V13.mp4,199,0,0,0.2771147540810484
V13.mp4,200,0,0,0.28550049284960666
V13.mp4,201,0,0,0.29606196012464026
V13.mp4,202,0,0,0.3089421685791559
V13.mp4,203,0,0,0.31237093081942047
V13.mp4,204,0,0,0.3373046528069178
V13.mp4,205,0,0,0.36296340176843483
V13.mp4,206,0,0,0.3513367591161476
V13.mp4,207,0,0,0.33792159908995445
V13.mp4,208,0,0,0.3134781597761908
V13.mp4,209,0,0,0.3100178131169214
V13.mp4,210,0,0,0.3102919038427656
V13.mp4,211,0,0,0.34607026637044364
V13.mp4,212,0,0,0.3492276854386516
V13.mp4,213,0,0,0.3438581442104328
V13.mp4,214,0,0,0.3711605905503419
V13.mp4,215,0,0,0.3347750595454572
V13.mp4,216,0,0,0.35385072636769754
V13.mp4,217,0,0,0.31372431404216017
V13.mp4,218,0,0,0.3072323535442704
V13.mp4,219,0,0,0.31060651527555294
V13.mp4,220,0,0,0.31060651527555294
V13.mp4,221,0,0,0.31060651527555294
V13.mp4,222,0,0,0.31060651527555294
V13.mp4,223,0,0,0.31060651527555294
V13.mp4,224,0,0,0.31060651527555294
V13.mp4,225,0,0,0.31060651527555294
V13.mp4,226,0,0,0.31060651527555294
V13.mp4,227,0,0,0.31060651527555294
V13.mp4,228,0,0,0.31060651527555294
V13.mp4,229,0,0,0.31060651527555294
V13.mp4,230,0,0,0.31060651527555294
V13.mp4,231,0,0,0.31060651527555294
V13.mp4,232,0,0,0.31060651527555294
V13.mp4,233,0,0,0.31060651527555294
V13.mp4,234,0,0,0.31060651527555294
V13.mp4,235,0,0,0.31060651527555294
V13.mp4,236,0,0,0.31060651527555294
V13.mp4,237,0,0,0.31060651527555294
V13.mp4,238,0,0,0.31060651527555294
V13.mp4,239,0,0,0.31060651527555294
V13.mp4,240,0,0,0.31060651527555294
V14.mp4,1,0,0,0.14076602506503
V14.mp4,2,0,0,0.15891945249812156
V14.mp4,3,0,0,0.20249165371538433
V14.mp4,4,0,0,0.24987268847266295
V14.mp4,5,0,0,0.30943775640969967
V14.mp4,6,0,0,0.240900415872372
V14.mp4,7,0,0,0.253997191208522
V14.mp4,8,0,0,0.2795939417515815
V14.mp4,9,0,0,0.2738144888771178
V14.mp4,10,0,0,0.26053320303006855
V14.mp4,11,0,0,0.23289303211901813
V14.mp4,12,0,0,0.2524697229378124
V14.mp4,13,0,0,0.2858215062473488
V14.mp4,14,0,0,0.306594151942891
V14.mp4,15,0,0,0.30243236329786083
V14.mp4,16,0,0,0.2771864833190232
V14.mp4,17,0,0,0.25183521124880703
V14.mp4,18,0,0,0.24557354251557056
V14.mp4,19,0,0,0.25128128967898505
V14.mp4,20,0,0,0.24870028558056617
V14.mp4,21,0,0,0.24765520602000926
V14.mp4,22,0,0,0.23792459929951357
V14.mp4,23,0,0,0.24045816003911621
V14.mp4,24,0,0,0.24383334492182457
V14.mp4,25,0,0,0.2537815161567499
V14.mp4,26,0,0,0.24379474067709636
V14.mp4,27,0,0,0.24502818828389275
V14.mp4,28,0,0,0.25454408251289473
V14.mp4,29,0,0,0.24612224912700117
V14.mp4,30,0,0,0.2648556206490816
V14.mp4,31,0,0,0.23513974851773387
V14.mp4,32,0,0,0.2608867238785459
V14.mp4,33,0,0,0.28954735621465466
V14.mp4,34,0,0,0.2987412540103761
V14.mp4,35,0,0,0.3238157667854641
V14.mp4,36,0,0,0.3560421772058234
V14.mp4,37,0,0,0.37162378144380365
V14.mp4,38,0,0,0.32632204310898505
V14.mp4,39,0,0,0.2880508272872773
V14.mp4,40,0,0,0.23248313549355915
V14.mp4,41,0,0,0.24271977094242256
V14.mp4,42,0,0,0.23515165192838255
V14.mp4,43,0,0,0.23625428247358113
V14.mp4,44,0,0,0.27475143461190255
V14.mp4,45,0,0,0.26974743100073034
V14.mp4,46,0,0,0.27500784614755647
V14.mp4,47,0,0,0.27515824319455956
V14.mp4,48,0,0,0.2661441410246477
V14.mp4,49,0,0,0.23485401449098825
V14.mp4,50,0,0,0.24942041684577632
V14.mp4,51,0,0,0.24842697164850105
V14.mp4,52,0,0,0.24324257015643683
V14.mp4,53,0,0,0.23201747099063924
V14.mp4,54,0,0,0.23295786284155426
V14.mp4,55,0,0,0.25471555664774054
V14.mp4,56,0,0,0.27111421667468116
V14.mp4,57,0,0,0.27123570757142207
V14.mp4,58,0,0,0.27543144744612497
V14.mp4,59,0,0,0.2609860366083936
V14.mp4,60,0,0,0.23873876809619282
V14.mp4,61,0,0,0.20900878343371196
V14.mp4,62,0,0,0.20430443944709475
V14.mp4,63,0,0,0.22321402420016342
V14.mp4,64,0,0,0.3403769045415963
V14.mp4,65,0,0,0.3674956343663951
V14.mp4,66,0,0,0.4481879721737007
V14.mp4,67,0,0,0.47721717745156494
V14.mp4,68,0,1,0.5523830723454394
V14.mp4,69,0,1,0.5069144431313494
V14.mp4,70,0,1,0.5755889496071019
V14.mp4,71,0,0,0.40425438262893354
V14.mp4,72,0,0,0.29894716326870374
V14.mp4,73,0,0,0.25183672173322275
V14.mp4,74,0,0,0.2640510646915422
V14.mp4,75,0,0,0.2819836197170224
V14.mp4,76,0,0,0.2598825536876711
V14.mp4,77,0,0,0.2556362046380112
V14.mp4,78,0,0,0.2628597868413625
V14.mp4,79,0,0,0.24095536278875432
V14.mp4,80,0,0,0.24515945649632223
V14.mp4,81,0,0,0.2452868823975139
V14.mp4,82,0,0,0.24894348495461704
V14.mp4,83,0,0,0.260971487510507
V14.mp4,84,0,0,0.2873170431698661
V14.mp4,85,0,0,0.3079279272428384
V14.mp4,86,0,0,0.29458017220593813
V14.mp4,87,0,0,0.268865599558786
V14.mp4,88,0,0,0.2620004914189765
V14.mp4,89,0,0,0.2527641328699196
V14.mp4,90,0,0,0.24206858412838128
V14.mp4,91,0,0,0.2549991117002934
V14.mp4,92,0,0,0.2591118440934847
V14.mp4,93,0,0,0.2522225055646434
V14.mp4,94,0,0,0.276077795973379
V14.mp4,95,0,0,0.28241476015865796
V14.mp4,96,0,0,0.2947305436140013
V14.mp4,97,0,0,0.2853728776520526
V14.mp4,98,0,0,0.27495705054888814
V14.mp4,99,0,0,0.26224681821659235
V14.mp4,100,0,0,0.2597016174332308
V14.mp4,101,0,0,0.26271817260229796
V14.mp4,102,0,0,0.25922735716517825
V14.mp4,103,0,0,0.24482863105980937
V14.mp4,104,0,0,0.2493556668450776
V14.mp4,105,0,0,0.22992335388847895
V14.mp4,106,0,0,0.22306636372088962
V14.mp4,107,0,0,0.22632491960386023
V14.mp4,108,0,0,0.22597305264190262
V14.mp4,109,0,0,0.2354024172839337
V14.mp4,110,0,0,0.26032434764085793
V14.mp4,111,0,0,0.3042046409569974
V14.mp4,112,0,0,0.3548618210129755
V14.mp4,113,0,0,0.37312762119017834
V14.mp4,114,0,0,0.30780439522767805
V14.mp4,115,0,0,0.2867763948216615
V14.mp4,116,0,0,0.2740181592620729
V14.mp4,117,0,0,0.276652194427835
V14.mp4,118,0,0,0.278778676085758
V14.mp4,119,0,0,0.29277610897919204
V14.mp4,120,0,0,0.2801271085224639
V14.mp4,121,0,0,0.33464809504544396
V14.mp4,122,0,0,0.44244824003254046
V14.mp4,123,0,1,0.8650584810711782
V14.mp4,124,0,0,0.376255663359944
V14.mp4,125,0,1,0.7948420439896617
V14.mp4,126,0,1,0.9444032164542953
V14.mp4,127,0,1,0.9838555349323737
V14.mp4,128,0,1,0.9418932642045853
V14.mp4,129,0,1,0.9368076647325829
V14.mp4,130,0,0,0.361795565522108
V14.mp4,131,0,0,0.22880589646942334
V14.mp4,132,0,0,0.2636312526287088
V14.mp4,133,0,0,0.23178479373282776
V14.mp4,134,0,0,0.2108298373117295
V14.mp4,135,1,0,0.25195843355092484
V14.mp4,136,1,0,0.24421989856199972
V14.mp4,137,1,0,0.2236165742428049
V14.mp4,138,1,0,0.22549046644659823
V14.mp4,139,1,0,0.22712560621636443
V14.mp4,140,0,0,0.2342913935147416
V14.mp4,141,0,0,0.2663681970794772
V14.mp4,142,0,0,0.30714686732664587
V14.mp4,143,0,0,0.32674351177557664
V14.mp4,144,0,1,0.8463917152016783
V14.mp4,145,0,1,0.6456359599052265
V14.mp4,146,0,1,0.5720124645389719
V14.mp4,147,0,1,0.7713313717882713
V14.mp4,148,0,1,0.9044306689036206
V14.mp4,149,0,1,0.7426635691302156
V14.mp4,150,0,1,0.7553451310978986
V14.mp4,151,0,1,0.555806279154022
V14.mp4,152,0,0,0.4056306512309701
V14.mp4,153,0,0,0.2766814702193131
V14.mp4,154,0,0,0.2482337829942683
V14.mp4,155,0,0,0.26541175466863376
V14.mp4,156,0,0,0.28793357595637603
V14.mp4,157,0,0,0.30224656821157975
V14.mp4,158,0,0,0.32635250824671524
V14.mp4,159,0,0,0.3455967765862341
V14.mp4,160,0,0,0.3533350111132438
V14.mp4,161,0,0,0.3149008619930503
V14.mp4,162,0,0,0.30321591279116794
V14.mp4,163,0,0,0.27860824483872765
V14.mp4,164,0,0,0.32351754575227143
V14.mp4,165,0,0,0.2971782576284419
V14.mp4,166,0,0,0.29238571402459185
V14.mp4,167,0,0,0.2949111833312118
V14.mp4,168,0,0,0.2872391540917435
V14.mp4,169,0,0,0.2825202093730975
V14.mp4,170,0,0,0.30198938222744975
V14.mp4,171,0,0,0.30184846528546244
V14.mp4,172,0,0,0.29500098815709486
V14.mp4,173,0,0,0.3080399996181719
V14.mp4,174,0,0,0.2936973394003536
V14.mp4,175,0,0,0.29441377474099145
V14.mp4,176,0,0,0.3184924083489999
V14.mp4,177,0,0,0.347257358953474
V14.mp4,178,0,0,0.37182408044349197
V14.mp4,179,0,0,0.3603257431255125
V14.mp4,180,0,0,0.3688775371658249
V14.mp4,181,0,0,0.3379507515716541
V14.mp4,182,0,0,0.2649145472395362
V14.mp4,183,0,0,0.305558240554492
V14.mp4,184,0,0,0.2785476351322452
V14.mp4,185,0,0,0.2759164739678054
V14.mp4,186,0,0,0.2759164739678054
V14.mp4,187,0,0,0.2759164739678054
V14.mp4,188,0,0,0.2759164739678054
V14.mp4,189,0,0,0.2759164739678054
V14.mp4,190,0,0,0.2759164739678054
V14.mp4,191,0,0,0.2759164739678054
V14.mp4,192,0,0,0.2759164739678054
V14.mp4,193,0,0,0.2759164739678054
V14.mp4,194,0,0,0.2759164739678054
V14.mp4,195,0,0,0.2759164739678054
V14.mp4,196,0,0,0.2759164739678054
V14.mp4,197,0,0,0.2759164739678054
V14.mp4,198,0,0,0.2759164739678054
V14.mp4,199,0,0,0.2759164739678054
V14.mp4,200,0,0,0.2759164739678054
V14.mp4,201,0,0,0.2759164739678054
V14.mp4,202,0,0,0.2759164739678054
V14.mp4,203,0,0,0.2759164739678054
V14.mp4,204,0,0,0.2759164739678054
V14.mp4,205,0,0,0.2759164739678054
V14.mp4,206,0,0,0.2759164739678054
V14.mp4,207,0,0,0.2759164739678054
V14.mp4,208,0,0,0.2759164739678054
V14.mp4,209,0,0,0.2759164739678054
V14.mp4,210,0,0,0.2759164739678054
V14.mp4,211,0,0,0.2759164739678054
V14.mp4,212,0,0,0.2759164739678054
V14.mp4,213,0,0,0.2759164739678054
V14.mp4,214,0,0,0.2759164739678054
V14.mp4,215,0,0,0.2759164739678054
V14.mp4,216,0,0,0.2759164739678054
V14.mp4,217,0,0,0.2759164739678054
V14.mp4,218,0,0,0.2759164739678054
V14.mp4,219,0,0,0.2759164739678054
V14.mp4,220,0,0,0.2759164739678054
V14.mp4,221,0,0,0.2759164739678054
V14.mp4,222,0,0,0.2759164739678054
V14.mp4,223,0,0,0.2759164739678054
V14.mp4,224,0,0,0.2759164739678054
V14.mp4,225,0,0,0.2759164739678054
V15.mp4,1,0,0,0.15177104000729763
V15.mp4,2,0,0,0.19525963750116782
V15.mp4,3,0,0,0.2701109499486317
V15.mp4,4,0,0,0.35808662748564934
V15.mp4,5,0,0,0.4361464310736652
V15.mp4,6,0,0,0.2944607849772292
V15.mp4,7,0,0,0.2961554734545958
V15.mp4,8,0,0,0.2681968628236883
V15.mp4,9,0,0,0.24771283265721736
V15.mp4,10,0,0,0.24237622676803544
V15.mp4,11,0,0,0.239851654041792
V15.mp4,12,0,0,0.2481041853759466
V15.mp4,13,0,0,0.2611070635298608
V15.mp4,14,0,0,0.2567422303104185
V15.mp4,15,0,0,0.23924639964491307
V15.mp4,16,0,0,0.22195938620564704
V15.mp4,17,0,0,0.21955613947832672
V15.mp4,18,0,0,0.2359667966541166
V15.mp4,19,0,0,0.24517691530115232
V15.mp4,20,0,0,0.25200631440014837
V15.mp4,21,0,0,0.25653058590200445
V15.mp4,22,0,0,0.24932859970200347
V15.mp4,23,0,0,0.24457522558417205
V15.mp4,24,0,0,0.2294458320428507
V15.mp4,25,0,0,0.22224648331495553
V15.mp4,26,0,0,0.22478354437523193
V15.mp4,27,0,0,0.20531418624393577
V15.mp4,28,0,0,0.21431584913583065
V15.mp4,29,0,0,0.22039490208207219
V15.mp4,30,0,0,0.23806670522052836
V15.mp4,31,0,0,0.25274674616249365
V15.mp4,32,0,0,0.2547031548330373
V15.mp4,33,0,0,0.22437024789930082
V15.mp4,34,0,0,0.2095981370337513
V15.mp4,35,0,0,0.21507038493849667
V15.mp4,36,0,0,0.2316174079853852
V15.mp4,37,0,0,0.2970774202411789
V15.mp4,38,0,0,0.33444963353319634
V15.mp4,39,0,0,0.39714132898960625
V15.mp4,40,0,0,0.32559130731910374
V15.mp4,41,0,0,0.2721212781047631
V15.mp4,42,0,0,0.3751665394691144
V15.mp4,43,0,1,0.5047624857207572
V15.mp4,44,0,1,0.6643415789656263
V15.mp4,45,0,0,0.47825116481507945
V15.mp4,46,0,0,0.3198417558373466
V15.mp4,47,0,0,0.2517403245514908
V15.mp4,48,0,0,0.23257073791701213
V15.mp4,49,0,0,0.2513309464535239
V15.mp4,50,0,0,0.2395661512352006
V15.mp4,51,0,0,0.23194120529512907
V15.mp4,52,0,0,0.20818840067320765
V15.mp4,53,0,0,0.20253575941192084
V15.mp4,54,0,0,0.204123580556033
V15.mp4,55,0,0,0.22128629993295015
V15.mp4,56,0,0,0.214913322318775
V15.mp4,57,0,0,0.20884940795849274
V15.mp4,58,0,0,0.20785567295720433
V15.mp4,59,0,0,0.21068530291671286
V15.mp4,60,0,0,0.21883639751765366
V15.mp4,61,0,0,0.20307847163325907
V15.mp4,62,0,0,0.21044734573533808
V15.mp4,63,0,0,0.21994942445723628
V15.mp4,64,0,0,0.21843134661967237
V15.mp4,65,0,0,0.23785262470124258
V15.mp4,66,0,0,0.21690433947575524
V15.mp4,67,0,0,0.2574447749604218
V15.mp4,68,0,0,0.2988903084399598
V15.mp4,69,0,0,0.33240594681837465
V15.mp4,70,0,0,0.3133590112065985
V15.mp4,71,0,0,0.41238413938657026
V15.mp4,72,0,0,0.2753566026675418
V15.mp4,73,0,0,0.30984456288948264
V15.mp4,74,0,0,0.3510917002750802
V15.mp4,75,0,0,0.4399468311189644
V15.mp4,76,0,1,0.6393879664413544
V15.mp4,77,0,1,0.5864424286456507
V15.mp4,78,0,1,0.7960769487077742
V15.mp4,79,0,1,0.9725268166966082
V15.mp4,80,0,1,0.9959774696230976
V15.mp4,81,0,1,0.993747833153
V15.mp4,82,0,1,0.9127652383178343
V15.mp4,83,0,0,0.3543195062474861
V15.mp4,84,0,0,0.2678542162065656
V15.mp4,85,1,0,0.2820282317920684
V15.mp4,86,1,0,0.30594005059231344
V15.mp4,87,1,0,0.30472315735002753
V15.mp4,88,1,0,0.3120395211741519
V15.mp4,89,1,0,0.24760411931544202
V15.mp4,90,0,0,0.21090655426670044
V15.mp4,91,0,0,0.21019931597719071
V15.mp4,92,0,0,0.22488857879303478
V15.mp4,93,0,0,0.22567343537122828
V15.mp4,94,0,0,0.2090852514007026
V15.mp4,95,0,0,0.2152419230199115
V15.mp4,96,0,0,0.23211393553322832
V15.mp4,97,0,0,0.23446587944408687
V15.mp4,98,0,0,0.2621775147736927
V15.mp4,99,0,0,0.2429077613658181
V15.mp4,100,0,0,0.25295661414704795
V15.mp4,101,0,0,0.2269782512999366
V15.mp4,102,0,0,0.20905656344674906
V15.mp4,103,0,0,0.21425961878859273
V15.mp4,104,0,0,0.21494995424490093
V15.mp4,105,0,0,0.23665896890221305
V15.mp4,106,0,0,0.30325160089873004
V15.mp4,107,0,0,0.42097568759088555
V15.mp4,108,0,0,0.31368066205444584
V15.mp4,109,0,0,0.3549991090228844
V15.mp4,110,0,0,0.4539973282331489
V15.mp4,111,0,1,0.5166360042807215
V15.mp4,112,0,1,0.5610832834500147
V15.mp4,113,0,1,0.5355537233223058
V15.mp4,114,0,0,0.2769451610499303
V15.mp4,115,0,0,0.24430705456609042
V15.mp4,116,0,0,0.3234296395905727
V15.mp4,117,0,0,0.28097017919550044
V15.mp4,118,0,0,0.2523004780854532
V15.mp4,119,0,0,0.2422311367215522
V15.mp4,120,0,0,0.25958458369733617
V15.mp4,121,0,0,0.2328751021737359
V15.mp4,122,0,0,0.23066747652598962
V15.mp4,123,0,0,0.22187561116106916
V15.mp4,124,0,0,0.21485090220387407
V15.mp4,125,0,0,0.19165817173981095
V15.mp4,126,0,0,0.1973244485839783
V15.mp4,127,0,0,0.21845169511703558
V15.mp4,128,0,0,0.287911712454366
V15.mp4,129,0,0,0.38969147415603717
V15.mp4,130,0,0,0.30689528816129324
V15.mp4,131,0,1,0.5563164494207354
V15.mp4,132,0,1,0.67061236400682
V15.mp4,133,0,1,0.7095587638400641
V15.mp4,134,0,0,0.437560223921046
V15.mp4,135,0,0,0.31495986727437897
V15.mp4,136,0,0,0.22584269852584796
V15.mp4,137,0,0,0.25484708142269014
V15.mp4,138,0,0,0.27518386275358614
V15.mp4,139,0,0,0.3067724142399781
V15.mp4,140,0,0,0.3413796188700221
V15.mp4,141,0,0,0.2841194943501583
V15.mp4,142,0,0,0.3246944511768076
V15.mp4,143,0,0,0.3640417120427125
V15.mp4,144,0,0,0.3808938099955498
V15.mp4,145,0,0,0.34979868013485454
V15.mp4,146,0,0,0.3689129981284066
V15.mp4,147,0,0,0.2817006053553156
V15.mp4,148,0,0,0.2591021147030624
V15.mp4,149,0,0,0.22952823703151695
V15.mp4,150,0,0,0.2253870400430402
V15.mp4,151,0,0,0.23840150161061097
V15.mp4,152,0,0,0.23056858301665573
V15.mp4,153,0,0,0.22804485086992077
V15.mp4,154,0,0,0.21273146025292708
V15.mp4,155,0,0,0.21100775417006734
V15.mp4,156,0,0,0.22001618538236328
V15.mp4,157,0,0,0.23236791150675462
V15.mp4,158,0,0,0.23572406874635263
V15.mp4,159,0,0,0.23814435518089658
V15.mp4,160,0,0,0.24159964039665519
V15.mp4,161,0,0,0.23917937568952077
V15.mp4,162,0,0,0.23204156253872932
V15.mp4,163,0,0,0.22929615693042935
V15.mp4,164,0,0,0.2478714349318747
V15.mp4,165,0,0,0.27558546348083474
V15.mp4,166,0,0,0.29620253543442776
V15.mp4,167,0,0,0.2973783052980975
V15.mp4,168,0,0,0.2717762565173005
V15.mp4,169,0,0,0.2823962737314
V15.mp4,170,0,0,0.32366128684018247
V15.mp4,171,0,0,0.36430028316915347
V15.mp4,172,0,0,0.3767629033785174
V15.mp4,173,0,0,0.3767629033785174
V15.mp4,174,0,0,0.3767629033785174
V15.mp4,175,0,0,0.3767629033785174
V15.mp4,176,0,0,0.3767629033785174
V15.mp4,177,0,0,0.3767629033785174
V15.mp4,178,0,0,0.3767629033785174
V15.mp4,179,0,0,0.3767629033785174
V15.mp4,180,0,0,0.3767629033785174
V15.mp4,181,0,0,0.3767629033785174
V15.mp4,182,0,0,0.3767629033785174
V15.mp4,183,0,0,0.3767629033785174
V15.mp4,184,0,0,0.3767629033785174
V15.mp4,185,0,0,0.3767629033785174
V15.mp4,186,0,0,0.3767629033785174
V15.mp4,187,0,0,0.3767629033785174
V15.mp4,188,0,0,0.3767629033785174
V15.mp4,189,0,0,0.3767629033785174
V15.mp4,190,0,0,0.3767629033785174
V15.mp4,191,0,0,0.3767629033785174
V15.mp4,192,0,0,0.3767629033785174
V15.mp4,193,0,0,0.3767629033785174
V15.mp4,194,0,0,0.3767629033785174
V15.mp4,195,0,0,0.3767629033785174
V15.mp4,196,0,0,0.3767629033785174
V15.mp4,197,0,0,0.3767629033785174
V15.mp4,198,0,0,0.3767629033785174
V15.mp4,199,0,0,0.3767629033785174
V15.mp4,200,0,0,0.3767629033785174
V15.mp4,201,0,0,0.3767629033785174
V15.mp4,202,0,0,0.3767629033785174
V15.mp4,203,0,0,0.3767629033785174
V15.mp4,204,0,0,0.3767629033785174
V15.mp4,205,0,0,0.3767629033785174
V15.mp4,206,0,0,0.3767629033785174
V15.mp4,207,0,0,0.3767629033785174
V15.mp4,208,0,0,0.3767629033785174
V15.mp4,209,0,0,0.3767629033785174
V15.mp4,210,0,0,0.3767629033785174
V15.mp4,211,0,0,0.3767629033785174
V15.mp4,212,0,0,0.3767629033785174
V15.mp4,213,0,0,0.3767629033785174
V15.mp4,214,0,0,0.3767629033785174
V15.mp4,215,0,0,0.3767629033785174
V15.mp4,216,0,0,0.3767629033785174
V15.mp4,217,0,0,0.3767629033785174
V15.mp4,218,0,0,0.3767629033785174
V15.mp4,219,0,0,0.3767629033785174
V15.mp4,220,0,0,0.3767629033785174
V16.mp4,1,0,0,0.28020921929984227
V16.mp4,2,0,0,0.294390944107606
V16.mp4,3,0,0,0.3310086030679519
V16.mp4,4,0,0,0.3702995818228608
V16.mp4,5,0,0,0.43835175622904654
V16.mp4,6,0,0,0.3796292098413092
V16.mp4,7,0,0,0.37175362432672876
V16.mp4,8,0,0,0.37466556848328864
V16.mp4,9,0,0,0.38323188062614366
V16.mp4,10,0,0,0.373284237764753
V16.mp4,11,0,0,0.39850824285399744
V16.mp4,12,0,0,0.39272538545212093
V16.mp4,13,0,0,0.42024988264305013
V16.mp4,14,0,0,0.38026974187924684
V16.mp4,15,0,0,0.3717508185631932
V16.mp4,16,0,0,0.38073339451053984
V16.mp4,17,0,0,0.4153556384775674
V16.mp4,18,0,0,0.45966685347771924
V16.mp4,19,0,0,0.4548200259629055
V16.mp4,20,0,0,0.471363853181079
V16.mp4,21,0,0,0.41127633333313995
V16.mp4,22,0,0,0.41084352411081576
V16.mp4,23,0,0,0.42880872336182213
V16.mp4,24,0,0,0.4903728111685587
V16.mp4,25,0,0,0.456976013281386
V16.mp4,26,0,0,0.40630797423702103
V16.mp4,27,0,0,0.3637622790993688
V16.mp4,28,0,0,0.36443041128491305
V16.mp4,29,0,0,0.3715014571496286
V16.mp4,30,0,0,0.3958072291998861
V16.mp4,31,0,0,0.3925863988011835
V16.mp4,32,0,0,0.37644780960344193
V16.mp4,33,0,0,0.35394555271168016
V16.mp4,34,0,0,0.34300826537840967
V16.mp4,35,0,0,0.3729504997514697
V16.mp4,36,0,0,0.404256317597482
V16.mp4,37,0,0,0.46991693257466655
V16.mp4,38,0,0,0.47222273307417345
V16.mp4,39,0,0,0.4467361779417496
V16.mp4,40,0,0,0.416760458710906
V16.mp4,41,0,0,0.4175066748683424
V16.mp4,42,0,0,0.4083101672130524
V16.mp4,43,0,0,0.40714730570132834
V16.mp4,44,0,0,0.3837780070441666
V16.mp4,45,0,0,0.37730718607826524
V16.mp4,46,0,0,0.3686900752399974
V16.mp4,47,0,0,0.3544485342074694
V16.mp4,48,0,0,0.3464928751250176
V16.mp4,49,0,0,0.3315887576958917
V16.mp4,50,0,0,0.3251882169506869
V16.mp4,51,0,0,0.3554469544483851
V16.mp4,52,0,0,0.38368535187871633
V16.mp4,53,0,0,0.4063014680174208
V16.mp4,54,0,0,0.41337504010489046
V16.mp4,55,0,0,0.4175922522887087
V16.mp4,56,0,0,0.415344685606432
V16.mp4,57,0,0,0.4430260714762391
V16.mp4,58,0,0,0.49105962113504537
V16.mp4,59,0,0,0.4829452149494821
V16.mp4,60,0,0,0.44911107544271045
V16.mp4,61,0,0,0.4348451828079816
V16.mp4,62,0,0,0.4168651934726539
V16.mp4,63,0,0,0.3975211499882375
V16.mp4,64,0,0,0.3968284978062407
V16.mp4,65,0,0,0.4206312943414625
V16.mp4,66,0,1,0.8157587258392415
V16.mp4,67,0,1,0.6672252345065688
V16.mp4,68,0,1,0.5868060055156297
V16.mp4,69,0,1,0.640568302133663
V16.mp4,70,0,1,0.8107985979292303
V16.mp4,71,0,1,0.805113986026215
V16.mp4,72,0,1,0.7964130814297857
V16.mp4,73,0,1,0.73057054449887
V16.mp4,74,0,0,0.340444375183066
V16.mp4,75,0,0,0.26294724970967787
V16.mp4,76,0,0,0.26002810350491695
V16.mp4,77,0,0,0.2706118325734618
V16.mp4,78,0,0,0.2758517008830689
V16.mp4,79,0,0,0.281611502534846
V16.mp4,80,0,0,0.30317824824535283
V16.mp4,81,0,0,0.33320368923141064
V16.mp4,82,0,0,0.30697021479090636
V16.mp4,83,0,0,0.31937828815816993
V16.mp4,84,0,0,0.3256891379055094
V16.mp4,85,0,0,0.3471245504014461
V16.mp4,86,0,0,0.34211826824668956
V16.mp4,87,0,0,0.347676676586556
V16.mp4,88,0,0,0.3425436418056069
V16.mp4,89,0,0,0.32925497469309956
V16.mp4,90,0,0,0.3367400754778244
V16.mp4,91,0,0,0.3196881639016714
V16.mp4,92,0,0,0.3332872379212269
V16.mp4,93,0,0,0.31588723150336845
V16.mp4,94,0,0,0.3444262106371014
V16.mp4,95,0,0,0.38530412188994667
V16.mp4,96,0,0,0.4412892990127345
V16.mp4,97,0,0,0.4504235553333291
V16.mp4,98,0,1,0.5335745000280437
V16.mp4,99,0,1,0.5137276992434966
V16.mp4,100,0,0,0.46315619285214477
V16.mp4,101,0,0,0.4079753232444484
V16.mp4,102,0,0,0.33442055949417837
V16.mp4,103,0,0,0.3059003472465993
V16.mp4,104,0,0,0.3024636188745008
V16.mp4,105,0,0,0.31315480980648414
V16.mp4,106,0,0,0.3078790708027184
V16.mp4,107,0,0,0.29509225242146814
V16.mp4,108,0,0,0.2848304078944675
V16.mp4,109,0,0,0.2811315951305434
V16.mp4,110,0,0,0.28415817580980096
V16.mp4,111,0,0,0.31055087941109527
V16.mp4,112,0,0,0.3884317095526572
V16.mp4,113,0,0,0.4319947019289125
V16.mp4,114,0,1,0.5098838125133595
V16.mp4,115,0,0,0.4515677336873049
V16.mp4,116,0,0,0.3975978665781923
V16.mp4,117,0,0,0.3246016018727317
V16.mp4,118,0,0,0.3080307427956994
V16.mp4,119,0,0,0.3074504712633489
V16.mp4,120,0,0,0.32397090285940094
V16.mp4,121,0,0,0.3420355785692784
V16.mp4,122,0,0,0.3592694452339017
V16.mp4,123,0,0,0.36519438193600806
V16.mp4,124,0,0,0.3493610950013624
V16.mp4,125,0,0,0.3836145963801557
V16.mp4,126,0,0,0.38922821519326
V16.mp4,127,0,0,0.38158631073868876
V16.mp4,128,0,0,0.3784870877235987
V16.mp4,129,0,0,0.34722147378961943
V16.mp4,130,0,0,0.3337617165537545
V16.mp4,131,0,0,0.3409406528429187
V16.mp4,132,0,0,0.37608823358036236
V16.mp4,133,0,0,0.4245594579936447
V16.mp4,134,0,0,0.45376446236760976
V16.mp4,135,0,0,0.49330497311920934
V16.mp4,136,0,0,0.4512678581193017
V16.mp4,137,0,1,0.5053992649831118
V16.mp4,138,0,1,0.5850055448793122
V16.mp4,139,0,1,0.5975481746655703
V16.mp4,140,0,1,0.5787529282613072
V16.mp4,141,0,0,0.49473046154299144
V16.mp4,142,0,0,0.44431197473147016
V16.mp4,143,0,0,0.4327961186107263
V16.mp4,144,0,0,0.40355505204742476
V16.mp4,145,0,0,0.3991028696070113
V16.mp4,146,0,0,0.3728634315755802
V16.mp4,147,0,0,0.348939470843686
V16.mp4,148,0,0,0.3341532903361795
V16.mp4,149,0,0,0.3341660324908261
V16.mp4,150,0,0,0.31045287981262243
V16.mp4,151,0,0,0.2936350472927443
V16.mp4,152,0,1,0.5586906977838503
V16.mp4,153,0,1,0.5903746809926543
V16.mp4,154,0,0,0.39007776825245516
V16.mp4,155,0,1,0.7296865436117584
V16.mp4,156,1,1,0.8012768119131152
V16.mp4,157,1,1,0.9015381816551535
V16.mp4,158,1,1,0.8116325220535416
V16.mp4,159,1,1,0.8665082423016711
V16.mp4,160,1,0,0.4965213394130867
V16.mp4,161,0,0,0.4100354858946273
V16.mp4,162,0,0,0.4383186615238871
V16.mp4,163,0,0,0.3922353748815269
V16.mp4,164,0,0,0.3447612362050729
V16.mp4,165,0,0,0.3354891989887401
V16.mp4,166,0,0,0.38756200504057736
V16.mp4,167,0,0,0.34536928195063565
V16.mp4,168,0,0,0.345710360398168
V16.mp4,169,0,0,0.34846235168367146
V16.mp4,170,0,0,0.36068870576778267
V16.mp4,171,0,0,0.3683525488122933
V16.mp4,172,0,0,0.3915757595808866
V16.mp4,173,0,0,0.4072963232424811
V16.mp4,174,0,0,0.4370415832082112
V16.mp4,175,0,0,0.4375256418589749
V16.mp4,176,0,0,0.4671858430744644
V16.mp4,177,0,0,0.4131001826951571
V16.mp4,178,0,0,0.3473066390764438
V16.mp4,179,0,0,0.3410234614686693
V16.mp4,180,0,0,0.3740907772425019
V16.mp4,181,0,0,0.4061128545122309
V16.mp4,182,0,1,0.56178533753147
V16.mp4,183,0,1,0.5526755255573639
V16.mp4,184,0,1,0.5648249949268888
V16.mp4,185,0,1,0.556858523574008
V16.mp4,186,0,1,0.7042041947435876
V16.mp4,187,0,1,0.6710354129244225
V16.mp4,188,0,1,0.692229870926257
V16.mp4,189,0,1,0.5817637838354061
V16.mp4,190,0,1,0.5003698251183027
V16.mp4,191,0,0,0.3776631488754342
V16.mp4,192,0,0,0.3408291303040777
V16.mp4,193,0,0,0.3661465906481658
V16.mp4,194,0,0,0.38787024940860215
V16.mp4,195,0,0,0.44339993379465537
V16.mp4,196,0,0,0.4754971929511714
V16.mp4,197,0,0,0.46717312844097314
V16.mp4,198,0,0,0.3988295367969464
V16.mp4,199,0,0,0.38072418194372204
V16.mp4,200,0,0,0.43523419942865854
V16.mp4,201,0,1,0.578579856979988
V16.mp4,202,0,1,0.6535269945077695
V16.mp4,203,0,1,0.703069545275307
V16.mp4,204,0,1,0.5919848280899013
V16.mp4,205,0,1,0.5023313491044432
V16.mp4,206,0,0,0.4493249223271006
V16.mp4,207,0,0,0.47488453097867217
V16.mp4,208,0,0,0.4709795621519555
V16.mp4,209,0,0,0.49730365623936573
V16.mp4,210,0,0,0.4872772605281739
V16.mp4,211,0,0,0.48112752264543907
V16.mp4,212,0,0,0.45336744711487575
V16.mp4,213,0,0,0.4676264259740168
V16.mp4,214,0,0,0.42291335767183763
V16.mp4,215,0,0,0.4517718352819755
V16.mp4,216,0,0,0.463121658874153
V16.mp4,217,0,0,0.4240639432929808
V16.mp4,218,0,0,0.379787489105873
V16.mp4,219,0,0,0.3872610298243559
V16.mp4,220,0,0,0.4124275929356094
V16.mp4,221,0,0,0.4238410025056429
V16.mp4,222,0,0,0.44177671673705465
V16.mp4,223,0,0,0.4386480302922399
V16.mp4,224,0,0,0.4524720139498411
V16.mp4,225,0,0,0.40113387167900255
V16.mp4,226,0,0,0.42467356279096363
V16.mp4,227,0,0,0.4023747186908231
V16.mp4,228,0,0,0.38646709866253615
V16.mp4,229,0,0,0.39028672438956646
V16.mp4,230,0,0,0.3522351488251217
V16.mp4,231,0,0,0.32475765687921215
V16.mp4,232,0,0,0.35891949105121906
V16.mp4,233,0,0,0.32993135795693285
V16.mp4,234,0,0,0.32993135795693285
V16.mp4,235,0,0,0.32993135795693285
V16.mp4,236,0,0,0.32993135795693285
V16.mp4,237,0,0,0.32993135795693285
V16.mp4,238,0,0,0.32993135795693285
V16.mp4,239,0,0,0.32993135795693285
V16.mp4,240,0,0,0.32993135795693285
V16.mp4,241,0,0,0.32993135795693285
V16.mp4,242,0,0,0.32993135795693285
V16.mp4,243,0,0,0.32993135795693285
V16.mp4,244,0,0,0.32993135795693285
V16.mp4,245,0,0,0.32993135795693285
V17.mp4,1,0,0,0.20997469352362394
V17.mp4,2,0,0,0.24839674945706272
V17.mp4,3,0,0,0.38800957084736887
V17.mp4,4,0,0,0.4406689743859002
V17.mp4,5,0,1,0.6219196120883457
V17.mp4,6,0,0,0.44564591659116515
V17.mp4,7,0,0,0.3848149066807314
V17.mp4,8,0,0,0.3428990339616468
V17.mp4,9,0,0,0.3621309217179204
V17.mp4,10,0,0,0.3212123140887908
V17.mp4,11,0,0,0.3031362491874328
V17.mp4,12,0,0,0.3273607043445675
V17.mp4,13,0,0,0.3173997750506945
V17.mp4,14,0,0,0.3088387088522583
V17.mp4,15,0,0,0.31743480808696495
V17.mp4,16,0,0,0.3624107898244546
V17.mp4,17,0,0,0.4175039091426495
V17.mp4,18,0,0,0.4494653104887814
V17.mp4,19,0,0,0.4451454258279874
V17.mp4,20,0,0,0.4207817630373904
V17.mp4,21,0,0,0.36350528557536893
V17.mp4,22,0,0,0.4017232805791551
V17.mp4,23,0,0,0.4696794764012977
V17.mp4,24,0,0,0.41183808744146566
V17.mp4,25,0,0,0.46277716033072935
V17.mp4,26,0,1,0.5015527568107102
V17.mp4,27,0,1,0.559292818468297
V17.mp4,28,0,0,0.4891687353838932
V17.mp4,29,0,1,0.5835099426671757
V17.mp4,30,0,0,0.4262362316092734
V17.mp4,31,0,0,0.37752199276182186
V17.mp4,32,0,0,0.353088236403968
V17.mp4,33,0,0,0.3220339615652077
V17.mp4,34,0,0,0.3300370360567229
V17.mp4,35,0,0,0.3362668300455897
V17.mp4,36,0,0,0.3106076863994937
V17.mp4,37,0,0,0.3293771662277538
V17.mp4,38,0,0,0.3188563925435522
V17.mp4,39,0,0,0.33479446846996175
V17.mp4,40,0,0,0.3507595102137697
V17.mp4,41,0,0,0.37947949269684794
V17.mp4,42,0,0,0.3593860702237736
V17.mp4,43,0,0,0.3537853404693776
V17.mp4,44,0,0,0.3443380246140301
V17.mp4,45,0,0,0.34470986707856305
V17.mp4,46,0,0,0.3493002332794021
V17.mp4,47,0,0,0.34472534967132157
V17.mp4,48,0,0,0.35790622601225097
V17.mp4,49,0,0,0.35300324091844676
V17.mp4,50,0,0,0.3607805935741417
V17.mp4,51,0,0,0.38128477395251914
V17.mp4,52,0,0,0.38401398534254066
V17.mp4,53,0,0,0.35274789158233505
V17.mp4,54,0,0,0.35560050395809056
V17.mp4,55,0,0,0.3687442770146048
V17.mp4,56,0,0,0.39878924027806667
V17.mp4,57,0,0,0.42303324539594456
V17.mp4,58,0,0,0.43228859717182966
V17.mp4,59,0,0,0.4384343862623493
V17.mp4,60,0,0,0.403078075805534
V17.mp4,61,0,0,0.3245873574267216
V17.mp4,62,0,0,0.32813309951592534
V17.mp4,63,0,0,0.3423526237108897
V17.mp4,64,0,0,0.35440475111145875
V17.mp4,65,0,0,0.34805084001107295
V17.mp4,66,0,0,0.37291060155995565
V17.mp4,67,0,0,0.3588393771853598
V17.mp4,68,0,0,0.3369494729768415
V17.mp4,69,0,0,0.3406978415572962
V17.mp4,70,0,0,0.33566801684424047
V17.mp4,71,0,0,0.33438038975691103
V17.mp4,72,0,0,0.33533809692894057
V17.mp4,73,0,0,0.39260437834632345
V17.mp4,74,0,0,0.3523729491789823
V17.mp4,75,0,0,0.3597908989096896
V17.mp4,76,0,0,0.37540826488907547
V17.mp4,77,0,0,0.3674579669583071
V17.mp4,78,0,0,0.3568882537736042
V17.mp4,79,0,0,0.3529424261668524
V17.mp4,80,0,0,0.35462498513067786
V17.mp4,81,0,0,0.36597694273091913
V17.mp4,82,0,0,0.41530810671547647
V17.mp4,83,0,0,0.437525853309248
V17.mp4,84,0,0,0.40760880129937227
V17.mp4,85,0,0,0.3856243866859608
V17.mp4,86,0,0,0.36847125207233217
V17.mp4,87,0,0,0.36881430909977014
V17.mp4,88,0,0,0.36303067291670865
V17.mp4,89,0,0,0.36837276845801453
V17.mp4,90,0,0,0.3619639736131276
V17.mp4,91,0,0,0.3652003664176331
V17.mp4,92,0,0,0.38553085943167903
V17.mp4,93,0,0,0.45497866452249014
V17.mp4,94,0,0,0.4498748565338796
V17.mp4,95,0,0,0.48764080982767005
V17.mp4,96,0,0,0.4069021970444699
V17.mp4,97,0,0,0.3517915158756374
V17.mp4,98,0,0,0.32477092767997995
V17.mp4,99,0,0,0.348024603061063
V17.mp4,100,0,0,0.369370851679064
V17.mp4,101,0,0,0.4070898077898088
V17.mp4,102,0,0,0.3655433628630414
V17.mp4,103,0,0,0.36253153258010823
V17.mp4,104,0,0,0.3655269396661855
V17.mp4,105,0,0,0.3535674472324067
V17.mp4,106,0,0,0.3423292187732916
V17.mp4,107,0,0,0.35919532518679725
V17.mp4,108,0,0,0.3527762151353826
V17.mp4,109,0,0,0.30904282402566363
V17.mp4,110,0,0,0.3094621036573596
V17.mp4,111,0,0,0.28435373980315876
V17.mp4,112,0,0,0.28734497014851773
V17.mp4,113,0,0,0.3671765184506239
V17.mp4,114,0,0,0.38818698609305763
V17.mp4,115,0,0,0.39532668885287886
V17.mp4,116,0,0,0.35906661947612434
V17.mp4,117,0,0,0.3519732549466954
V17.mp4,118,0,0,0.3237851669178885
V17.mp4,119,0,0,0.32632137816178125
V17.mp4,120,0,0,0.31867050411457243
V17.mp4,121,0,0,0.33450658995366767
V17.mp4,122,0,0,0.3164752173944316
V17.mp4,123,0,1,0.6492120196951314
V17.mp4,124,0,1,0.7557857320116423
V17.mp4,125,0,1,0.5959450226472106
V17.mp4,126,0,1,0.8279599720319001
V17.mp4,127,0,1,0.9526215818726521
V17.mp4,128,1,1,0.9888182565821723
V17.mp4,129,1,1,0.9668956397985482
V17.mp4,130,1,1,0.9608901014140986
V17.mp4,131,1,1,0.5729095444197986
V17.mp4,132,1,0,0.42046056624356964
V17.mp4,133,0,0,0.3099545941213909
V17.mp4,134,0,0,0.3282153769790949
V17.mp4,135,0,0,0.2923387689768645
V17.mp4,136,0,0,0.31255404363656564
V17.mp4,137,0,0,0.29366017673607314
V17.mp4,138,0,0,0.31234267557502093
V17.mp4,139,0,0,0.2955236430198812
V17.mp4,140,0,0,0.31243601955320116
V17.mp4,141,0,0,0.31534020796012124
V17.mp4,142,0,0,0.303826388017679
V17.mp4,143,0,0,0.31337884747586636
V17.mp4,144,0,0,0.3092378508662874
V17.mp4,145,0,0,0.30241997811039467
V17.mp4,146,0,0,0.2970891735878043
V17.mp4,147,0,0,0.2988332448774081
V17.mp4,148,0,0,0.2893915461427183
V17.mp4,149,0,0,0.2810166139300733
V17.mp4,150,0,0,0.2827911754668283
V17.mp4,151,0,0,0.3230546584655663
V17.mp4,152,0,0,0.4225684024983082
V17.mp4,153,0,1,0.5715472475317755
V17.mp4,154,0,0,0.42648290135232103
V17.mp4,155,0,1,0.6647130301338374
V17.mp4,156,0,1,0.7181828031080495
V17.mp4,157,0,1,0.737777807715898
V17.mp4,158,0,1,0.584520229456012
V17.mp4,159,0,1,0.6161958662516877
V17.mp4,160,0,0,0.41754041333409325
V17.mp4,161,0,0,0.32415166888747105
V17.mp4,162,0,0,0.37793820152345226
V17.mp4,163,0,0,0.3320230465899714
V17.mp4,164,0,0,0.31695538847523336
V17.mp4,165,0,0,0.3065542221055791
V17.mp4,166,0,0,0.2922704542094822
V17.mp4,167,0,0,0.31132014092219085
V17.mp4,168,0,0,0.3369515672237643
V17.mp4,169,0,0,0.34273259601418815
V17.mp4,170,0,0,0.31278801958514285
V17.mp4,171,0,0,0.3637556139165698
V17.mp4,172,0,0,0.35975514474883796
V17.mp4,173,0,0,0.37607309559249436
V17.mp4,174,0,0,0.3609815042735105
V17.mp4,175,0,0,0.378523916860397
V17.mp4,176,0,0,0.34442145696263626
V17.mp4,177,0,0,0.32886070453351324
V17.mp4,178,0,0,0.3221878372173321
V17.mp4,179,0,0,0.2864626039583393
V17.mp4,180,0,0,0.28127692668295096
V17.mp4,181,0,0,0.2816669894856362
V17.mp4,182,0,0,0.2980000340854767
V17.mp4,183,0,0,0.3031138660720968
V17.mp4,184,0,0,0.3257328202421204
V17.mp4,185,0,0,0.3531726300618819
V17.mp4,186,0,0,0.3862714880416252
V17.mp4,187,0,0,0.3879382203339301
V17.mp4,188,0,0,0.36370751256083533
V17.mp4,189,0,0,0.3488650022377986
V17.mp4,190,0,0,0.3404721804256504
V17.mp4,191,0,0,0.321350069927295
V17.mp4,192,0,0,0.31705286573297053
V17.mp4,193,0,0,0.3464574258045033
V17.mp4,194,0,0,0.3824911036351963
V17.mp4,195,0,0,0.421370935124026
V17.mp4,196,0,0,0.4744731464392584
V17.mp4,197,0,0,0.4482848472118473
V17.mp4,198,0,0,0.4111172120598052
V17.mp4,199,0,0,0.3935664938823654
V17.mp4,200,0,0,0.3613862762371973
V17.mp4,201,0,0,0.31337335067304906
V17.mp4,202,0,0,0.2968270595368067
V17.mp4,203,0,0,0.2904187768012894
V17.mp4,204,0,0,0.2803260375057441
V17.mp4,205,0,0,0.3085923659249895
V17.mp4,206,0,0,0.3332042317459479
V17.mp4,207,0,0,0.3167799900077158
V17.mp4,208,0,0,0.3167799900077158
V17.mp4,209,0,0,0.3167799900077158
V17.mp4,210,0,0,0.3167799900077158
V17.mp4,211,0,0,0.3167799900077158
V17.mp4,212,0,0,0.3167799900077158
V17.mp4,213,0,0,0.3167799900077158
V17.mp4,214,0,0,0.3167799900077158
V17.mp4,215,0,0,0.3167799900077158
V17.mp4,216,0,0,0.3167799900077158
V17.mp4,217,0,0,0.3167799900077158
V17.mp4,218,0,0,0.3167799900077158
V17.mp4,219,0,0,0.3167799900077158
V17.mp4,220,0,0,0.3167799900077158
V17.mp4,221,0,0,0.3167799900077158
V17.mp4,222,0,0,0.3167799900077158
V17.mp4,223,0,0,0.3167799900077158
V17.mp4,224,0,0,0.3167799900077158
V17.mp4,225,0,0,0.3167799900077158
V18.mp4,1,0,0,0.21625948415401303
V18.mp4,2,0,0,0.2349016743286875
V18.mp4,3,0,0,0.293653360243322
V18.mp4,4,0,0,0.35143466345255736
V18.mp4,5,0,0,0.41433992073327863
V18.mp4,6,0,0,0.2971767920182951
V18.mp4,7,0,0,0.3053261424411346
V18.mp4,8,0,0,0.327951304704933
V18.mp4,9,0,0,0.3505445294671862
V18.mp4,10,0,0,0.33330617051388894
V18.mp4,11,0,0,0.3325703109204121
V18.mp4,12,0,0,0.30523604779445895
V18.mp4,13,0,0,0.2957763977395869
V18.mp4,14,0,0,0.38611227536796194
V18.mp4,15,0,0,0.30752673208985
V18.mp4,16,0,0,0.3069664532964118
V18.mp4,17,0,0,0.3403151065575085
V18.mp4,18,0,0,0.4035406564605772
V18.mp4,19,0,0,0.3335133616690333
V18.mp4,20,0,0,0.4116891870593638
V18.mp4,21,0,0,0.3386697638454586
V18.mp4,22,0,0,0.28969378794160094
V18.mp4,23,0,0,0.26912746393821285
V18.mp4,24,0,0,0.3137240533091435
V18.mp4,25,0,0,0.31428010906103576
V18.mp4,26,0,0,0.34465296546737445
V18.mp4,27,0,0,0.38325164666629735
V18.mp4,28,0,0,0.48621197415601547
V18.mp4,29,0,0,0.4429950646919712
V18.mp4,30,0,0,0.4671721329604611
V18.mp4,31,0,0,0.48259154754837863
V18.mp4,32,0,0,0.46207028885964196
V18.mp4,33,0,0,0.3346790491531245
V18.mp4,34,0,0,0.3214013344834699
V18.mp4,35,0,0,0.29726056156406633
V18.mp4,36,0,0,0.3001650675966972
V18.mp4,37,0,0,0.2990672102478308
V18.mp4,38,0,0,0.31063265963248277
V18.mp4,39,0,0,0.41877657923650896
V18.mp4,40,0,1,0.5762334056136424
V18.mp4,41,0,1,0.5987303949241047
V18.mp4,42,0,1,0.6313860270009143
V18.mp4,43,0,0,0.36212280244058154
V18.mp4,44,0,0,0.2856945074821838
V18.mp4,45,0,0,0.2505955263253938
V18.mp4,46,0,0,0.2815949876707779
V18.mp4,47,0,0,0.24851721149766867
V18.mp4,48,0,0,0.28963581863510207
V18.mp4,49,0,0,0.2906194029245735
V18.mp4,50,0,0,0.3038236386502208
V18.mp4,51,0,0,0.3491056057889947
V18.mp4,52,0,0,0.3398602447790279
V18.mp4,53,0,0,0.34037523043838336
V18.mp4,54,0,0,0.3611573547456449
V18.mp4,55,0,0,0.3778806449332437
V18.mp4,56,0,0,0.3465368274875222
V18.mp4,57,0,0,0.3529025018118401
V18.mp4,58,0,0,0.2898215709161247
V18.mp4,59,0,0,0.25632000375300396
V18.mp4,60,0,0,0.2744544020337376
V18.mp4,61,0,0,0.2765917082050956
V18.mp4,62,0,0,0.2586594713544883
V18.mp4,63,0,0,0.2674954435648479
V18.mp4,64,0,0,0.2991047997510344
V18.mp4,65,0,0,0.2865749906608063
V18.mp4,66,0,0,0.3119350884447955
V18.mp4,67,0,0,0.322245692064179
V18.mp4,68,0,0,0.33403652143275575
V18.mp4,69,0,0,0.3949041912816536
V18.mp4,70,0,1,0.6268603961995867
V18.mp4,71,0,0,0.46655235793448163
V18.mp4,72,0,1,0.692302370230386
V18.mp4,73,0,1,0.94818162326512
V18.mp4,74,0,1,0.9747017051818762
V18.mp4,75,1,1,0.9614704254755774
V18.mp4,76,1,1,0.7593882697465826
V18.mp4,77,1,0,0.4260203204782695
V18.mp4,78,1,0,0.2558279695025334
V18.mp4,79,1,0,0.28643007843642404
V18.mp4,80,0,0,0.31319866609103597
V18.mp4,81,0,0,0.30834338717153337
V18.mp4,82,0,0,0.2914999052336076
V18.mp4,83,0,0,0.2853962907986492
V18.mp4,84,0,0,0.28188282424229893
V18.mp4,85,0,0,0.2416647415114004
V18.mp4,86,0,0,0.2689893301843227
V18.mp4,87,0,0,0.2950456168317748
V18.mp4,88,0,0,0.3115651616868709
V18.mp4,89,0,0,0.3624283652140877
V18.mp4,90,0,0,0.4167802145874625
V18.mp4,91,0,0,0.36758772333542816
V18.mp4,92,0,0,0.28848046491271906
V18.mp4,93,0,0,0.25866676559931084
V18.mp4,94,0,0,0.2748873638629544
V18.mp4,95,0,0,0.2934723042672293
V18.mp4,96,0,0,0.31744538805771444
V18.mp4,97,0,0,0.3462794263194307
V18.mp4,98,0,0,0.349189268325114
V18.mp4,99,0,0,0.33312918160948735
V18.mp4,100,0,0,0.30947345610368215
V18.mp4,101,0,0,0.30064752340603557
V18.mp4,102,0,0,0.3026100177272767
V18.mp4,103,0,0,0.29059057909319475
V18.mp4,104,0,0,0.3206424694723218
V18.mp4,105,0,0,0.34240353288210584
V18.mp4,106,0,0,0.3780288412688588
V18.mp4,107,0,0,0.429851359634333
V18.mp4,108,0,0,0.4331813150671892
V18.mp4,109,0,0,0.4248317601429816
V18.mp4,110,0,0,0.4466370272298736
V18.mp4,111,0,0,0.4265630036872556
V18.mp4,112,0,0,0.3575798868407882
V18.mp4,113,0,0,0.35374408906129434
V18.mp4,114,0,0,0.33546561577205963
V18.mp4,115,0,0,0.3045473078204893
V18.mp4,116,0,0,0.3226213967495474
V18.mp4,117,0,0,0.35747574562393725
V18.mp4,118,0,0,0.37530458950925133
V18.mp4,119,0,0,0.39091476930260116
V18.mp4,120,0,0,0.39231243879416494
V18.mp4,121,0,0,0.385600957907207
V18.mp4,122,0,0,0.44203391891632776
V18.mp4,123,0,0,0.46566651316510843
V18.mp4,124,0,0,0.4999644680260349
V18.mp4,125,0,1,0.5403660960932548
V18.mp4,126,0,1,0.5371265358058968
V18.mp4,127,0,1,0.5450357975972506
V18.mp4,128,0,0,0.4798319321133722
V18.mp4,129,0,0,0.44778719725917226
V18.mp4,130,0,1,0.5757896707384296
V18.mp4,131,0,1,0.5303522034084897
V18.mp4,132,0,1,0.6070533812860169
V18.mp4,133,0,1,0.7416722647045735
V18.mp4,134,0,1,0.8213139642978399
V18.mp4,135,0,1,0.6446940263838105
V18.mp4,136,0,1,0.7133262605917406
V18.mp4,137,0,0,0.499235836955847
V18.mp4,138,0,0,0.4244319446547633
V18.mp4,139,0,0,0.38104787599083473
V18.mp4,140,0,0,0.41879893523509937
V18.mp4,141,0,0,0.35803239477299825
V18.mp4,142,0,0,0.3677888506073187
V18.mp4,143,0,0,0.36449822343867666
V18.mp4,144,0,0,0.37025739005973074
V18.mp4,145,0,0,0.32798035313217583
V18.mp4,146,0,0,0.34255312994582726
V18.mp4,147,0,0,0.3520462956338128
V18.mp4,148,0,0,0.350413808118728
V18.mp4,149,0,0,0.40168415620645365
V18.mp4,150,0,0,0.4019388089902258
V18.mp4,151,0,0,0.38074403462779316
V18.mp4,152,0,0,0.4229053962531998
V18.mp4,153,0,1,0.6124284042919258
V18.mp4,154,0,1,0.64434225152755
V18.mp4,155,0,1,0.6410827254594433
V18.mp4,156,0,1,0.6374699012447596
V18.mp4,157,0,1,0.7074571036719448
V18.mp4,158,0,1,0.6169920298992774
V18.mp4,159,0,1,0.5609749425730812
V18.mp4,160,0,1,0.5244635498435428
V18.mp4,161,0,0,0.4872033228773173
V18.mp4,162,0,0,0.39077765906342665
V18.mp4,163,0,0,0.46945740557851773
V18.mp4,164,0,0,0.4573269318819962
V18.mp4,165,0,0,0.44322004710479607
V18.mp4,166,0,0,0.4164025653172613
V18.mp4,167,0,0,0.44812580785968226
V18.mp4,168,0,0,0.4231789414485278
V18.mp4,169,0,0,0.3803644653945393
V18.mp4,170,0,0,0.382403814545933
V18.mp4,171,0,0,0.41380818858944934
V18.mp4,172,0,0,0.3964983881152368
V18.mp4,173,0,0,0.40408322149900433
V18.mp4,174,0,0,0.37794700097651246
V18.mp4,175,0,0,0.3313373028728537
V18.mp4,176,0,0,0.330026279879172
V18.mp4,177,0,0,0.3123481661315362
V18.mp4,178,0,0,0.3351226944389664
V18.mp4,179,0,0,0.3220799906364611
V18.mp4,180,0,0,0.2957251587487103
V18.mp4,181,0,0,0.25511304458839196
V18.mp4,182,0,0,0.30048043128858937
V18.mp4,183,0,0,0.26335858438859
V18.mp4,184,0,0,0.2588212266461387
V18.mp4,185,0,0,0.2588212266461387
V18.mp4,186,0,0,0.2588212266461387
V18.mp4,187,0,0,0.2588212266461387
V18.mp4,188,0,0,0.2588212266461387
V18.mp4,189,0,0,0.2588212266461387
V18.mp4,190,0,0,0.2588212266461387
V18.mp4,191,0,0,0.2588212266461387
V18.mp4,192,0,0,0.2588212266461387
V18.mp4,193,0,0,0.2588212266461387
V18.mp4,194,0,0,0.2588212266461387
V18.mp4,195,0,0,0.2588212266461387
V18.mp4,196,0,0,0.2588212266461387
V18.mp4,197,0,0,0.2588212266461387
V18.mp4,198,0,0,0.2588212266461387
V18.mp4,199,0,0,0.2588212266461387
V18.mp4,200,0,0,0.2588212266461387
V18.mp4,201,0,0,0.2588212266461387
V18.mp4,202,0,0,0.2588212266461387
V18.mp4,203,0,0,0.2588212266461387
V18.mp4,204,0,0,0.2588212266461387
V18.mp4,205,0,0,0.2588212266461387
V18.mp4,206,0,0,0.2588212266461387
V18.mp4,207,0,0,0.2588212266461387
V18.mp4,208,0,0,0.2588212266461387
V18.mp4,209,0,0,0.2588212266461387
V18.mp4,210,0,0,0.2588212266461387
V18.mp4,211,0,0,0.2588212266461387
V18.mp4,212,0,0,0.2588212266461387
V18.mp4,213,0,0,0.2588212266461387
V18.mp4,214,0,0,0.2588212266461387
V19.mp4,1,0,0,0.16919318964592708
V19.mp4,2,0,0,0.20165841944222337
V19.mp4,3,0,0,0.28032877944563067
V19.mp4,4,0,0,0.33036300430074006
V19.mp4,5,0,0,0.42733122378192406
V19.mp4,6,0,0,0.2800288073229727
V19.mp4,7,0,0,0.2910146850169258
V19.mp4,8,0,0,0.2943842999378755
V19.mp4,9,0,0,0.3068115434493939
V19.mp4,10,0,0,0.2737453829846041
V19.mp4,11,0,0,0.29119034889487094
V19.mp4,12,0,0,0.32107475677166586
V19.mp4,13,0,0,0.31834803005952855
V19.mp4,14,0,0,0.2986507043696539
V19.mp4,15,0,0,0.27390979740236726
V19.mp4,16,0,0,0.26593607455127816
V19.mp4,17,0,0,0.2621270897377019
V19.mp4,18,0,0,0.30578412244694175
V19.mp4,19,0,0,0.3197984982698348
V19.mp4,20,0,1,0.5248053226571086
V19.mp4,21,0,0,0.414887183829556
V19.mp4,22,0,0,0.350539609663815
V19.mp4,23,0,1,0.6262846122492369
V19.mp4,24,0,1,0.7565707467211737
V19.mp4,25,0,1,0.807073908014607
V19.mp4,26,0,1,0.6593058311277182
V19.mp4,27,0,0,0.47516824728438484
V19.mp4,28,0,0,0.19165735506175494
V19.mp4,29,0,0,0.243955020152761
V19.mp4,30,0,0,0.2392489377887911
V19.mp4,31,0,0,0.24624924988290856
V19.mp4,32,0,0,0.26818995036503196
V19.mp4,33,0,0,0.35637228220741995
V19.mp4,34,0,0,0.2981477141392105
V19.mp4,35,0,0,0.31960966757007087
V19.mp4,36,0,0,0.3949600904369174
V19.mp4,37,0,0,0.49348639771485636
V19.mp4,38,0,0,0.4729249449896718
V19.mp4,39,0,1,0.5585653370366543
V19.mp4,40,0,0,0.45754737377073673
V19.mp4,41,0,0,0.3607411878504449
V19.mp4,42,0,0,0.44364147557845246
V19.mp4,43,0,1,0.5866354906546657
V19.mp4,44,0,1,0.6662968135281266
V19.mp4,45,0,1,0.627179363508937
V19.mp4,46,0,1,0.5651812490966397
V19.mp4,47,0,0,0.33225457982502904
V19.mp4,48,0,0,0.3251864211143375
V19.mp4,49,0,0,0.3453515674786487
V19.mp4,50,0,0,0.37923782792053123
V19.mp4,51,0,0,0.31792374691179
V19.mp4,52,0,0,0.36573207206173525
V19.mp4,53,0,0,0.2709547304021487
V19.mp4,54,0,0,0.26309385735126434
V19.mp4,55,0,0,0.3024297104057392
V19.mp4,56,0,0,0.33112637144649704
V19.mp4,57,0,0,0.3423565444375554
V19.mp4,58,0,0,0.35222107370658434
V19.mp4,59,0,0,0.30791273921678214
V19.mp4,60,0,0,0.2680048166430155
V19.mp4,61,0,0,0.42376323421080786
V19.mp4,62,0,0,0.32827883159202437
V19.mp4,63,0,0,0.35577398168722274
V19.mp4,64,0,0,0.43847763714536603
V19.mp4,65,0,1,0.6534614230823353
V19.mp4,66,0,1,0.5665679985934055
V19.mp4,67,0,1,0.7950326368120851
V19.mp4,68,0,1,0.5096339651601658
V19.mp4,69,0,0,0.3277250267950717
V19.mp4,70,0,0,0.28703018980822165
V19.mp4,71,0,0,0.28070824687149865
V19.mp4,72,0,0,0.2895832998183847
V19.mp4,73,0,0,0.33613633586061825
V19.mp4,74,0,0,0.3491865751657106
V19.mp4,75,0,0,0.3575309168076397
V19.mp4,76,0,1,0.5928270149860273
V19.mp4,77,0,1,0.683189893987756
V19.mp4,78,0,1,0.738965019232099
V19.mp4,79,0,1,0.7894961741806291
V19.mp4,80,0,1,0.8558574816204133
V19.mp4,81,0,1,0.7787523660503981
V19.mp4,82,0,1,0.8461095456671747
V19.mp4,83,1,1,0.6633073924189367
V19.mp4,84,1,0,0.35978856440699963
V19.mp4,85,1,0,0.2995129101260197
V19.mp4,86,1,0,0.3200174118013583
V19.mp4,87,1,0,0.4007315320829941
V19.mp4,88,0,1,0.6513037023534077
V19.mp4,89,0,0,0.3316350084354443
V19.mp4,90,0,0,0.4988684419160777
V19.mp4,91,0,1,0.550617681531999
V19.mp4,92,0,1,0.5594949317678
V19.mp4,93,0,0,0.3095404230476417
V19.mp4,94,0,1,0.6074127632211861
V19.mp4,95,0,0,0.3048038314511659
V19.mp4,96,0,0,0.3056637026225751
V19.mp4,97,0,0,0.3214776545279221
V19.mp4,98,0,0,0.3251026530440262
V19.mp4,99,0,0,0.29123361316913343
V19.mp4,100,0,0,0.30009434119547046
V19.mp4,101,0,0,0.3034835779175911
V19.mp4,102,0,0,0.31773713736766196
V19.mp4,103,0,0,0.31658944643661824
V19.mp4,104,0,0,0.3164347168812647
V19.mp4,105,0,0,0.3139339292193453
V19.mp4,106,0,0,0.33590860485348834
V19.mp4,107,0,0,0.34542671551669246
V19.mp4,108,0,0,0.3962522257505495
V19.mp4,109,0,0,0.3617878262213858
V19.mp4,110,0,0,0.3439183104152623
V19.mp4,111,0,0,0.36093034120412115
V19.mp4,112,0,0,0.41291882655228895
V19.mp4,113,0,0,0.4348844984118009
V19.mp4,114,0,1,0.5306714939627315
V19.mp4,115,0,0,0.4840301775593636
V19.mp4,116,0,0,0.47136657136491805
V19.mp4,117,0,1,0.662996158589536
V19.mp4,118,0,0,0.4759389300104834
V19.mp4,119,0,1,0.5265131884830528
V19.mp4,120,0,1,0.5130952146390323
V19.mp4,121,0,1,0.5175447760600072
V19.mp4,122,0,0,0.40064328921471387
V19.mp4,123,0,0,0.4493814024945112
V19.mp4,124,0,1,0.5618932645371484
V19.mp4,125,0,1,0.6989698682511989
V19.mp4,126,0,1,0.6768325479122597
V19.mp4,127,0,1,0.665909076262795
V19.mp4,128,0,0,0.42709216207633527
V19.mp4,129,0,0,0.3975879652726029
V19.mp4,130,0,0,0.473606308646794
V19.mp4,131,0,1,0.6038098671303015
V19.mp4,132,0,1,0.6715325412400129
V19.mp4,133,0,1,0.5170772875284206
V19.mp4,134,0,0,0.41407814641559815
V19.mp4,135,0,0,0.4010669996934372
V19.mp4,136,0,0,0.43123009413953245
V19.mp4,137,0,0,0.46319592392345305
V19.mp4,138,0,0,0.4659191782789473
V19.mp4,139,0,0,0.49284744084106064
V19.mp4,140,0,1,0.5221862551658385
V19.mp4,141,0,1,0.5348147382030828
V19.mp4,142,0,1,0.5651162264378659
V19.mp4,143,0,1,0.5165056246182993
V19.mp4,144,0,0,0.49510001887961463
V19.mp4,145,0,0,0.4807097271176539
V19.mp4,146,0,0,0.47318239573825943
V19.mp4,147,0,0,0.473498399287445
V19.mp4,148,0,1,0.5027549017192008
V19.mp4,149,0,1,0.5107021838009885
V19.mp4,150,0,1,0.5219199890836538
V19.mp4,151,0,1,0.5169044964917786
V19.mp4,152,0,1,0.5034484898296134
V19.mp4,153,0,0,0.4815205388964626
V19.mp4,154,0,0,0.49935244262108675
V19.mp4,155,0,0,0.4864429437032586
V19.mp4,156,0,1,0.5259799427731079
V19.mp4,157,0,1,0.60469843370165
V19.mp4,158,0,1,0.7107327518069205
V19.mp4,159,0,1,0.6573945262865355
V19.mp4,160,0,1,0.6315884709085561
V19.mp4,161,0,0,0.394921025073126
V19.mp4,162,0,0,0.3762714422610551
V19.mp4,163,0,0,0.3893504546696361
V19.mp4,164,0,0,0.3760722735836576
V19.mp4,165,0,0,0.3586416370060037
V19.mp4,166,0,0,0.3602980674947114
V19.mp4,167,0,0,0.3486361877140704
V19.mp4,168,0,0,0.30823669179018875
V19.mp4,169,0,0,0.31232423820603455
V19.mp4,170,0,0,0.31402924504871466
V19.mp4,171,0,0,0.33438422312833355
V19.mp4,172,0,0,0.37070438995685945
V19.mp4,173,0,0,0.4702400152276254
V19.mp4,174,0,0,0.35615751727072825
V19.mp4,175,0,0,0.38444993659167276
V19.mp4,176,0,0,0.4492486531539449
V19.mp4,177,0,1,0.604630808122553
V19.mp4,178,0,1,0.5197233610283959
V19.mp4,179,0,1,0.6922134841671297
V19.mp4,180,0,0,0.34747201110867343
V19.mp4,181,0,0,0.2826211961839899
V19.mp4,182,0,0,0.29759893028383266
V19.mp4,183,0,0,0.29184810273302714
V19.mp4,184,0,0,0.30918020536874546
V19.mp4,185,0,0,0.28808055717782843
V19.mp4,186,0,0,0.27714894028168896
V19.mp4,187,0,0,0.2758418366217327
V19.mp4,188,0,0,0.276281648896692
V19.mp4,189,0,0,0.29913417015774274
V19.mp4,190,0,0,0.27760816369848884
V19.mp4,191,0,0,0.2617285855308278
V19.mp4,192,0,0,0.28076381986343524
V19.mp4,193,0,0,0.4012689328583491
V19.mp4,194,0,0,0.47287715563699545
V19.mp4,195,0,1,0.5727786278136866
V19.mp4,196,0,0,0.4881890461398976
V19.mp4,197,0,0,0.329748997034291
V19.mp4,198,0,0,0.26337681011639863
V19.mp4,199,0,0,0.284389698905798
V19.mp4,200,0,0,0.3184962255495016
V19.mp4,201,0,0,0.36577604577624395
V19.mp4,202,0,0,0.3621730086181579
V19.mp4,203,0,0,0.37222568144959167
V19.mp4,204,0,0,0.42414336619288073
V19.mp4,205,0,0,0.46661075838325466
V19.mp4,206,0,1,0.595495981867399
V19.mp4,207,0,0,0.485122669212483
V19.mp4,208,0,1,0.5184028626521752
V19.mp4,209,0,1,0.5450839046899215
V19.mp4,210,0,1,0.5606939611246616
V19.mp4,211,0,0,0.46199951133636946
V19.mp4,212,0,0,0.4884174176101774
V19.mp4,213,0,0,0.41842005209645594
V19.mp4,214,0,0,0.35792412973275806
V19.mp4,215,0,0,0.32551084575698064
V19.mp4,216,0,0,0.36696344760071115
V19.mp4,217,0,0,0.3906264277641021
V19.mp4,218,0,0,0.44247917842320866
V19.mp4,219,0,0,0.4582621310999706
V19.mp4,220,0,0,0.4748793695160392
V19.mp4,221,0,0,0.426547043164461
V19.mp4,222,0,0,0.46852907548737777
V19.mp4,223,0,1,0.507203376568171
V19.mp4,224,0,1,0.6003978798408486
V19.mp4,225,0,1,0.5891801569558145
V19.mp4,226,0,1,0.563668846308476
V19.mp4,227,0,0,0.3686593331703165
V19.mp4,228,0,0,0.3325926999609708
V19.mp4,229,0,0,0.3139746677887413
V19.mp4,230,0,0,0.3139746677887413
V19.mp4,231,0,0,0.3139746677887413
V19.mp4,232,0,0,0.3139746677887413
V19.mp4,233,0,0,0.3139746677887413
V19.mp4,234,0,0,0.3139746677887413
V19.mp4,235,0,0,0.3139746677887413
V19.mp4,236,0,0,0.3139746677887413
V19.mp4,237,0,0,0.3139746677887413
V19.mp4,238,0,0,0.3139746677887413
V19.mp4,239,0,0,0.3139746677887413
V19.mp4,240,0,0,0.3139746677887413
V19.mp4,241,0,0,0.3139746677887413
V19.mp4,242,0,0,0.3139746677887413
V19.mp4,243,0,0,0.3139746677887413
V19.mp4,244,0,0,0.3139746677887413
V19.mp4,245,0,0,0.3139746677887413
V19.mp4,246,0,0,0.3139746677887413
V19.mp4,247,0,0,0.3139746677887413
V19.mp4,248,0,0,0.3139746677887413
V19.mp4,249,0,0,0.3139746677887413
V19.mp4,250,0,0,0.3139746677887413
V19.mp4,251,0,0,0.3139746677887413
V19.mp4,252,0,0,0.3139746677887413
V19.mp4,253,0,0,0.3139746677887413
V19.mp4,254,0,0,0.3139746677887413
V19.mp4,255,0,0,0.3139746677887413
V19.mp4,256,0,0,0.3139746677887413
V19.mp4,257,0,0,0.3139746677887413
V19.mp4,258,0,0,0.3139746677887413
V19.mp4,259,0,0,0.3139746677887413
V19.mp4,260,0,0,0.3139746677887413
V19.mp4,261,0,0,0.3139746677887413
V19.mp4,262,0,0,0.3139746677887413
V19.mp4,263,0,0,0.3139746677887413
V19.mp4,264,0,0,0.3139746677887413
V19.mp4,265,0,0,0.3139746677887413
V19.mp4,266,0,0,0.3139746677887413
V19.mp4,267,0,0,0.3139746677887413
V19.mp4,268,0,0,0.3139746677887413
V19.mp4,269,0,0,0.3139746677887413
V19.mp4,270,0,0,0.3139746677887413
V19.mp4,271,0,0,0.3139746677887413
V19.mp4,272,0,0,0.3139746677887413
V19.mp4,273,0,0,0.3139746677887413
V19.mp4,274,0,0,0.3139746677887413
V19.mp4,275,0,0,0.3139746677887413
V2.mp4,1,0,0,0.21099246438426417
V2.mp4,2,0,0,0.23410079519222252
V2.mp4,3,0,0,0.3159933502086781
V2.mp4,4,0,0,0.39263541979847455
V2.mp4,5,0,1,0.5347000087693451
V2.mp4,6,0,0,0.3739861550043657
V2.mp4,7,0,0,0.3251329072691177
V2.mp4,8,0,0,0.31595930919026244
V2.mp4,9,0,0,0.30328467744441884
V2.mp4,10,0,0,0.27887928014602054
V2.mp4,11,0,0,0.27106383293756176
V2.mp4,12,0,0,0.2711734479510683
V2.mp4,13,0,0,0.2761966209119883
V2.mp4,14,0,0,0.2820214099654803
V2.mp4,15,0,0,0.300033201647453
V2.mp4,16,0,0,0.3053814018452919
V2.mp4,17,0,0,0.4366506031624652
V2.mp4,18,0,0,0.42389265559019473
V2.mp4,19,0,0,0.4353535679719796
V2.mp4,20,0,0,0.40440246637219635
V2.mp4,21,0,1,0.6548442577132573
V2.mp4,22,0,1,0.7444285958234047
V2.mp4,23,0,1,0.9000051461789546
V2.mp4,24,0,1,0.851588893616282
V2.mp4,25,0,1,0.7012540887772312
V2.mp4,26,0,1,0.5517452556008007
V2.mp4,27,0,1,0.5515550229864822
V2.mp4,28,0,0,0.4782328701957529
V2.mp4,29,0,0,0.3686537061249401
V2.mp4,30,0,0,0.31630717355039906
V2.mp4,31,0,0,0.3134385636347813
V2.mp4,32,0,0,0.33456537029879413
V2.mp4,33,0,0,0.3190791009193699
V2.mp4,34,0,0,0.3360629098537896
V2.mp4,35,0,0,0.3257182553009748
V2.mp4,36,0,0,0.3254826154456661
V2.mp4,37,0,0,0.32464705172463465
V2.mp4,38,0,0,0.3395529742793636
V2.mp4,39,0,0,0.3331936423085014
V2.mp4,40,0,0,0.3249422369324514
V2.mp4,41,0,0,0.33279521337663115
V2.mp4,42,0,0,0.31402205244226417
V2.mp4,43,0,0,0.3219773521333954
V2.mp4,44,0,0,0.3259214028446445
V2.mp4,45,0,0,0.32879482248520314
V2.mp4,46,0,0,0.3165231556546364
V2.mp4,47,0,0,0.3174032043398853
V2.mp4,48,0,0,0.3255719070604608
V2.mp4,49,0,0,0.32036404943574
V2.mp4,50,0,0,0.32189994786537557
V2.mp4,51,0,0,0.2943301482640958
V2.mp4,52,0,0,0.2990710096125358
V2.mp4,53,0,0,0.30491543452869824
V2.mp4,54,0,0,0.2994260553164034
V2.mp4,55,0,0,0.3323153323790443
V2.mp4,56,0,0,0.3747878324351549
V2.mp4,57,0,0,0.3858490036833476
V2.mp4,58,0,0,0.34992235205189526
V2.mp4,59,0,0,0.43755951566504275
V2.mp4,60,0,1,0.521065658395118
V2.mp4,61,0,0,0.49509766007200995
V2.mp4,62,0,0,0.4335873634812073
V2.mp4,63,0,0,0.33061109243107595
V2.mp4,64,0,0,0.31851700070670097
V2.mp4,65,0,0,0.2943713900143167
V2.mp4,66,0,0,0.2948098158342212
V2.mp4,67,0,0,0.3317527577470932
V2.mp4,68,0,0,0.36202338671934436
V2.mp4,69,0,0,0.3918202292361099
V2.mp4,70,0,0,0.3797147887670617
V2.mp4,71,0,0,0.4432894034266174
V2.mp4,72,0,0,0.46459928001678463
V2.mp4,73,0,0,0.4690921789352785
V2.mp4,74,0,0,0.4316073649518156
V2.mp4,75,0,0,0.3591759309962436
V2.mp4,76,0,0,0.3387700976865009
V2.mp4,77,0,0,0.3079580315024175
V2.mp4,78,0,1,0.6924256021353434
V2.mp4,79,0,0,0.44600402704675624
V2.mp4,80,0,1,0.5244986734605177
V2.mp4,81,1,1,0.6661988364853245
V2.mp4,82,1,1,0.8826155957966751
V2.mp4,83,1,1,0.8671174068813154
V2.mp4,84,1,1,0.9424640414304424
V2.mp4,85,1,1,0.8265184038140884
V2.mp4,86,0,1,0.5021909314361193
V2.mp4,87,0,0,0.4647671369172757
V2.mp4,88,0,0,0.39139211978859906
V2.mp4,89,0,0,0.34585794044537954
V2.mp4,90,0,0,0.29873541954895316
V2.mp4,91,0,0,0.3160850747582139
V2.mp4,92,0,0,0.32281501532094276
V2.mp4,93,0,0,0.32205290776226003
V2.mp4,94,0,0,0.3436082736283769
V2.mp4,95,0,0,0.3276884891424872
V2.mp4,96,0,0,0.3304590784002588
V2.mp4,97,0,0,0.3231051874360148
V2.mp4,98,0,0,0.33934044857900136
V2.mp4,99,0,0,0.3302373709684792
V2.mp4,100,0,0,0.37114872514992076
V2.mp4,101,0,0,0.33536000122792614
V2.mp4,102,0,0,0.3125376366458862
V2.mp4,103,0,0,0.3203564056216923
V2.mp4,104,0,0,0.34278656434386795
V2.mp4,105,0,0,0.35411189098095125
V2.mp4,106,0,0,0.3633181090713102
V2.mp4,107,0,0,0.436943663823724
V2.mp4,108,0,0,0.4148542789309327
V2.mp4,109,0,1,0.5138153021921501
V2.mp4,110,0,1,0.6916943020782456
V2.mp4,111,0,0,0.45919491664454704
V2.mp4,112,0,1,0.6170512689727836
V2.mp4,113,0,1,0.6950935714282268
V2.mp4,114,0,1,0.7664384327539159
V2.mp4,115,0,1,0.5773892689864855
V2.mp4,116,0,1,0.6240798167314552
V2.mp4,117,0,0,0.42408437807034416
V2.mp4,118,0,0,0.2864426033220632
V2.mp4,119,0,0,0.42507815658135123
V2.mp4,120,0,0,0.3556731830055221
V2.mp4,121,0,0,0.3402802665715978
V2.mp4,122,0,0,0.3334487783461367
V2.mp4,123,0,0,0.3452451252202684
V2.mp4,124,0,0,0.3319372485772235
V2.mp4,125,0,0,0.3625050495446435
V2.mp4,126,0,0,0.3786624293321828
V2.mp4,127,0,0,0.3648648532666513
V2.mp4,128,0,0,0.35327783886466757
V2.mp4,129,0,0,0.38182224940361736
V2.mp4,130,0,0,0.4270198145723754
V2.mp4,131,0,0,0.4354525594706462
V2.mp4,132,0,0,0.4229315100564582
V2.mp4,133,0,0,0.3426007423724748
V2.mp4,134,0,0,0.3152252488412717
V2.mp4,135,0,0,0.31495733312435403
V2.mp4,136,0,0,0.31863323744379857
V2.mp4,137,0,0,0.33194846505556785
V2.mp4,138,0,0,0.33413574106169724
V2.mp4,139,0,0,0.3270056318642539
V2.mp4,140,0,0,0.33947579891672647
V2.mp4,141,0,0,0.3275934474189422
V2.mp4,142,0,0,0.345921585556658
V2.mp4,143,0,0,0.3578913789768346
V2.mp4,144,0,0,0.37991519182403344
V2.mp4,145,0,0,0.3692556501859203
V2.mp4,146,0,0,0.35860721093167164
V2.mp4,147,0,0,0.341018199735673
V2.mp4,148,0,0,0.32247067857656836
V2.mp4,149,0,0,0.30655346781892606
V2.mp4,150,0,0,0.2959765041390171
V2.mp4,151,0,0,0.2861746452587464
V2.mp4,152,0,0,0.28546744563138243
V2.mp4,153,0,0,0.3063074566215907
V2.mp4,154,0,0,0.3547296214141327
V2.mp4,155,0,0,0.3656355477091552
V2.mp4,156,0,0,0.4083513998058395
V2.mp4,157,0,0,0.4869149532860909
V2.mp4,158,0,0,0.4945910896397983
V2.mp4,159,0,0,0.4548245208078906
V2.mp4,160,0,1,0.5981929214180782
V2.mp4,161,0,1,0.6161493942632745
V2.mp4,162,0,1,0.678367584824727
V2.mp4,163,0,1,0.5132828015440737
V2.mp4,164,0,1,0.5046964660657963
V2.mp4,165,0,0,0.3753097624683592
V2.mp4,166,0,0,0.3930833986369654
V2.mp4,167,0,0,0.41159916433559857
V2.mp4,168,0,0,0.4231621602470293
V2.mp4,169,0,0,0.46662705509271973
V2.mp4,170,0,0,0.4557045784114126
V2.mp4,171,0,0,0.4631178363198525
V2.mp4,172,0,0,0.47934000688903183
V2.mp4,173,0,0,0.45308622122689984
V2.mp4,174,0,0,0.4173377981357207
V2.mp4,175,0,0,0.39118904531383497
V2.mp4,176,0,0,0.37888452371007897
V2.mp4,177,0,0,0.36691756545403276
V2.mp4,178,0,0,0.37793722060755114
V2.mp4,179,0,0,0.4059221520602009
V2.mp4,180,0,0,0.4332961681840038
V2.mp4,181,0,0,0.45932771471685097
V2.mp4,182,0,0,0.4451859681162013
V2.mp4,183,0,0,0.43981031069521703
V2.mp4,184,0,0,0.4356780727372192
V2.mp4,185,0,0,0.4281316224817215
V2.mp4,186,0,0,0.48085641888830255
V2.mp4,187,0,1,0.5312163622670132
V2.mp4,188,0,1,0.5285522016035475
V2.mp4,189,0,1,0.5112624248894634
V2.mp4,190,0,0,0.45458411414766026
V2.mp4,191,0,0,0.43358622801460484
V2.mp4,192,0,0,0.456149748697991
V2.mp4,193,0,0,0.4668875492087684
V2.mp4,194,0,0,0.46720939321139066
V2.mp4,195,0,0,0.47134553354643377
V2.mp4,196,0,0,0.48104875576151457
V2.mp4,197,0,0,0.426568079621424
V2.mp4,198,0,0,0.4091368007094451
V2.mp4,199,0,0,0.406445233537409
V2.mp4,200,0,0,0.41255673329190345
V2.mp4,201,0,0,0.3914706134104443
V2.mp4,202,0,0,0.37510405633676014
V2.mp4,203,0,0,0.3597707537007846
V2.mp4,204,0,0,0.37093596971185583
V2.mp4,205,0,0,0.35326451194970604
V2.mp4,206,0,0,0.32950705536713665
V2.mp4,207,0,0,0.321374913184953
V2.mp4,208,0,0,0.33671593945257206
V2.mp4,209,0,0,0.3324143857789118
V2.mp4,210,0,0,0.32869832803891985
V2.mp4,211,0,0,0.34558062893045344
V2.mp4,212,0,0,0.3601556934921975
V2.mp4,213,0,0,0.3546295430818225
V2.mp4,214,0,0,0.3460297710941423
V2.mp4,215,0,0,0.33330660696663705
V2.mp4,216,0,0,0.32626297586404807
V2.mp4,217,0,0,0.3198513542077763
V2.mp4,218,0,0,0.31997263764183964
V2.mp4,219,0,0,0.32508855947535653
V2.mp4,220,0,0,0.31281336123716985
V2.mp4,221,0,0,0.31200788600523577
V2.mp4,222,0,0,0.29995600202480666
V2.mp4,223,0,0,0.30907970621417974
V2.mp4,224,0,0,0.37651799822785176
V2.mp4,225,0,1,0.5260353719762663
V2.mp4,226,0,0,0.41973148798908777
V2.mp4,227,0,0,0.47021950359061465
V2.mp4,228,0,1,0.5251966229558023
V2.mp4,229,0,1,0.6873074630595853
V2.mp4,230,0,1,0.6097011713551937
V2.mp4,231,0,1,0.7633916346947272
V2.mp4,232,0,0,0.4916676427628145
V2.mp4,233,0,0,0.3924390673729582
V2.mp4,234,0,0,0.3494202880821526
V2.mp4,235,0,0,0.43457461327053315
V2.mp4,236,0,0,0.4475363255859616
V2.mp4,237,0,0,0.41359892232245155
V2.mp4,238,0,0,0.4495010923377891
V2.mp4,239,0,0,0.4229925626899528
V2.mp4,240,0,0,0.4229925626899528
V2.mp4,241,0,0,0.4229925626899528
V2.mp4,242,0,0,0.4229925626899528
V2.mp4,243,0,0,0.4229925626899528
V2.mp4,244,0,0,0.4229925626899528
V2.mp4,245,0,0,0.4229925626899528
V2.mp4,246,0,0,0.4229925626899528
V2.mp4,247,0,0,0.4229925626899528
V2.mp4,248,0,0,0.4229925626899528
V2.mp4,249,0,0,0.4229925626899528
V2.mp4,250,0,0,0.4229925626899528
V2.mp4,251,0,0,0.4229925626899528
V2.mp4,252,0,0,0.4229925626899528
V2.mp4,253,0,0,0.4229925626899528
V2.mp4,254,0,0,0.4229925626899528
V2.mp4,255,0,0,0.4229925626899528
V2.mp4,256,0,0,0.4229925626899528
V2.mp4,257,0,0,0.4229925626899528
V2.mp4,258,0,0,0.4229925626899528
V2.mp4,259,0,0,0.4229925626899528
V2.mp4,260,0,0,0.4229925626899528
V2.mp4,261,0,0,0.4229925626899528
V2.mp4,262,0,0,0.4229925626899528
V2.mp4,263,0,0,0.4229925626899528
V20.mp4,1,0,0,0.18753487023532084
V20.mp4,2,0,0,0.21571756655798774
V20.mp4,3,0,0,0.32237226845248723
V20.mp4,4,0,0,0.416564365928344
V20.mp4,5,0,1,0.5331343421620197
V20.mp4,6,0,0,0.3852545668439022
V20.mp4,7,0,0,0.3327856116851642
V20.mp4,8,0,0,0.3165410188268814
V20.mp4,9,0,0,0.32107646918553573
V20.mp4,10,0,0,0.3448305133354012
V20.mp4,11,0,0,0.36485102814143316
V20.mp4,12,0,0,0.3418173029525191
V20.mp4,13,0,0,0.31306527878521406
V20.mp4,14,0,0,0.31198116307645507
V20.mp4,15,0,0,0.34434781227834826
V20.mp4,16,0,0,0.36530532073633326
V20.mp4,17,0,0,0.35513961863446786
V20.mp4,18,0,0,0.37955754772190076
V20.mp4,19,0,0,0.4571819048319667
V20.mp4,20,0,0,0.4715174359783873
V20.mp4,21,0,0,0.4345941551870396
V20.mp4,22,0,0,0.37472163650259493
V20.mp4,23,0,0,0.3185076503629236
V20.mp4,24,0,0,0.2825988601382261
V20.mp4,25,0,0,0.2967370427762905
V20.mp4,26,0,0,0.28572344162120844
V20.mp4,27,0,0,0.2934525447379464
V20.mp4,28,0,0,0.29145237884795966
V20.mp4,29,0,0,0.2928750004269207
V20.mp4,30,0,0,0.27090482933917287
V20.mp4,31,0,0,0.30293412641298056
V20.mp4,32,0,0,0.3416613917090467
V20.mp4,33,0,0,0.3220230019694567
V20.mp4,34,0,0,0.3730205237199433
V20.mp4,35,0,0,0.39127004559115647
V20.mp4,36,0,0,0.3897485679165896
V20.mp4,37,0,0,0.35826643345816495
V20.mp4,38,0,0,0.38066694637456094
V20.mp4,39,0,0,0.3691474005864434
V20.mp4,40,0,0,0.35415178615628123
V20.mp4,41,0,0,0.34716971145780984
V20.mp4,42,0,0,0.32742904265484807
V20.mp4,43,0,0,0.2965601068726889
V20.mp4,44,0,0,0.2942385912521363
V20.mp4,45,0,0,0.3252098137614898
V20.mp4,46,0,0,0.33001665285623755
V20.mp4,47,0,0,0.3340017779882637
V20.mp4,48,0,0,0.3178186908420701
V20.mp4,49,0,0,0.3274946056421146
V20.mp4,50,0,0,0.33160726759688225
V20.mp4,51,0,0,0.3747633441788462
V20.mp4,52,0,0,0.3625490967218711
V20.mp4,53,0,0,0.3427046971038963
V20.mp4,54,0,0,0.3354620408773574
V20.mp4,55,0,0,0.3342871694884301
V20.mp4,56,0,0,0.3304323485361161
V20.mp4,57,0,0,0.3212734377960231
V20.mp4,58,0,0,0.33269887219298605
V20.mp4,59,0,0,0.3337096654607433
V20.mp4,60,0,0,0.356459380120628
V20.mp4,61,0,0,0.3491000164243505
V20.mp4,62,0,0,0.3363388968331859
V20.mp4,63,0,0,0.32456811449283646
V20.mp4,64,0,0,0.3285171119960865
V20.mp4,65,0,0,0.33146209381407343
V20.mp4,66,0,0,0.3240863020049653
V20.mp4,67,0,0,0.3238395821561171
V20.mp4,68,0,0,0.31681773979556155
V20.mp4,69,0,0,0.32826490317528495
V20.mp4,70,0,0,0.3360782330265872
V20.mp4,71,0,0,0.34292908644093856
V20.mp4,72,0,0,0.3240570386288604
V20.mp4,73,0,0,0.3302370519849002
V20.mp4,74,0,0,0.34046474204564925
V20.mp4,75,0,0,0.35362236428585636
V20.mp4,76,0,0,0.41325177332411434
V20.mp4,77,0,0,0.4679109029795589
V20.mp4,78,0,0,0.4645466094323718
V20.mp4,79,0,0,0.4389235235298987
V20.mp4,80,0,0,0.35455181064069435
V20.mp4,81,0,0,0.31402956272150173
V20.mp4,82,0,0,0.2900834995137943
V20.mp4,83,0,0,0.2989038012034596
V20.mp4,84,0,0,0.3007064809768916
V20.mp4,85,0,0,0.3029072315497301
V20.mp4,86,0,0,0.29405986535522505
V20.mp4,87,0,0,0.34989533838931225
V20.mp4,88,0,0,0.3348056185316962
V20.mp4,89,0,0,0.3780869750707956
V20.mp4,90,0,0,0.4301854193217977
V20.mp4,91,0,0,0.4664618827861236
V20.mp4,92,0,0,0.4951166451728568
V20.mp4,93,0,1,0.5188531323180922
V20.mp4,94,0,0,0.4465629157149943
V20.mp4,95,0,0,0.3614095912182211
V20.mp4,96,0,0,0.3556038201280665
V20.mp4,97,0,0,0.3628747005515674
V20.mp4,98,0,0,0.3542786780499669
V20.mp4,99,0,0,0.3627200213054457
V20.mp4,100,0,0,0.3177099913091519
V20.mp4,101,0,0,0.3099542875962581
V20.mp4,102,0,0,0.33064005692327025
V20.mp4,103,0,0,0.4101933088079768
V20.mp4,104,0,0,0.3497282484775086
V20.mp4,105,0,0,0.4349092976739926
V20.mp4,106,0,0,0.49760904320815247
V20.mp4,107,0,1,0.5821135138163706
V20.mp4,108,0,1,0.5091964831106578
V20.mp4,109,0,1,0.5406780304477328
V20.mp4,110,0,0,0.4362566915619215
V20.mp4,111,0,0,0.38715358099927105
V20.mp4,112,0,0,0.43564040642125634
V20.mp4,113,0,0,0.3871306679362446
V20.mp4,114,0,0,0.45660916207551955
V20.mp4,115,0,0,0.4778070230155732
V20.mp4,116,0,1,0.546854360562992
V20.mp4,117,0,1,0.5067434809088572
V20.mp4,118,0,1,0.5068430471862345
V20.mp4,119,0,1,0.5361199763255183
V20.mp4,120,0,1,0.8480832006373358
V20.mp4,121,0,1,0.8940365408948415
V20.mp4,122,1,1,0.956550751600538
V20.mp4,123,1,1,0.824799977442447
V20.mp4,124,1,1,0.657604519081514
V20.mp4,125,1,0,0.4486984170322618
V20.mp4,126,1,0,0.43645977778207307
V20.mp4,127,0,0,0.38560416513102236
V20.mp4,128,0,0,0.36501584865734793
V20.mp4,129,0,0,0.3421763034892335
V20.mp4,130,0,0,0.3617230104423462
V20.mp4,131,0,0,0.3441648596293492
V20.mp4,132,0,0,0.33031233618655526
V20.mp4,133,0,0,0.3002104847920862
V20.mp4,134,0,0,0.31373611193235185
V20.mp4,135,0,0,0.3231321979677886
V20.mp4,136,0,0,0.33171085331930267
V20.mp4,137,0,0,0.34137462537993013
V20.mp4,138,0,0,0.32755315999333756
V20.mp4,139,0,0,0.33406755701806146
V20.mp4,140,0,0,0.3374679767723084
V20.mp4,141,0,0,0.3588633803214698
V20.mp4,142,0,0,0.3514457452307629
V20.mp4,143,0,0,0.37623445001713574
V20.mp4,144,0,0,0.3766743909167522
V20.mp4,145,0,0,0.33954383193743587
V20.mp4,146,0,0,0.3090339641150978
V20.mp4,147,0,0,0.3170391619607474
V20.mp4,148,0,0,0.32481648073676533
V20.mp4,149,0,0,0.30472923085248604
V20.mp4,150,0,0,0.3227458395362623
V20.mp4,151,0,0,0.3571421859427228
V20.mp4,152,0,0,0.3740108575322018
V20.mp4,153,0,0,0.35034808677939205
V20.mp4,154,0,0,0.35897739681443475
V20.mp4,155,0,0,0.4985318969102259
V20.mp4,156,0,1,0.6070547279122702
V20.mp4,157,0,0,0.4772085890725072
V20.mp4,158,0,1,0.6823063117520436
V20.mp4,159,0,1,0.7234452805891015
V20.mp4,160,0,1,0.809369025719548
V20.mp4,161,0,1,0.6944864736709117
V20.mp4,162,0,1,0.7238464527597326
V20.mp4,163,0,0,0.4272758077507442
V20.mp4,164,0,0,0.3434706237625675
V20.mp4,165,0,0,0.31375455053200163
V20.mp4,166,0,0,0.28512611279984196
V20.mp4,167,0,0,0.28347804668760246
V20.mp4,168,0,0,0.3223199182907104
V20.mp4,169,0,0,0.37817539207834533
V20.mp4,170,0,0,0.35404788909078444
V20.mp4,171,0,0,0.37925294296977097
V20.mp4,172,0,0,0.38818823847299955
V20.mp4,173,0,0,0.3930790132949313
V20.mp4,174,0,0,0.3913100216834607
V20.mp4,175,0,0,0.4351275844164248
V20.mp4,176,0,0,0.4398678089133857
V20.mp4,177,0,0,0.4023733608500174
V20.mp4,178,0,0,0.3919249664569807
V20.mp4,179,0,0,0.3861757125047714
V20.mp4,180,0,0,0.37863366258057196
V20.mp4,181,0,0,0.39072803305460496
V20.mp4,182,0,0,0.42958628747384436
V20.mp4,183,0,0,0.3884477102311023
V20.mp4,184,0,0,0.3913029848040928
V20.mp4,185,0,0,0.4266316419238571
V20.mp4,186,0,0,0.4619447881451185
V20.mp4,187,0,0,0.450914167366031
V20.mp4,188,0,0,0.41987477710831017
V20.mp4,189,0,0,0.3489592307642957
V20.mp4,190,0,0,0.32269087721448003
V20.mp4,191,0,0,0.33129680764487746
V20.mp4,192,0,0,0.35138412132807106
V20.mp4,193,0,0,0.3921130818244736
V20.mp4,194,0,0,0.44239195343941107
V20.mp4,195,0,0,0.4358556790682274
V20.mp4,196,0,0,0.445156991942231
V20.mp4,197,0,0,0.4441133330712904
V20.mp4,198,0,0,0.46898709400876454
V20.mp4,199,0,0,0.42915966851927495
V20.mp4,200,0,0,0.44902933439507775
V20.mp4,201,0,0,0.41546057162603095
V20.mp4,202,0,0,0.39158261705295544
V20.mp4,203,0,0,0.3367087972274542
V20.mp4,204,0,0,0.3462424888627653
V20.mp4,205,0,0,0.32829117790659157
V20.mp4,206,0,0,0.3334814689967945
V20.mp4,207,0,0,0.3348653971676501
V20.mp4,208,0,0,0.3257949649491483
V20.mp4,209,0,0,0.32111297972923164
V20.mp4,210,0,0,0.3341620001039685
V20.mp4,211,0,0,0.33735441460546367
V20.mp4,212,0,0,0.3498070849345997
V20.mp4,213,0,0,0.32248748337723965
V20.mp4,214,0,0,0.33911874747209303
V20.mp4,215,0,0,0.35406366226274794
V20.mp4,216,0,0,0.34213260195822875
V20.mp4,217,0,0,0.32987629281951086
V20.mp4,218,0,0,0.34547547504213577
V20.mp4,219,0,0,0.3573776107794763
V20.mp4,220,0,0,0.3554155836380204
V20.mp4,221,0,0,0.3494513549806601
V20.mp4,222,0,0,0.36133813127868364
V20.mp4,223,0,0,0.36177308467729924
V20.mp4,224,0,0,0.41469242589919614
V20.mp4,225,0,0,0.3798245217956006
V20.mp4,226,0,0,0.36994919068833765
V20.mp4,227,0,0,0.3595738567147026
V20.mp4,228,0,0,0.35275281971495037
V20.mp4,229,0,0,0.3141127375121154
V20.mp4,230,0,0,0.33878907093270366
V20.mp4,231,0,0,0.348773744476824
V20.mp4,232,0,0,0.3265070177757183
V20.mp4,233,0,0,0.3002852901273651
V20.mp4,234,0,0,0.29094351250084405
V20.mp4,235,0,0,0.29490317203046634
V20.mp4,236,0,0,0.33170604598963466
V20.mp4,237,0,0,0.34895231635626944
V20.mp4,238,0,0,0.3516037839672383
V20.mp4,239,0,0,0.3546244118683105
V20.mp4,240,0,0,0.3925581098598997
V20.mp4,241,0,0,0.40217032942495884
V20.mp4,242,0,0,0.39010844912743226
V20.mp4,243,0,0,0.34036897335528016
V20.mp4,244,0,0,0.32707294339383214
V20.mp4,245,0,0,0.33335181992041696
V20.mp4,246,0,0,0.35043717458600954
V20.mp4,247,0,0,0.3914202305352537
V20.mp4,248,0,0,0.3997595096760651
V20.mp4,249,0,0,0.3920454672349677
V20.mp4,250,0,0,0.35096193426430583
V20.mp4,251,0,0,0.33492005433581795
V20.mp4,252,0,0,0.3122338642823073
V20.mp4,253,0,0,0.3370512062557693
V20.mp4,254,0,0,0.29413281085527637
V20.mp4,255,0,0,0.2936917853128072
V20.mp4,256,0,0,0.2936917853128072
V20.mp4,257,0,0,0.2936917853128072
V20.mp4,258,0,0,0.2936917853128072
V20.mp4,259,0,0,0.2936917853128072
V20.mp4,260,0,0,0.2936917853128072
V20.mp4,261,0,0,0.2936917853128072
V20.mp4,262,0,0,0.2936917853128072
V20.mp4,263,0,0,0.2936917853128072
V20.mp4,264,0,0,0.2936917853128072
V20.mp4,265,0,0,0.2936917853128072
V20.mp4,266,0,0,0.2936917853128072
V20.mp4,267,0,0,0.2936917853128072
V20.mp4,268,0,0,0.2936917853128072
V20.mp4,269,0,0,0.2936917853128072
V20.mp4,270,0,0,0.2936917853128072
V20.mp4,271,0,0,0.2936917853128072
V20.mp4,272,0,0,0.2936917853128072
V20.mp4,273,0,0,0.2936917853128072
V20.mp4,274,0,0,0.2936917853128072
V20.mp4,275,0,0,0.2936917853128072
V20.mp4,276,0,0,0.2936917853128072
V20.mp4,277,0,0,0.2936917853128072
V20.mp4,278,0,0,0.2936917853128072
V20.mp4,279,0,0,0.2936917853128072
V20.mp4,280,0,0,0.2936917853128072
V20.mp4,281,0,0,0.2936917853128072
V3.mp4,1,0,0,0.2665966845657603
V3.mp4,2,0,0,0.2822760355407652
V3.mp4,3,0,1,0.5013493013967018
V3.mp4,4,0,0,0.3529798907077835
V3.mp4,5,0,0,0.3556140794920674
V3.mp4,6,0,0,0.29359428116137243
V3.mp4,7,0,0,0.317594209410187
V3.mp4,8,0,0,0.313382767247965
V3.mp4,9,0,0,0.2808837004320282
V3.mp4,10,0,0,0.30259624487107656
V3.mp4,11,0,0,0.27603775262389596
V3.mp4,12,0,0,0.2778952639530975
V3.mp4,13,0,0,0.31839015257793424
V3.mp4,14,0,0,0.4415909058824654
V3.mp4,15,0,0,0.45191457476282454
V3.mp4,16,0,1,0.5646551644112184
V3.mp4,17,0,0,0.45225540299110745
V3.mp4,18,0,0,0.42546554777471873
V3.mp4,19,0,0,0.2985406686191535
V3.mp4,20,0,0,0.25861911298788703
V3.mp4,21,0,0,0.3116999403155572
V3.mp4,22,0,0,0.23129307711562822
V3.mp4,23,0,0,0.29455782558376553
V3.mp4,24,0,0,0.2146379878092272
V3.mp4,25,0,0,0.3081408086715333
V3.mp4,26,0,0,0.2791024929872131
V3.mp4,27,0,0,0.3052637670404458
V3.mp4,28,0,0,0.31244973897131356
V3.mp4,29,0,0,0.40099589975096117
V3.mp4,30,0,0,0.4202927118290615
V3.mp4,31,0,0,0.49729898001687484
V3.mp4,32,0,0,0.4284965117921784
V3.mp4,33,0,0,0.3486556426371696
V3.mp4,34,0,0,0.32908118387936025
V3.mp4,35,0,0,0.3408578670038178
V3.mp4,36,0,0,0.351469299363668
V3.mp4,37,0,0,0.3270289554812352
V3.mp4,38,0,0,0.3990711203524606
V3.mp4,39,0,0,0.34138173907742897
V3.mp4,40,0,0,0.2932433351874457
V3.mp4,41,0,0,0.3121421978975312
V3.mp4,42,0,0,0.2905467254407034
V3.mp4,43,0,0,0.2841903908536934
V3.mp4,44,0,0,0.3192605089183269
V3.mp4,45,0,0,0.33180164098281645
V3.mp4,46,0,0,0.31219665603688324
V3.mp4,47,0,0,0.34155359665864
V3.mp4,48,0,0,0.3355462181416424
V3.mp4,49,0,0,0.3502357015963351
V3.mp4,50,0,0,0.3282193939386617
V3.mp4,51,0,0,0.32208175836353004
V3.mp4,52,0,0,0.3187037086683808
V3.mp4,53,0,0,0.3063142654242006
V3.mp4,54,0,0,0.26874521377335364
V3.mp4,55,0,0,0.2572109848160048
V3.mp4,56,0,0,0.27173173710518855
V3.mp4,57,0,0,0.29445422156746015
V3.mp4,58,0,0,0.289843987305056
V3.mp4,59,0,0,0.46068702577471615
V3.mp4,60,0,0,0.3157567537564157
V3.mp4,61,0,0,0.4967768060635089
V3.mp4,62,0,0,0.3673203276367453
V3.mp4,63,0,1,0.5982228921876779
V3.mp4,64,0,0,0.3215411863715653
V3.mp4,65,0,0,0.28612909022979605
V3.mp4,66,0,0,0.3071371369503398
V3.mp4,67,0,0,0.34984655771657686
V3.mp4,68,0,0,0.31620702696377573
V3.mp4,69,0,0,0.2812485091858788
V3.mp4,70,0,0,0.3009638497313642
V3.mp4,71,0,0,0.34391623529492893
V3.mp4,72,0,0,0.3504763965288656
V3.mp4,73,1,0,0.316324100375117
V3.mp4,74,1,0,0.3922263317760739
V3.mp4,75,1,1,0.9588835039713897
V3.mp4,76,1,1,0.6197376139103657
V3.mp4,77,1,1,0.9014542172745237
V3.mp4,78,0,1,0.7863805384665691
V3.mp4,79,0,1,0.9434547014456585
V3.mp4,80,0,1,0.6674834460893356
V3.mp4,81,0,0,0.3488244122460681
V3.mp4,82,0,0,0.47536141408943694
V3.mp4,83,0,0,0.31108713610478084
V3.mp4,84,0,0,0.468147074242455
V3.mp4,85,0,0,0.30984771430297076
V3.mp4,86,0,0,0.3518871213512568
V3.mp4,87,0,0,0.3679619284077027
V3.mp4,88,0,0,0.4202616175234695
V3.mp4,89,0,0,0.31125205805281986
V3.mp4,90,0,0,0.3132531050883399
V3.mp4,91,0,0,0.35305207526009946
V3.mp4,92,0,0,0.37581471815271156
V3.mp4,93,0,0,0.3418483826337295
V3.mp4,94,0,0,0.3174530509143225
V3.mp4,95,0,0,0.2927624897826208
V3.mp4,96,0,0,0.2680706242185383
V3.mp4,97,0,0,0.2946976753523439
V3.mp4,98,0,0,0.2866250773669735
V3.mp4,99,0,0,0.32654000504291425
V3.mp4,100,0,0,0.36400808781603117
V3.mp4,101,0,0,0.3638846128158268
V3.mp4,102,0,0,0.34456363191688666
V3.mp4,103,0,0,0.3252284955516421
V3.mp4,104,0,0,0.35754992685938286
V3.mp4,105,0,0,0.37254896374997953
V3.mp4,106,0,0,0.45020990761548174
V3.mp4,107,0,0,0.4091425341688464
V3.mp4,108,0,1,0.5664873029106697
V3.mp4,109,0,0,0.3685524230573181
V3.mp4,110,0,0,0.3500990098712933
V3.mp4,111,0,0,0.3487380983617908
V3.mp4,112,0,0,0.349443313941847
V3.mp4,113,0,0,0.33095366828711553
V3.mp4,114,0,0,0.3516553501893566
V3.mp4,115,0,0,0.3223619706005445
V3.mp4,116,0,0,0.35668987580886496
V3.mp4,117,0,0,0.3888640736433888
V3.mp4,118,0,0,0.3867470799406414
V3.mp4,119,0,0,0.3895181852561338
V3.mp4,120,0,0,0.37401436140913363
V3.mp4,121,0,0,0.4101220317704117
V3.mp4,122,0,0,0.38388705857256883
V3.mp4,123,0,0,0.3998773141210548
V3.mp4,124,0,0,0.4380497780989127
V3.mp4,125,0,1,0.5493155259994223
V3.mp4,126,0,1,0.5238188508187519
V3.mp4,127,0,1,0.5476252658606575
V3.mp4,128,0,1,0.6645054865702705
V3.mp4,129,0,1,0.6731888113570573
V3.mp4,130,0,1,0.7924056460824105
V3.mp4,131,0,1,0.5474162412325301
V3.mp4,132,0,0,0.45927134550163234
V3.mp4,133,0,1,0.5754056719228381
V3.mp4,134,0,1,0.5429652143968643
V3.mp4,135,0,1,0.7152532892114342
V3.mp4,136,0,1,0.6241281903009925
V3.mp4,137,0,1,0.5478140792295915
V3.mp4,138,0,1,0.5095108512579397
V3.mp4,139,0,0,0.41681792873801304
V3.mp4,140,0,0,0.42344159460086916
V3.mp4,141,0,0,0.38164556431306357
V3.mp4,142,0,0,0.45087335123868216
V3.mp4,143,0,0,0.3986983829821078
V3.mp4,144,0,0,0.4356695510763281
V3.mp4,145,0,0,0.42992899281112007
V3.mp4,146,0,0,0.4407653078153735
V3.mp4,147,0,1,0.5224666296343162
V3.mp4,148,0,0,0.4939155438245328
V3.mp4,149,0,1,0.5344840924242689
V3.mp4,150,0,0,0.47991585990286306
V3.mp4,151,0,0,0.45025043783197144
V4.mp4,1,0,0,0.2250026658792176
V4.mp4,2,0,0,0.24774306271050034
V4.mp4,3,0,0,0.3778678237824165
V4.mp4,4,0,0,0.3783068452536226
V4.mp4,5,0,0,0.34375062962594916
V4.mp4,6,0,0,0.3564368499540699
V4.mp4,7,0,0,0.2841137897412751
V4.mp4,8,0,0,0.2886068364468513
V4.mp4,9,0,0,0.2638047614742953
V4.mp4,10,0,0,0.23580618024807254
V4.mp4,11,0,0,0.2693820319400047
V4.mp4,12,0,0,0.2677048825446992
V4.mp4,13,0,0,0.30716853152664675
V4.mp4,14,0,0,0.2743466640148992
V4.mp4,15,0,0,0.3041894376368125
V4.mp4,16,0,0,0.3173956321778672
V4.mp4,17,0,0,0.31911467090176787
V4.mp4,18,0,0,0.3194081080045368
V4.mp4,19,0,0,0.30278515168117026
V4.mp4,20,0,0,0.2954624798554387
V4.mp4,21,0,0,0.2891552175904404
V4.mp4,22,0,0,0.25489722449876445
V4.mp4,23,0,0,0.26351683763394373
V4.mp4,24,0,0,0.24894136500113095
V4.mp4,25,0,0,0.28092128213226414
V4.mp4,26,0,0,0.27160263934762896
V4.mp4,27,0,0,0.27952667504145956
V4.mp4,28,0,0,0.2957382077035737
V4.mp4,29,0,0,0.28881767079954807
V4.mp4,30,0,0,0.3005104952915671
V4.mp4,31,0,0,0.2714031607428108
V4.mp4,32,0,0,0.271743837947247
V4.mp4,33,0,0,0.25462410679653236
V4.mp4,34,0,0,0.3007625843739878
V4.mp4,35,1,0,0.4115478496815027
V4.mp4,36,1,1,0.5298572464228971
V4.mp4,37,1,1,0.6162583785209664
V4.mp4,38,1,1,0.66493052722581
V4.mp4,39,1,1,0.6982031691655028
V4.mp4,40,0,1,0.6470333069203095
V4.mp4,41,0,0,0.27333710537654543
V4.mp4,42,0,0,0.24903695094665806
V4.mp4,43,0,0,0.25919551807081176
V4.mp4,44,0,0,0.2616798457747059
V4.mp4,45,0,0,0.25619641455125985
V4.mp4,46,0,0,0.26263572265246937
V4.mp4,47,0,0,0.2713913442995861
V4.mp4,48,0,0,0.2866200624984541
V4.mp4,49,0,0,0.3189267680045622
V4.mp4,50,0,0,0.29216073028691525
V4.mp4,51,0,0,0.36469326877857294
V4.mp4,52,0,0,0.3101485242089259
V4.mp4,53,0,0,0.33070957004027296
V4.mp4,54,0,0,0.2671108116804842
V4.mp4,55,0,0,0.2979384348240775
V4.mp4,56,0,0,0.30655321832560556
V4.mp4,57,0,0,0.29603078212618694
V4.mp4,58,0,0,0.3276025116378974
V4.mp4,59,0,0,0.3262830721095503
V4.mp4,60,0,0,0.3073073678603669
V4.mp4,61,0,0,0.34877593327114137
V4.mp4,62,0,0,0.3977669364486323
V4.mp4,63,0,0,0.4100852673880282
V4.mp4,64,0,0,0.3961042531932749
V4.mp4,65,0,0,0.3670850557248112
V4.mp4,66,0,0,0.3476209923056274
V4.mp4,67,0,0,0.3675181938434576
V4.mp4,68,0,0,0.2875036948483677
V4.mp4,69,0,0,0.2936143354683116
V4.mp4,70,0,0,0.30511529478359384
V4.mp4,71,0,0,0.2850324060407715
V4.mp4,72,0,0,0.2911220521975726
V4.mp4,73,0,0,0.2816126898472218
V4.mp4,74,0,0,0.2762522172760519
V4.mp4,75,0,0,0.28533482070203536
V4.mp4,76,0,0,0.26345978585153274
V5.mp4,1,0,0,0.34778906193165265
V5.mp4,2,0,0,0.326868802861462
V5.mp4,3,0,0,0.4812604286965361
V5.mp4,4,0,1,0.559442406842554
V5.mp4,5,0,1,0.6452464644441803
V5.mp4,6,0,1,0.7888103989889944
V5.mp4,7,0,1,0.6180332389957002
V5.mp4,8,0,1,0.8817727702720607
V5.mp4,9,0,0,0.4797542784862519
V5.mp4,10,0,1,0.8317298297206882
V5.mp4,11,0,1,0.7695471799371605
V5.mp4,12,0,0,0.45718470568658814
V5.mp4,13,0,1,0.6984941833517759
V5.mp4,14,0,0,0.44585428310882713
V5.mp4,15,0,1,0.7793294133633141
V5.mp4,16,0,1,0.5207884503388518
V5.mp4,17,0,1,0.5971379497181907
V5.mp4,18,0,0,0.3485818896659545
V5.mp4,19,0,0,0.3003127758245071
V5.mp4,20,0,0,0.3552105395926142
V5.mp4,21,0,0,0.35725838914394353
V5.mp4,22,0,0,0.4068095199096517
V5.mp4,23,0,0,0.39034044108406335
V5.mp4,24,0,0,0.46571372922482357
V5.mp4,25,0,0,0.37265531115023315
V5.mp4,26,0,0,0.49995288183173203
V5.mp4,27,0,0,0.41405107525721296
V5.mp4,28,0,1,0.5676962745989643
V5.mp4,29,0,0,0.46455778004483633
V5.mp4,30,0,1,0.5928743374966108
V5.mp4,31,0,0,0.4631584522127556
V5.mp4,32,0,1,0.6119077371062598
V5.mp4,33,0,0,0.35704273805112474
V5.mp4,34,0,0,0.3709750994987633
V5.mp4,35,0,0,0.3269278540228698
V5.mp4,36,0,0,0.37811587890892406
V5.mp4,37,0,0,0.411353719120771
V5.mp4,38,0,0,0.43656305472598117
V5.mp4,39,0,0,0.4239690703264906
V5.mp4,40,0,0,0.43992978292385837
V5.mp4,41,0,0,0.41120156188796325
V5.mp4,42,0,0,0.4517812852548255
V5.mp4,43,0,0,0.43734959441684346
V5.mp4,44,0,1,0.5798544887479474
V5.mp4,45,0,1,0.6129849867136375
V5.mp4,46,0,1,0.6444244112775193
V5.mp4,47,0,1,0.7409350336513326
V5.mp4,48,0,1,0.6861105254491001
V5.mp4,49,0,1,0.5334253523982118
V5.mp4,50,0,1,0.5715701349542018
V5.mp4,51,0,1,0.6300287891405163
V5.mp4,52,0,1,0.5651844035518349
V5.mp4,53,0,1,0.5504925709937455
V5.mp4,54,0,1,0.5224759125560007
V5.mp4,55,0,1,0.6758924445165593
V5.mp4,56,0,1,0.5255365322797744
V5.mp4,57,0,1,0.5024446225551293
V5.mp4,58,0,0,0.4204462912713767
V5.mp4,59,1,0,0.470286237173328
V5.mp4,60,1,1,0.5227721855281344
V5.mp4,61,1,1,0.588724761586415
V5.mp4,62,1,1,0.6768791208258903
V5.mp4,63,1,1,0.5069354253687439
V5.mp4,64,0,1,0.6328693056413002
V5.mp4,65,0,0,0.48761552268482156
V5.mp4,66,0,0,0.3460220900686843
V5.mp4,67,0,0,0.3153375434510966
V5.mp4,68,0,0,0.3291164762990137
V5.mp4,69,0,0,0.30604033744769105
V5.mp4,70,0,0,0.32608327758735317
V5.mp4,71,0,0,0.31132077507267797
V5.mp4,72,0,0,0.40527808204877963
V5.mp4,73,0,0,0.4055165223650582
V5.mp4,74,0,1,0.5575768148632406
V5.mp4,75,0,1,0.5972036562288715
V5.mp4,76,0,0,0.43635243306482896
V5.mp4,77,0,0,0.48196052048193544
V5.mp4,78,0,0,0.3059359821869642
V5.mp4,79,0,1,0.5412862080665929
V5.mp4,80,0,0,0.38739391475221163
V5.mp4,81,0,0,0.4989360279540867
V5.mp4,82,0,1,0.5404259396957116
V5.mp4,83,0,1,0.6981840589412841
V5.mp4,84,0,1,0.682381285448504
V5.mp4,85,0,1,0.5918371518308727
V5.mp4,86,0,1,0.5666435926562506
V5.mp4,87,0,1,0.5818468183927011
V5.mp4,88,0,1,0.6078646865482396
V5.mp4,89,0,1,0.5608243484772036
V5.mp4,90,0,1,0.6177935801506871
V5.mp4,91,0,1,0.6029113325625415
V5.mp4,92,0,1,0.7074286547535105
V5.mp4,93,0,1,0.6217980457212952
V5.mp4,94,0,1,0.5502278661174511
V5.mp4,95,0,1,0.5381377375211834
V5.mp4,96,0,1,0.5755013687715288
V5.mp4,97,0,1,0.514313299781029
V5.mp4,98,0,1,0.5040167448389148
V5.mp4,99,0,0,0.3487199109508697
V6.mp4,1,0,0,0.31734460556007754
V6.mp4,2,0,0,0.3317197934957852
V6.mp4,3,0,0,0.46257097504389255
V6.mp4,4,0,0,0.4339315907342825
V6.mp4,5,0,0,0.3351514939995702
V6.mp4,6,0,0,0.39331833376034864
V6.mp4,7,0,0,0.31350402252146625
V6.mp4,8,0,0,0.3483750009481129
V6.mp4,9,0,0,0.34549865224564424
V6.mp4,10,0,0,0.35733737127111526
V6.mp4,11,0,0,0.34455713505432484
V6.mp4,12,0,0,0.31081465820340165
V6.mp4,13,0,0,0.3120660338327081
V6.mp4,14,0,0,0.31630952567026477
V6.mp4,15,0,0,0.346792521347716
V6.mp4,16,0,0,0.3366368639564416
V6.mp4,17,0,0,0.3609541504450804
V6.mp4,18,0,0,0.3463933739803669
V6.mp4,19,0,0,0.31988841201969026
V6.mp4,20,0,0,0.3913208322228405
V6.mp4,21,0,0,0.33687623973798614
V6.mp4,22,0,0,0.4053005596270388
V6.mp4,23,0,0,0.40806583704502314
V6.mp4,24,0,0,0.4408089423747142
V6.mp4,25,0,0,0.38998947220398694
V6.mp4,26,0,0,0.3847068922178324
V6.mp4,27,0,0,0.36698131133981937
V6.mp4,28,0,0,0.30857747218051834
V6.mp4,29,0,0,0.33960733866490184
V6.mp4,30,0,0,0.30817400571714854
V6.mp4,31,0,0,0.33757653286790695
V6.mp4,32,0,0,0.32454388518035615
V6.mp4,33,0,0,0.34826345340644316
V6.mp4,34,0,0,0.3515569690829703
V6.mp4,35,0,0,0.343131483264107
V6.mp4,36,0,0,0.366058138429006
V6.mp4,37,0,0,0.41457000190889465
V6.mp4,38,0,0,0.49320062866562925
V6.mp4,39,0,0,0.41111248980070925
V6.mp4,40,0,0,0.3764047271990166
V6.mp4,41,0,0,0.3950592439261853
V6.mp4,42,0,0,0.37156790980537013
V6.mp4,43,0,0,0.3723760939553832
V6.mp4,44,0,0,0.31524503742065796
V6.mp4,45,0,0,0.2776219029371775
V6.mp4,46,0,0,0.3277251413607941
V6.mp4,47,0,0,0.2831799395034297
V6.mp4,48,0,0,0.33806874994107816
V6.mp4,49,0,0,0.34340613964404954
V6.mp4,50,0,0,0.38000933443510854
V6.mp4,51,0,0,0.39455466540380435
V6.mp4,52,0,0,0.323624731724382
V6.mp4,53,0,0,0.31047380879897185
V6.mp4,54,0,0,0.32114752365362753
V6.mp4,55,0,0,0.32167177304477884
V6.mp4,56,1,0,0.33543457306868246
V6.mp4,57,1,0,0.4846133206614086
V6.mp4,58,1,1,0.7720085813905881
V6.mp4,59,1,1,0.8439601323045213
V6.mp4,60,1,1,0.7608571389067688
V6.mp4,61,0,1,0.937864431240202
V6.mp4,62,0,1,0.7293469987401981
V6.mp4,63,0,1,0.5095690518149726
V6.mp4,64,0,1,0.5190784664538833
V6.mp4,65,0,0,0.35346348350076584
V6.mp4,66,0,0,0.3963599646879927
V6.mp4,67,0,0,0.3594709392629853
V6.mp4,68,0,0,0.31856389244507777
V6.mp4,69,0,0,0.34903714095937693
V6.mp4,70,0,0,0.3763666724539397
V6.mp4,71,0,0,0.3082497420789038
V6.mp4,72,0,0,0.35603802818116626
V6.mp4,73,0,0,0.4017123849690716
V6.mp4,74,0,1,0.6006720827123901
V6.mp4,75,0,0,0.4717466251804626
V6.mp4,76,0,1,0.5149117388002759
V6.mp4,77,0,1,0.5006136075082016
V6.mp4,78,0,1,0.5684812048398576
V6.mp4,79,0,0,0.3307656959513203
V6.mp4,80,0,0,0.34862717196859017
V6.mp4,81,0,0,0.3660560526836788
V6.mp4,82,0,0,0.36489505812568335
V6.mp4,83,0,0,0.3938088364667741
V6.mp4,84,0,0,0.4200224384977599
V6.mp4,85,0,0,0.3179267580179599
V6.mp4,86,0,0,0.32651531927550864
V6.mp4,87,0,0,0.34933961973319083
V6.mp4,88,0,0,0.42759621871861037
V6.mp4,89,0,0,0.4231886279872123
V6.mp4,90,0,1,0.6067736337774586
V6.mp4,91,0,1,0.6228167359959422
V6.mp4,92,0,1,0.7453537741668229
V6.mp4,93,0,1,0.5921507156581091
V6.mp4,94,0,1,0.5518079033466226
V6.mp4,95,0,1,0.8097183877929651
V6.mp4,96,0,1,0.641650163318819
V6.mp4,97,0,1,0.6862332514922833
V6.mp4,98,0,0,0.46187060068189867
V6.mp4,99,0,1,0.7432341673680851
V6.mp4,100,0,1,0.5439468841081871
V6.mp4,101,0,1,0.5741681778608922
V6.mp4,102,0,1,0.626232092755689
V6.mp4,103,0,1,0.6948508745783374
V6.mp4,104,0,1,0.6875290816006925
V6.mp4,105,0,1,0.7744978155775386
V6.mp4,106,0,1,0.74992021616288
V6.mp4,107,0,1,0.7020899251224436
V6.mp4,108,0,1,0.7209399898540715
V6.mp4,109,0,1,0.7409380053395114
V6.mp4,110,0,1,0.777423414919691
V6.mp4,111,0,1,0.8317712361952911
V6.mp4,112,0,1,0.6874859007513726
V6.mp4,113,0,1,0.593851844002955
V6.mp4,114,0,1,0.654329770061041
V6.mp4,115,0,1,0.7103572370510102
V6.mp4,116,0,1,0.7026462237111161
V6.mp4,117,0,1,0.8249247354333671
V6.mp4,118,0,1,0.7077787397153916
V6.mp4,119,0,1,0.7268861824452448
V6.mp4,120,0,0,0.4328774104785254
V6.mp4,121,0,1,0.704233034617551
V6.mp4,122,0,1,0.5774799828802247
V6.mp4,123,0,1,0.6396048092433
V6.mp4,124,0,1,0.6156406398088177
V6.mp4,125,0,1,0.6965709294185418
V6.mp4,126,0,1,0.7171989405152762
V6.mp4,127,0,1,0.6668957476654043
V6.mp4,128,0,1,0.6201921662675911
V6.mp4,129,0,1,0.6381629075746414
V6.mp4,130,0,1,0.6971365853235739
V6.mp4,131,0,1,0.6603276352931208
V6.mp4,132,0,1,0.6173685511586668
V6.mp4,133,0,1,0.5751643656268955
V6.mp4,134,0,1,0.6673308516970886
V6.mp4,135,0,1,0.6546997772882662
V6.mp4,136,0,1,0.5112178134533616
V6.mp4,137,0,1,0.5719282166818419
V6.mp4,138,0,1,0.6375927251003947
V6.mp4,139,0,1,0.6318354162101899
V6.mp4,140,0,1,0.5084313857868159
V6.mp4,141,0,0,0.427400558220683
V7.mp4,1,0,0,0.2793541268653198
V7.mp4,2,0,0,0.29288548121482477
V7.mp4,3,0,1,0.6064032705242836
V7.mp4,4,0,0,0.40216262819403403
V7.mp4,5,0,0,0.3286152319703787
V7.mp4,6,0,0,0.4234398438772833
V7.mp4,7,0,0,0.4060289488267474
V7.mp4,8,0,0,0.2835065928048409
V7.mp4,9,0,0,0.30382372303410726
V7.mp4,10,0,0,0.28482274239476185
V7.mp4,11,0,0,0.2820009489508538
V7.mp4,12,0,0,0.2982463348875344
V7.mp4,13,0,0,0.3081372907942385
V7.mp4,14,0,0,0.32430819921487986
V7.mp4,15,0,0,0.358059814330674
V7.mp4,16,0,0,0.32011713633525635
V7.mp4,17,0,0,0.29620731933854527
V7.mp4,18,0,0,0.30669332644896086
V7.mp4,19,0,0,0.27255960699742193
V7.mp4,20,0,0,0.3342726277016773
V7.mp4,21,0,0,0.289025917002276
V7.mp4,22,0,0,0.3285080485134081
V7.mp4,23,0,0,0.30975431657751856
V7.mp4,24,0,0,0.3368148048352719
V7.mp4,25,0,0,0.3645883280608082
V7.mp4,26,0,0,0.3450372026104089
V7.mp4,27,0,0,0.3313224341702275
V7.mp4,28,0,0,0.3822319073223022
V7.mp4,29,0,0,0.39099174370824513
V7.mp4,30,0,0,0.40158487732461573
V7.mp4,31,0,0,0.3899307034713932
V7.mp4,32,0,0,0.34281073165555004
V7.mp4,33,0,0,0.2987465809804399
V7.mp4,34,0,0,0.4169600131880831
V7.mp4,35,0,0,0.38706627380964886
V7.mp4,36,0,1,0.6312260071350325
V7.mp4,37,0,0,0.4909214242603133
V7.mp4,38,0,1,0.7921258994004488
V7.mp4,39,0,0,0.3753387797440712
V7.mp4,40,0,0,0.36098410201694575
V7.mp4,41,0,0,0.36784221243721243
V7.mp4,42,0,0,0.299874331290299
V7.mp4,43,0,0,0.30745794146752536
V7.mp4,44,0,0,0.3263827105472139
V7.mp4,45,0,0,0.34715377444584355
V7.mp4,46,0,0,0.3410847130859528
V7.mp4,47,0,0,0.3425791557214231
V7.mp4,48,0,0,0.3960044969754728
V7.mp4,49,0,0,0.4086430165786795
V7.mp4,50,0,0,0.4008509075934821
V7.mp4,51,0,0,0.3698397945792121
V7.mp4,52,0,0,0.3567778050129627
V7.mp4,53,1,0,0.330358431230739
V7.mp4,54,1,1,0.5760711245200897
V7.mp4,55,1,1,0.7031872204603726
V7.mp4,56,1,1,0.7277281697397607
V7.mp4,57,1,1,0.605285581680071
V7.mp4,58,0,1,0.8449043071656346
V7.mp4,59,0,1,0.6407585581981441
V7.mp4,60,0,0,0.40943813476512014
V7.mp4,61,0,0,0.3592191740228536
V7.mp4,62,0,0,0.40123145892160356
V7.mp4,63,0,0,0.2849408805536938
V7.mp4,64,0,0,0.33135890926081424
V7.mp4,65,0,0,0.32709479952303544
V7.mp4,66,0,0,0.3783137983540194
V7.mp4,67,0,0,0.3300052192889724
V7.mp4,68,0,0,0.3785228850131717
V7.mp4,69,0,0,0.4433586012086697
V7.mp4,70,0,0,0.4072930768369234
V7.mp4,71,0,0,0.4171018045478188
V7.mp4,72,0,1,0.6527590117154602
V7.mp4,73,0,1,0.6239198667375493
V7.mp4,74,0,1,0.6677997344937373
V7.mp4,75,0,0,0.46670428564661
V7.mp4,76,0,1,0.723145053101484
V7.mp4,77,0,0,0.47764684945871544
V7.mp4,78,0,1,0.538712100513487
V7.mp4,79,0,0,0.39815485727855787
V7.mp4,80,0,0,0.4486939582340202
V7.mp4,81,0,0,0.33970470292540556
V7.mp4,82,0,0,0.44792460651046434
V7.mp4,83,0,0,0.4299665475445058
V7.mp4,84,0,0,0.3890331653684313
V7.mp4,85,0,0,0.4061878466571594
V7.mp4,86,0,1,0.5808833772753632
V7.mp4,87,0,1,0.5629824538968857
V7.mp4,88,0,1,0.7512939901236729
V7.mp4,89,0,1,0.5347069050218157
V7.mp4,90,0,1,0.5760518832275637
V7.mp4,91,0,1,0.5836176880020879
V7.mp4,92,0,1,0.5387818106979769
V7.mp4,93,0,1,0.5433872313252277
V7.mp4,94,0,1,0.5314625520351327
V7.mp4,95,0,1,0.5550293842157022
V7.mp4,96,0,0,0.4618958746228601
V7.mp4,97,0,1,0.5729663282219002
V7.mp4,98,0,0,0.468346790938855
V7.mp4,99,0,1,0.5031652617449098
V7.mp4,100,0,0,0.4212055392038035
V7.mp4,101,0,1,0.5210236292497124
V7.mp4,102,0,0,0.4446746124645014
V7.mp4,103,0,1,0.5087024578545529
V7.mp4,104,0,0,0.4589769679031026
V7.mp4,105,0,1,0.5408210670526868
V7.mp4,106,0,0,0.4416464694780895
V7.mp4,107,0,0,0.4438250060652889
V7.mp4,108,0,1,0.5045005994959864
V7.mp4,109,0,1,0.5192398014018066
V7.mp4,110,0,0,0.4893978978086748
V8.mp4,1,0,0,0.30612870575289663
V8.mp4,2,0,0,0.3047513481617724
V8.mp4,3,0,0,0.4509936916554505
V8.mp4,4,0,0,0.32483265438508846
V8.mp4,5,0,0,0.28688596177026177
V8.mp4,6,0,0,0.3044434054503956
V8.mp4,7,0,0,0.3505210879972126
V8.mp4,8,0,0,0.31332220489378043
V8.mp4,9,0,0,0.392244402749712
V8.mp4,10,0,0,0.4028561198972825
V8.mp4,11,0,0,0.40127494895061044
V8.mp4,12,0,0,0.4193792429790958
V8.mp4,13,0,0,0.43612048205723575
V8.mp4,14,0,0,0.4593928085855819
V8.mp4,15,0,0,0.40409720978393737
V8.mp4,16,0,0,0.3579773444406215
V8.mp4,17,0,0,0.3595258787026394
V8.mp4,18,0,0,0.35125528275223816
V8.mp4,19,0,0,0.34616449931645993
V8.mp4,20,0,0,0.3315482244687919
V8.mp4,21,0,0,0.34468600264182264
V8.mp4,22,0,0,0.3867540658790759
V8.mp4,23,0,0,0.39465899665590504
V8.mp4,24,0,0,0.3939355143009268
V8.mp4,25,0,0,0.3857399122609041
V8.mp4,26,0,0,0.39767440558872347
V8.mp4,27,0,0,0.3348226826770553
V8.mp4,28,0,0,0.34847370630227287
V8.mp4,29,0,0,0.467315074671502
V8.mp4,30,0,1,0.8101487881291345
V8.mp4,31,0,1,0.8176845194005655
V8.mp4,32,0,1,0.6383037892616321
V8.mp4,33,0,1,0.9315948128818853
V8.mp4,34,0,1,0.5247535359620353
V8.mp4,35,0,0,0.27680870378729583
V8.mp4,36,0,0,0.3820886165084721
V8.mp4,37,0,0,0.405867062594345
V8.mp4,38,0,0,0.35608071254066004
V8.mp4,39,0,0,0.3925517541434638
V8.mp4,40,0,0,0.33487353272238557
V8.mp4,41,0,0,0.41867048224841896
V8.mp4,42,0,0,0.38411898668863087
V8.mp4,43,0,0,0.4430395453201715
V8.mp4,44,0,0,0.37632225648846246
V8.mp4,45,0,0,0.3407352834603988
V8.mp4,46,0,0,0.35174126642659426
V8.mp4,47,0,0,0.4115402548375108
V8.mp4,48,0,0,0.3436191770734999
V8.mp4,49,0,0,0.36576773354450676
V8.mp4,50,0,0,0.3932356513945914
V8.mp4,51,1,0,0.3712963330474612
V8.mp4,52,1,1,0.7074120241519508
V8.mp4,53,1,1,0.7543516807795816
V8.mp4,54,1,1,0.9249426130269586
V8.mp4,55,1,1,0.705350063805653
V8.mp4,56,0,1,0.9833142285147314
V8.mp4,57,0,1,0.6355998918221959
V8.mp4,58,0,0,0.41077291977278924
V8.mp4,59,0,0,0.4030725791919195
V8.mp4,60,0,0,0.413763130924402
V8.mp4,61,0,0,0.33080959797436205
V8.mp4,62,0,0,0.3849068966444705
V8.mp4,63,0,0,0.4198675333940426
V8.mp4,64,0,0,0.4133191440090988
V8.mp4,65,0,0,0.37421065737923814
V8.mp4,66,0,0,0.39077501923739594
V8.mp4,67,0,0,0.4547673897498362
V8.mp4,68,0,0,0.46008305033470104
V8.mp4,69,0,0,0.3539937725404655
V8.mp4,70,0,1,0.5035940903898929
V8.mp4,71,0,0,0.33118151232700416
V8.mp4,72,0,1,0.5596397981346349
V8.mp4,73,0,0,0.31645723384696983
V8.mp4,74,0,0,0.3591008007077145
V8.mp4,75,0,0,0.31642472660847915
V8.mp4,76,0,0,0.33982572768051317
V8.mp4,77,0,0,0.3207573272163711
V8.mp4,78,0,0,0.3337650233924461
V8.mp4,79,0,0,0.37774837699480185
V8.mp4,80,0,0,0.39915171601098365
V8.mp4,81,0,0,0.42626218417853595
V8.mp4,82,0,0,0.4777446381611189
V8.mp4,83,0,0,0.49026187273475336
V8.mp4,84,0,1,0.5054189760588764
V8.mp4,85,0,0,0.4164433863622372
V8.mp4,86,0,0,0.39080039621590285
V8.mp4,87,0,0,0.42251693537749097
V8.mp4,88,0,0,0.3683850041117221
V8.mp4,89,0,0,0.4227709621924866
V8.mp4,90,0,0,0.40782106433560367
V8.mp4,91,0,1,0.5228972758542826
V8.mp4,92,0,1,0.569199556724178
V8.mp4,93,0,1,0.644159373239961
V8.mp4,94,0,1,0.5472858017748928
V8.mp4,95,0,1,0.7490596991473892
V8.mp4,96,0,1,0.6727724749226448
V8.mp4,97,0,1,0.5061354077954748
V8.mp4,98,0,1,0.738745578556045
V8.mp4,99,0,1,0.6093939294637978
V8.mp4,100,0,1,0.8402895248629322
V8.mp4,101,0,1,0.5408363131013245
V8.mp4,102,0,0,0.47939722852826033
V8.mp4,103,0,0,0.46394820503968137
V8.mp4,104,0,0,0.45403539295879036
V8.mp4,105,0,0,0.4503963474170344
V8.mp4,106,0,0,0.49405432177556385
V8.mp4,107,0,0,0.4904885440863992
V8.mp4,108,0,1,0.5062850819206183
V8.mp4,109,0,1,0.5996457805366926
V8.mp4,110,0,1,0.5557393875676822
V8.mp4,111,0,1,0.6894472871844225
V8.mp4,112,0,1,0.5761032746107908
V8.mp4,113,0,1,0.5768354803249478
V8.mp4,114,0,1,0.5765128901512774
V8.mp4,115,0,1,0.7153632886017874
V8.mp4,116,0,1,0.5282895249147729
V8.mp4,117,0,1,0.7140596465104327
V8.mp4,118,0,1,0.5789047876825284
V8.mp4,119,0,1,0.7894507249284989
V8.mp4,120,0,1,0.5268280049670739
V8.mp4,121,0,0,0.4464692042380484
V8.mp4,122,0,0,0.45696260583849635
V8.mp4,123,0,0,0.37863209079185023
V8.mp4,124,0,0,0.42707123105027234
V8.mp4,125,0,0,0.4411788235576475
V8.mp4,126,0,0,0.38622946997535634
V8.mp4,127,0,0,0.41572699903067767
V9.mp4,1,0,0,0.38480766272414113
V9.mp4,2,0,0,0.4312554312553062
V9.mp4,3,0,1,0.5199875726895793
V9.mp4,4,0,1,0.5804188217683393
V9.mp4,5,0,1,0.6995949411053483
V9.mp4,6,0,1,0.7049258172865652
V9.mp4,7,0,1,0.6878384544943115
V9.mp4,8,0,1,0.583536815999295
V9.mp4,9,0,1,0.5938437900067159
V9.mp4,10,0,1,0.6076313868197227
V9.mp4,11,0,1,0.5437744734655261
V9.mp4,12,0,1,0.58869662504524
V9.mp4,13,0,1,0.5830255468160792
V9.mp4,14,0,1,0.5817053550713961
V9.mp4,15,0,1,0.5556684183265641
V9.mp4,16,0,1,0.5729480226257583
V9.mp4,17,0,1,0.5902135218087592
V9.mp4,18,0,1,0.6263386143283024
V9.mp4,19,0,1,0.660885489876174
V9.mp4,20,0,1,0.6629237514084826
V9.mp4,21,0,1,0.6389065198703809
V9.mp4,22,0,1,0.5988616447597905
V9.mp4,23,0,1,0.5748690053743748
V9.mp4,24,0,1,0.5355375751169926
V9.mp4,25,0,1,0.5313337600864398
V9.mp4,26,0,1,0.5550037837888545
V9.mp4,27,0,1,0.5808365596276784
V9.mp4,28,0,1,0.5913405013252603
V9.mp4,29,0,1,0.6002537405191471
V9.mp4,30,0,1,0.6202704717928023
V9.mp4,31,0,1,0.6350252019423602
V9.mp4,32,0,1,0.6407597860172145
V9.mp4,33,0,1,0.62971406000468
V9.mp4,34,0,1,0.6295317044365687
V9.mp4,35,0,1,0.6378097047585826
V9.mp4,36,0,1,0.667654163131311
V9.mp4,37,0,1,0.7213752740609333
V9.mp4,38,0,1,0.755949823634631
V9.mp4,39,0,1,0.7722909424864614
V9.mp4,40,0,1,0.7603874874695227
V9.mp4,41,0,1,0.7465487788663052
V9.mp4,42,0,1,0.733315784758724
V9.mp4,43,0,1,0.7292255956720413
V9.mp4,44,0,1,0.7218632415828707
V9.mp4,45,0,1,0.6730482711280082
V9.mp4,46,0,1,0.6429202575827759
V9.mp4,47,0,1,0.6461693236903208
V9.mp4,48,0,1,0.6327342378573091
V9.mp4,49,0,1,0.6445686385536245
V9.mp4,50,0,1,0.6481840119017808
V9.mp4,51,0,1,0.6337632636598375
V9.mp4,52,0,1,0.6533801956664964
V9.mp4,53,0,1,0.6414402767532171
V9.mp4,54,0,1,0.6513134202046199
V9.mp4,55,0,1,0.6400199143607815
V9.mp4,56,0,1,0.6562681152851962
V9.mp4,57,0,1,0.6609722727253602
V9.mp4,58,0,1,0.6395286569690206
V9.mp4,59,0,1,0.6206216629965724
V9.mp4,60,0,1,0.5871749742542496
V9.mp4,61,0,1,0.5006612194124002
V9.mp4,62,0,0,0.42099079720100163
V9.mp4,63,0,0,0.41619306204215134
V9.mp4,64,0,0,0.409525462496541
V9.mp4,65,0,0,0.36529023335478755
V9.mp4,66,0,0,0.3859212903511783
V9.mp4,67,0,0,0.47267663492916245
V9.mp4,68,0,1,0.6108760416005802
V9.mp4,69,0,0,0.4601209863817911
V9.mp4,70,0,1,0.6144594571308221
V9.mp4,71,0,0,0.44283214718967007
V9.mp4,72,0,0,0.4126269449464043
V9.mp4,73,0,0,0.333948517228564
V9.mp4,74,0,0,0.4374200648581615
V9.mp4,75,0,0,0.38367236490240225
V9.mp4,76,0,0,0.3194367936152773
V9.mp4,77,0,0,0.366830079006613
V9.mp4,78,0,0,0.4325977146941536
V9.mp4,79,0,0,0.49853059770589836
V9.mp4,80,0,1,0.5047215903800888
V9.mp4,81,0,1,0.5302238949133727
V9.mp4,82,0,1,0.5058699399128688
V9.mp4,83,0,0,0.46487562113389613
V9.mp4,84,0,0,0.39525565982729033
V9.mp4,85,0,0,0.37115198075054184
V9.mp4,86,0,0,0.40006709016236397
V9.mp4,87,0,0,0.41866885922202385
V9.mp4,88,0,0,0.4158444523534627
V9.mp4,89,0,0,0.4112435358617929
V9.mp4,90,0,0,0.3751367382368686
V9.mp4,91,0,0,0.3279947937793493
V9.mp4,92,0,0,0.3106501736233531
V9.mp4,93,0,0,0.306261479646914
V9.mp4,94,0,0,0.31335617113009046
V9.mp4,95,0,0,0.3768537970861186
V9.mp4,96,0,0,0.40059212408794903
V9.mp4,97,0,0,0.459953932474434
V9.mp4,98,0,1,0.501765190233471
V9.mp4,99,0,1,0.5368653671611322
V9.mp4,100,0,1,0.5807068800954925
V9.mp4,101,0,1,0.630848674182196
V9.mp4,102,0,1,0.6449739636981169
V9.mp4,103,0,1,0.6432762327000393
V9.mp4,104,0,1,0.5560740454564298
V9.mp4,105,0,1,0.5054130037617245
V9.mp4,106,0,0,0.4788242329108901
V9.mp4,107,0,1,0.521100759944581
V9.mp4,108,0,1,0.5924499872682892
V9.mp4,109,0,1,0.5835369608885697
V9.mp4,110,0,1,0.5812114809078799
V9.mp4,111,0,1,0.5396640340236557
V9.mp4,112,0,1,0.5665870389646349
V9.mp4,113,0,1,0.5454129444063396
V9.mp4,114,0,1,0.5898825468768297
V9.mp4,115,0,1,0.5873254093237151
V9.mp4,116,0,1,0.5672211554702203
V9.mp4,117,0,1,0.5869980451971786
V9.mp4,118,0,1,0.5670994986010496
V9.mp4,119,0,1,0.5527672958735789
V9.mp4,120,0,1,0.5138178625480568
V9.mp4,121,0,1,0.5566633751192942
V9.mp4,122,0,1,0.5247783798217835
V9.mp4,123,0,0,0.4623640322937707
V9.mp4,124,0,0,0.4372248608596534
V9.mp4,125,0,0,0.4181256294100332
V9.mp4,126,0,0,0.4453732111462927
V9.mp4,127,0,0,0.45025196280132396
V9.mp4,128,0,0,0.49980444315354955
V9.mp4,129,0,1,0.5439837106025831
V9.mp4,130,0,1,0.550371897260622
V9.mp4,131,0,1,0.5061301287394555
V9.mp4,132,0,1,0.5058522133278373
V9.mp4,133,0,0,0.4913443175897741
V9.mp4,134,0,1,0.5033261832027899
V9.mp4,135,0,0,0.4722592002811748
V9.mp4,136,0,1,0.5001053147052771
V9.mp4,137,0,0,0.49885411307709804
V9.mp4,138,0,1,0.5131021492882086
V9.mp4,139,0,1,0.5052043770032163
V9.mp4,140,0,1,0.5126707570325254
V9.mp4,141,0,0,0.4810469669404043
V9.mp4,142,0,0,0.4752394227652053
V9.mp4,143,0,0,0.4692926166441119
V9.mp4,144,0,0,0.49475658784884957
V9.mp4,145,0,0,0.49391615121857063
V9.mp4,146,0,1,0.5034336013822388
V9.mp4,147,0,1,0.509012703327331
V9.mp4,148,0,1,0.5295177178696949
V9.mp4,149,0,1,0.5346901611167786
V9.mp4,150,0,1,0.5130710303408181
V9.mp4,151,0,0,0.48888864097724877
V9.mp4,152,0,0,0.49915951037331585
V9.mp4,153,0,1,0.5000144613857079
V9.mp4,154,0,1,0.5201786430202598
V9.mp4,155,0,0,0.48171753399432093
V9.mp4,156,0,0,0.45988683777100514
V9.mp4,157,0,0,0.44178098167447083
V9.mp4,158,0,0,0.4308884209796191
V9.mp4,159,0,0,0.44303578560018236
V9.mp4,160,0,0,0.3983789182602863
V9.mp4,161,0,0,0.44216844445729403
V9.mp4,162,0,0,0.44974943285255764
V9.mp4,163,0,0,0.45968349802358566
V9.mp4,164,0,0,0.45420961644740987
V9.mp4,165,0,0,0.47611727423360056
V9.mp4,166,0,0,0.4696011504542878
V9.mp4,167,0,0,0.4332212299087695
V9.mp4,168,0,0,0.3850308797928061
V9.mp4,169,0,0,0.35698421179145445
V9.mp4,170,0,0,0.3308369417782604
V9.mp4,171,0,0,0.31871436056500424
V9.mp4,172,0,0,0.294570283000889
V9.mp4,173,0,0,0.28099902039017394
V9.mp4,174,0,0,0.2925990640559512
V9.mp4,175,0,0,0.2873277799334142
V9.mp4,176,0,0,0.2980788308366999
V9.mp4,177,0,0,0.3147533343543494
V9.mp4,178,0,0,0.3302111874519938
V9.mp4,179,0,0,0.33352478233868055
V9.mp4,180,0,0,0.3455647070519187
V9.mp4,181,0,0,0.34818251735568606
V9.mp4,182,0,0,0.3352707587748106
V9.mp4,183,0,0,0.34488371343896124
V9.mp4,184,0,0,0.32591765467319095
V9.mp4,185,0,0,0.29841143614872484
V9.mp4,186,0,0,0.2767421549812828
V9.mp4,187,0,0,0.28725201931680916
V9.mp4,188,0,0,0.30713982184921984
V9.mp4,189,0,0,0.29678260863049577
V9.mp4,190,0,0,0.288876437421445
V9.mp4,191,0,0,0.2679713308278956
V9.mp4,192,0,0,0.27909087463876403
V9.mp4,193,0,0,0.2829306408701988
V9.mp4,194,0,0,0.30237704377983327
V9.mp4,195,0,0,0.2983928815496078
V9.mp4,196,0,0,0.2906747475782116
V9.mp4,197,0,0,0.2917201203522673
V9.mp4,198,0,0,0.3083454252960977
V9.mp4,199,0,0,0.352551414260586
V9.mp4,200,0,0,0.3509292734641382
V9.mp4,201,0,0,0.3729473564123482
V9.mp4,202,0,0,0.31327326629093977
V9.mp4,203,0,0,0.2989311568903326
V9.mp4,204,0,0,0.2981250029697931
V9.mp4,205,0,0,0.2996229058538706
V9.mp4,206,0,0,0.2895135630800506
V9.mp4,207,0,0,0.2831090838673995
V9.mp4,208,0,0,0.2865698578563573
V9.mp4,209,0,0,0.27767022218858556
V9.mp4,210,0,0,0.28129969587709325
V9.mp4,211,0,0,0.28160370365753973
V9.mp4,212,0,0,0.29330814704269625
V9.mp4,213,0,0,0.2950099472385684
V9.mp4,214,0,0,0.2882752468766127
V9.mp4,215,0,0,0.28955824659874146
V9.mp4,216,0,0,0.2979059278222607
V9.mp4,217,0,0,0.3247409749692646
V9.mp4,218,0,0,0.29639152141645625
V9.mp4,219,0,0,0.34585869049820456
V9.mp4,220,0,0,0.368907800075737
V9.mp4,221,0,0,0.4301675329900455
V9.mp4,222,0,0,0.3547559795715125
V9.mp4,223,0,0,0.3906840015253107
V9.mp4,224,0,0,0.28546978804621753
V9.mp4,225,0,0,0.2660908428237656
V9.mp4,226,0,0,0.26357104015194194
V9.mp4,227,0,0,0.2849231052432141
V9.mp4,228,0,0,0.27524788856755955
V9.mp4,229,0,0,0.2523166246172678
V9.mp4,230,0,0,0.2654399760809787
V9.mp4,231,0,0,0.24728142343645027
V9.mp4,232,0,0,0.24211738026226146
V9.mp4,233,0,0,0.2532516905035223
V9.mp4,234,0,0,0.24955807202172314
V9.mp4,235,0,0,0.2536365066793183
V9.mp4,236,0,0,0.2676224964026489
V9.mp4,237,0,0,0.2872116240116673
V9.mp4,238,0,0,0.3124080854361109
V9.mp4,239,0,0,0.33480941193743363
V9.mp4,240,0,1,0.782230341139231
V9.mp4,241,1,0,0.3666529326284256
V9.mp4,242,1,1,0.5455485200897446
V9.mp4,243,1,1,0.887946730384965
V9.mp4,244,1,1,0.966652836144624
V9.mp4,245,1,1,0.9860533821008471
V9.mp4,246,0,1,0.9271028017511321
V9.mp4,247,0,1,0.7944414394765105
V9.mp4,248,0,0,0.3419402068491923
V9.mp4,249,0,0,0.274178534741529
V9.mp4,250,0,0,0.24348326498789138
V9.mp4,251,0,0,0.26663017326553823
V9.mp4,252,0,0,0.25428081318813867
V9.mp4,253,0,0,0.2862543934676105
V9.mp4,254,0,0,0.322926828307186
V9.mp4,255,0,0,0.3396764730901399
V9.mp4,256,0,0,0.34561782383588197
V9.mp4,257,0,0,0.3011443066915304
V9.mp4,258,0,0,0.2654187088600323
V9.mp4,259,0,0,0.28329092632782116
V9.mp4,260,0,0,0.28152860850500094
V9.mp4,261,0,0,0.3007738310684627
V9.mp4,262,0,0,0.282291100153371
V9.mp4,263,0,0,0.30291139814785534
V9.mp4,264,0,0,0.3174486553680066
V9.mp4,265,0,0,0.34636656198889343
V9.mp4,266,0,0,0.32147294588536374
V9.mp4,267,0,0,0.31656033192617095
V9.mp4,268,0,0,0.27107352185391076
V9.mp4,269,0,0,0.23755058323721612
V9.mp4,270,0,0,0.25089652689554814
V9.mp4,271,0,0,0.26356144866850933
V9.mp4,272,0,0,0.28314500544996385
V9.mp4,273,0,0,0.28277522689303014
V9.mp4,274,0,0,0.29582179708651785
V9.mp4,275,0,0,0.27814428718375533
V9.mp4,276,0,0,0.2662310045491488
V9.mp4,277,0,0,0.3115134544119663
V9.mp4,278,0,0,0.3774671256107207
V9.mp4,279,0,0,0.4249142284486259
V9.mp4,280,0,0,0.3887468858119614
V9.mp4,281,0,0,0.3702578745293749
V9.mp4,282,0,0,0.3794445509966925
V9.mp4,283,0,1,0.5087850066602551
V9.mp4,284,0,0,0.28709838739031596
V9.mp4,285,0,0,0.47037167627840554
V9.mp4,286,0,1,0.6602110615726674
V9.mp4,287,0,1,0.8397452396471534
V9.mp4,288,0,1,0.8147798937019137
V9.mp4,289,0,1,0.770045950601729
V9.mp4,290,0,1,0.5471577345015184
V9.mp4,291,0,0,0.2886559105760894
V9.mp4,292,0,0,0.2823363389730809
V9.mp4,293,0,0,0.26129364311062536
V9.mp4,294,0,0,0.26943240682515807
V9.mp4,295,0,0,0.2664181051187102
V9.mp4,296,0,0,0.26904083626438724
V9.mp4,297,0,0,0.259812942687368
V9.mp4,298,0,0,0.24164073647711157
V9.mp4,299,0,0,0.2354073290722006
V9.mp4,300,0,0,0.22368800756219828
V9.mp4,301,0,0,0.21906499984842948
V9.mp4,302,0,0,0.21906499984842948
V9.mp4,303,0,0,0.21906499984842948
