video_name,center_frame,true_label,pred_label,score
V1.mp4,1,0,0,0.22004276693610975
V1.mp4,2,0,0,0.2708041095967584
V1.mp4,3,0,0,0.3858419073625888
V1.mp4,4,0,0,0.4822774606446461
V1.mp4,5,0,1,0.5921052102885104
V1.mp4,6,0,0,0.4324477294291028
V1.mp4,7,0,0,0.38925127887906535
V1.mp4,8,0,0,0.3767161041032457
V1.mp4,9,0,0,0.3763723311554653
V1.mp4,10,0,0,0.38529530915217974
V1.mp4,11,0,0,0.35957883734208357
V1.mp4,12,0,0,0.3328986951162831
V1.mp4,13,0,0,0.33166561548779055
V1.mp4,14,0,0,0.31879632628413446
V1.mp4,15,0,0,0.31669994141439267
V1.mp4,16,0,0,0.323522790627843
V1.mp4,17,0,0,0.3303860559054465
V1.mp4,18,0,0,0.3383916272228606
V1.mp4,19,0,0,0.33644650146770355
V1.mp4,20,0,0,0.3377464637218388
V1.mp4,21,0,0,0.3109141687888416
V1.mp4,22,0,0,0.3209241204396958
V1.mp4,23,0,0,0.3484977406569255
V1.mp4,24,0,0,0.4052287925622068
V1.mp4,25,0,0,0.4284714279961101
V1.mp4,26,0,0,0.48747298009930595
V1.mp4,27,0,0,0.4262869574733651
V1.mp4,28,0,0,0.32667214673188233
V1.mp4,29,0,0,0.4413453013370062
V1.mp4,30,0,0,0.3753007194488621
V1.mp4,31,0,0,0.3524959054466537
V1.mp4,32,0,0,0.40874118845186946
V1.mp4,33,0,0,0.406991292163642
V1.mp4,34,0,0,0.38718790359713257
V1.mp4,35,0,0,0.37114176272016813
V1.mp4,36,0,0,0.4155503790387207
V1.mp4,37,0,0,0.4518087530293106
V1.mp4,38,0,1,0.501798538224124
V1.mp4,39,0,0,0.4463535461353609
V1.mp4,40,0,0,0.37749643147784434
V1.mp4,41,0,0,0.35976280840067804
V1.mp4,42,0,0,0.34571282195112196
V1.mp4,43,0,0,0.32667501224821655
V1.mp4,44,0,0,0.3590501479896993
V1.mp4,45,0,0,0.3917114088033635
V1.mp4,46,0,0,0.39197981925010394
V1.mp4,47,0,0,0.40706335897261925
V1.mp4,48,0,0,0.43074383736761757
V1.mp4,49,0,0,0.48074345982436134
V1.mp4,50,0,0,0.48980025746505285
V1.mp4,51,0,0,0.4746141303444585
V1.mp4,52,0,0,0.3637215762923233
V1.mp4,53,0,0,0.39571120263736814
V1.mp4,54,0,0,0.3283660285875572
V1.mp4,55,0,0,0.3202717593141837
V1.mp4,56,0,0,0.3131134977812473
V1.mp4,57,0,0,0.37713401075243747
V1.mp4,58,0,0,0.35501863662753513
V1.mp4,59,0,0,0.35357741618103145
V1.mp4,60,0,0,0.3514600410994654
V1.mp4,61,0,0,0.4022359923045853
V1.mp4,62,0,0,0.35592399374711486
V1.mp4,63,0,0,0.348383558427454
V1.mp4,64,0,0,0.34013145122528116
V1.mp4,65,0,0,0.3627343001823674
V1.mp4,66,0,0,0.33952173608554403
V1.mp4,67,0,0,0.35631254280676844
V1.mp4,68,0,0,0.3665023389343558
V1.mp4,69,0,0,0.35790386898432863
V1.mp4,70,0,0,0.37006103045479605
V1.mp4,71,0,0,0.3805233168922351
V1.mp4,72,0,0,0.4107046510328013
V1.mp4,73,0,0,0.34078808755511075
V1.mp4,74,0,0,0.32188839842843575
V1.mp4,75,0,0,0.3114139469630883
V1.mp4,76,0,0,0.3363973134420905
V1.mp4,77,0,0,0.3292335054134684
V1.mp4,78,0,0,0.3350613750982646
V1.mp4,79,0,0,0.3382423666125945
V1.mp4,80,0,0,0.3416498204076186
V1.mp4,81,0,0,0.35806089289504617
V1.mp4,82,0,0,0.37113733788438624
V1.mp4,83,0,0,0.3849732470417668
V1.mp4,84,0,0,0.38851041915056583
V1.mp4,85,0,0,0.42383331043733413
V1.mp4,86,0,0,0.40984305627568096
V1.mp4,87,0,0,0.4062898919584392
V1.mp4,88,0,0,0.37937122761981923
V1.mp4,89,0,0,0.36700607235440486
V1.mp4,90,0,0,0.3349383711398208
V1.mp4,91,0,0,0.3496619559097686
V1.mp4,92,0,0,0.34935070432000104
V1.mp4,93,0,0,0.3670104268481812
V1.mp4,94,0,0,0.41629524454560674
V1.mp4,95,0,0,0.48848521032792186
V1.mp4,96,0,1,0.5827760082035022
V1.mp4,97,0,1,0.592795423771323
V1.mp4,98,0,1,0.5402667533831348
V1.mp4,99,0,1,0.5003533805659287
V1.mp4,100,0,0,0.4530224776907882
V1.mp4,101,0,0,0.39593433007604717
V1.mp4,102,0,0,0.3187882478263658
V1.mp4,103,0,0,0.3085309829768181
V1.mp4,104,0,0,0.3029454368913547
V1.mp4,105,0,0,0.31487447280044345
V1.mp4,106,0,0,0.3396404838210359
V1.mp4,107,0,0,0.3497083243626378
V1.mp4,108,0,0,0.3725558790515045
V1.mp4,109,0,0,0.4049071929315205
V1.mp4,110,0,0,0.42673755757746257
V1.mp4,111,0,0,0.48412321054211355
V1.mp4,112,0,1,0.5549352971638155
V1.mp4,113,0,0,0.39605082648965134
V1.mp4,114,0,1,0.6781769302261719
V1.mp4,115,0,1,0.7364618790957531
V1.mp4,116,0,1,0.8253483306916037
V1.mp4,117,0,1,0.822845303266417
V1.mp4,118,0,1,0.8205495972654799
V1.mp4,119,0,1,0.5953138281308017
V1.mp4,120,1,1,0.5838854863449454
V1.mp4,121,1,1,0.5360036875361136
V1.mp4,122,1,0,0.36593701231308534
V1.mp4,123,1,0,0.39627084441974175
V1.mp4,124,1,0,0.34276489597839876
V1.mp4,125,0,0,0.3044333521188471
V1.mp4,126,0,0,0.26464838483363196
V1.mp4,127,0,0,0.26283928079788904
V1.mp4,128,0,0,0.2753076838998603
V1.mp4,129,0,0,0.29282360817612146
V1.mp4,130,0,0,0.31779981181511874
V1.mp4,131,0,0,0.3430091842545902
V1.mp4,132,0,0,0.33383027055459613
V1.mp4,133,0,0,0.3519055237393569
V1.mp4,134,0,0,0.3313379851938162
V1.mp4,135,0,0,0.3337819441345905
V1.mp4,136,0,0,0.3387126510893286
V1.mp4,137,0,0,0.31875594519322453
V1.mp4,138,0,0,0.3567252922713592
V1.mp4,139,0,0,0.4032128890557243
V1.mp4,140,0,0,0.40390512238676696
V1.mp4,141,0,0,0.3611897586230393
V1.mp4,142,0,0,0.33123637625897345
V1.mp4,143,0,0,0.3013020506007081
V1.mp4,144,0,0,0.2829166123253642
V1.mp4,145,0,0,0.2964336220148488
V1.mp4,146,0,0,0.387989014938889
V1.mp4,147,0,0,0.4499178198492097
V1.mp4,148,0,1,0.5269890883481685
V1.mp4,149,0,1,0.5256357595911251
V1.mp4,150,0,0,0.49230905898360944
V1.mp4,151,0,0,0.4151845057337074
V1.mp4,152,0,0,0.38422141604980703
V1.mp4,153,0,0,0.3692824821334434
V1.mp4,154,0,0,0.38847583063853647
V1.mp4,155,0,0,0.38026245173548395
V1.mp4,156,0,0,0.3895817213833977
V1.mp4,157,0,0,0.3599299588022365
V1.mp4,158,0,0,0.3730140023685762
V1.mp4,159,0,0,0.4039506351543698
V1.mp4,160,0,1,0.5017816861364197
V1.mp4,161,0,0,0.4508325350161319
V1.mp4,162,0,0,0.4474898369444129
V1.mp4,163,0,0,0.4426333026863908
V1.mp4,164,0,0,0.46730907848874687
V1.mp4,165,0,0,0.38449355049528516
V1.mp4,166,0,0,0.42056247827321175
V1.mp4,167,0,0,0.37887511812819763
V1.mp4,168,0,0,0.3719303786343192
V1.mp4,169,0,0,0.3630627956940713
V1.mp4,170,0,0,0.3593456879647547
V1.mp4,171,0,0,0.36880746223322464
V1.mp4,172,0,0,0.3813541804993958
V1.mp4,173,0,0,0.386063141103159
V1.mp4,174,0,0,0.3647056573022564
V1.mp4,175,0,0,0.35447729026939545
V1.mp4,176,0,0,0.3438466935431167
V1.mp4,177,0,0,0.3622948345078187
V1.mp4,178,0,0,0.3656717766565338
V1.mp4,179,0,0,0.3568454120480197
V1.mp4,180,0,0,0.36269213805651035
V1.mp4,181,0,0,0.35856224652679625
V1.mp4,182,0,0,0.363681128501883
V1.mp4,183,0,0,0.3866565292105082
V1.mp4,184,0,0,0.36938938604693294
V1.mp4,185,0,0,0.36852643854506656
V1.mp4,186,0,0,0.3184146166763954
V1.mp4,187,0,0,0.31577570327264864
V1.mp4,188,0,0,0.3378968925123288
V1.mp4,189,0,0,0.3580906455195975
V1.mp4,190,0,0,0.373757263134869
V1.mp4,191,0,0,0.3738219872306066
V1.mp4,192,0,0,0.3808365445230601
V1.mp4,193,0,0,0.3933231020801085
V1.mp4,194,0,0,0.382788809800677
V1.mp4,195,0,0,0.36734139225758566
V1.mp4,196,0,0,0.3525160628407365
V1.mp4,197,0,0,0.3654492228316221
V1.mp4,198,0,0,0.3557038955320426
V1.mp4,199,0,0,0.37016375246613314
V1.mp4,200,0,0,0.3705238344077494
V1.mp4,201,0,0,0.37337661721889
V1.mp4,202,0,0,0.3673994414586056
V1.mp4,203,0,0,0.41440019145748025
V1.mp4,204,0,0,0.4453477666893085
V1.mp4,205,0,0,0.4092527190268157
V1.mp4,206,0,0,0.3518670195357745
V1.mp4,207,0,0,0.40625612962702395
V1.mp4,208,0,0,0.34442329275022715
V1.mp4,209,0,0,0.3459240992998921
V1.mp4,210,0,0,0.3729300285132571
V1.mp4,211,0,0,0.36733619096775727
V1.mp4,212,0,0,0.39742095007899986
V1.mp4,213,0,0,0.4031483008256511
V1.mp4,214,0,0,0.3546115850758398
V1.mp4,215,0,0,0.3594145381438402
V1.mp4,216,0,0,0.3800243685324918
V1.mp4,217,0,0,0.33615864291360215
V1.mp4,218,0,0,0.3364927918748184
V1.mp4,219,0,0,0.3194713143581048
V1.mp4,220,0,0,0.29998463563732497
V1.mp4,221,0,0,0.2675049045800481
V1.mp4,222,0,0,0.37099708519177743
V1.mp4,223,0,0,0.3303805028995167
V1.mp4,224,0,0,0.26018481993811327
V1.mp4,225,0,0,0.35232310312410453
V1.mp4,226,0,0,0.3097839395503043
V1.mp4,227,0,0,0.4098007277778947
V1.mp4,228,0,0,0.343890423900569
V1.mp4,229,0,0,0.33320571226757234
V1.mp4,230,0,0,0.33934670841799847
V1.mp4,231,0,0,0.3298508440983378
V1.mp4,232,0,0,0.3229499789306984
V1.mp4,233,0,0,0.13681567529283048
V1.mp4,234,0,0,0.26656158518656947
V1.mp4,235,0,0,0.2307612048673605
V1.mp4,236,0,0,0.31127576810264296
V1.mp4,237,0,0,0.2899946381204322
V1.mp4,238,0,0,0.23912378454638614
V1.mp4,239,0,0,0.22452671379441666
V1.mp4,240,0,0,0.30587890102686094
V1.mp4,241,0,0,0.322867706261572
V1.mp4,242,0,0,0.3173847008605692
V1.mp4,243,0,0,0.30017673224344793
V1.mp4,244,0,0,0.303725811700988
V1.mp4,245,0,0,0.3190871431596841
V1.mp4,246,0,0,0.3190871406419239
V1.mp4,247,0,0,0.31908715577112473
V1.mp4,248,0,0,0.31969358041680884
V1.mp4,249,0,0,0.31852614204050306
V1.mp4,250,0,0,0.3217766204925935
V1.mp4,251,0,0,0.3357988585368042
V1.mp4,252,0,0,0.3357988585368042
V1.mp4,253,0,0,0.3357988585368042
V1.mp4,254,0,0,0.3357988585368042
V1.mp4,255,0,0,0.3357988585368042
V1.mp4,256,0,0,0.3357988585368042
V1.mp4,257,0,0,0.3357988585368042
V1.mp4,258,0,0,0.3357988585368042
V1.mp4,259,0,0,0.3357988585368042
V1.mp4,260,0,0,0.3357988585368042
V1.mp4,261,0,0,0.3357988585368042
V1.mp4,262,0,0,0.3357988585368042
V1.mp4,263,0,0,0.3357988585368042
V1.mp4,264,0,0,0.3357988585368042
V1.mp4,265,0,0,0.3357988585368042
V1.mp4,266,0,0,0.3357988585368042
V1.mp4,267,0,0,0.3357988585368042
V1.mp4,268,0,0,0.3357988585368042
V1.mp4,269,0,0,0.3357988585368042
V1.mp4,270,0,0,0.3357988585368042
V1.mp4,271,0,0,0.3357988585368042
V1.mp4,272,0,0,0.3357988585368042
V1.mp4,273,0,0,0.3357988585368042
V1.mp4,274,0,0,0.3357988585368042
V1.mp4,275,0,0,0.3357988585368042
V1.mp4,276,0,0,0.3357988585368042
V1.mp4,277,0,0,0.3357988585368042
V1.mp4,278,0,0,0.3357988585368042
V1.mp4,279,0,0,0.3357988585368042
V1.mp4,280,0,0,0.3357988585368042
V1.mp4,281,0,0,0.3357988585368042
V1.mp4,282,0,0,0.3357988585368042
V1.mp4,283,0,0,0.3357988585368042
V1.mp4,284,0,0,0.3357988585368042
V1.mp4,285,0,0,0.3357988585368042
V10.mp4,1,0,0,0.4532859953226939
V10.mp4,2,0,1,0.5907602753182859
V10.mp4,3,0,1,0.7817534166591551
V10.mp4,4,0,1,0.7955450736766226
V10.mp4,5,0,1,0.9022733128577147
V10.mp4,6,0,1,0.8784714505608453
V10.mp4,7,0,1,0.8338487781826932
V10.mp4,8,0,1,0.7043923678751534
V10.mp4,9,0,1,0.6720403330933693
V10.mp4,10,0,1,0.6066784946584878
V10.mp4,11,0,1,0.5471241756333053
V10.mp4,12,0,0,0.44553324947373507
V10.mp4,13,0,0,0.4038571466622564
V10.mp4,14,0,0,0.4174715780163855
V10.mp4,15,0,0,0.37254224713777506
V10.mp4,16,0,0,0.3697576602819276
V10.mp4,17,0,0,0.3411980707549455
V10.mp4,18,0,0,0.31169054336984126
V10.mp4,19,0,0,0.4110628841888297
V10.mp4,20,0,1,0.5021072116878749
V10.mp4,21,0,1,0.6880673622253922
V10.mp4,22,0,1,0.7149688581713298
V10.mp4,23,0,1,0.6436533226141506
V10.mp4,24,0,0,0.4582388588091869
V10.mp4,25,0,0,0.40093433869480505
V10.mp4,26,0,0,0.42916985714232136
V10.mp4,27,0,0,0.43241627533069665
V10.mp4,28,0,0,0.43452840428362344
V10.mp4,29,0,0,0.44066571446720093
V10.mp4,30,0,0,0.4729785764692856
V10.mp4,31,0,0,0.4825463910468711
V10.mp4,32,0,1,0.5139036222383992
V10.mp4,33,0,0,0.4662644732162649
V10.mp4,34,0,0,0.43172852960559044
V10.mp4,35,0,0,0.3452060006173649
V10.mp4,36,0,0,0.3050234241592295
V10.mp4,37,0,0,0.34278698325906864
V10.mp4,38,0,0,0.3660798224504515
V10.mp4,39,0,0,0.4225560026341821
V10.mp4,40,0,0,0.41931955249217884
V10.mp4,41,0,0,0.42850191316517333
V10.mp4,42,0,0,0.4268105999958428
V10.mp4,43,0,0,0.42222508966965594
V10.mp4,44,0,0,0.4026845924767388
V10.mp4,45,0,0,0.42686031983062783
V10.mp4,46,0,0,0.4401897837153027
V10.mp4,47,0,0,0.46500269054537774
V10.mp4,48,0,0,0.4436772086906017
V10.mp4,49,0,0,0.4685349461628649
V10.mp4,50,0,0,0.4879138784968626
V10.mp4,51,0,1,0.5131222751984255
V10.mp4,52,0,0,0.4456735407811142
V10.mp4,53,0,1,0.515054751757407
V10.mp4,54,0,0,0.3835804373615178
V10.mp4,55,0,0,0.42983390070129723
V10.mp4,56,0,0,0.421216067765823
V10.mp4,57,0,0,0.38926432499573416
V10.mp4,58,0,0,0.3701481144625289
V10.mp4,59,0,0,0.37711624486614725
V10.mp4,60,0,0,0.4024545790329045
V10.mp4,61,0,0,0.42420331821502716
V10.mp4,62,0,0,0.4034129608768773
V10.mp4,63,0,0,0.4115665145905413
V10.mp4,64,0,0,0.37581724643429243
V10.mp4,65,0,0,0.2965318123907691
V10.mp4,66,0,0,0.2798710814109033
V10.mp4,67,0,0,0.32282843812827594
V10.mp4,68,0,0,0.3180545163010724
V10.mp4,69,0,0,0.35421178527934183
V10.mp4,70,0,0,0.36104595597778955
V10.mp4,71,0,0,0.36773231687528757
V10.mp4,72,0,0,0.3926863584423941
V10.mp4,73,0,0,0.4189595987039784
V10.mp4,74,0,0,0.43460213508031736
V10.mp4,75,0,0,0.41286364319712543
V10.mp4,76,0,0,0.43722884038902105
V10.mp4,77,0,0,0.40742248110960366
V10.mp4,78,0,0,0.37602646301264797
V10.mp4,79,0,0,0.35862606002683156
V10.mp4,80,0,0,0.3568226111159165
V10.mp4,81,0,0,0.3671131429375478
V10.mp4,82,0,0,0.37160871072391327
V10.mp4,83,0,0,0.38989032483140645
V10.mp4,84,0,0,0.3904461816462259
V10.mp4,85,0,0,0.38918066224523173
V10.mp4,86,0,0,0.4147752147142928
V10.mp4,87,0,0,0.39680596797099815
V10.mp4,88,0,0,0.4381637567547513
V10.mp4,89,0,0,0.45884809525061077
V10.mp4,90,0,0,0.44349512675682484
V10.mp4,91,0,0,0.42406258413151765
V10.mp4,92,0,0,0.4155232769946394
V10.mp4,93,0,0,0.3943606761216255
V10.mp4,94,0,0,0.36827378534043925
V10.mp4,95,0,0,0.36146357676887875
V10.mp4,96,0,0,0.38548890266189695
V10.mp4,97,0,0,0.3827997577546639
V10.mp4,98,0,0,0.42023732764439975
V10.mp4,99,0,0,0.40846434066217857
V10.mp4,100,0,0,0.40245525543525695
V10.mp4,101,0,0,0.4261446878309769
V10.mp4,102,0,0,0.38520171401302444
V10.mp4,103,0,0,0.38537420018559737
V10.mp4,104,0,0,0.3865406267735495
V10.mp4,105,0,0,0.3846943138968963
V10.mp4,106,0,0,0.36134616473382114
V10.mp4,107,0,0,0.3426796506702071
V10.mp4,108,0,0,0.34174443357799367
V10.mp4,109,0,0,0.3094467503305042
V10.mp4,110,0,0,0.3116526854425242
V10.mp4,111,0,0,0.3249905069281779
V10.mp4,112,0,0,0.3155028579352181
V10.mp4,113,0,0,0.38489161493236734
V10.mp4,114,0,0,0.4412065510189199
V10.mp4,115,0,1,0.5433899261542741
V10.mp4,116,0,1,0.6770305060749282
V10.mp4,117,0,1,0.7759731974532459
V10.mp4,118,0,1,0.8658881034078699
V10.mp4,119,0,1,0.8881507518069153
V10.mp4,120,0,1,0.876272960796677
V10.mp4,121,0,1,0.8646695770798344
V10.mp4,122,0,1,0.823225190486056
V10.mp4,123,0,1,0.7541847875311015
V10.mp4,124,0,1,0.692013900127498
V10.mp4,125,0,1,0.65960181302526
V10.mp4,126,0,1,0.6304378816045639
V10.mp4,127,0,1,0.6830254302701575
V10.mp4,128,0,1,0.6403626674375114
V10.mp4,129,0,1,0.7017010981488624
V10.mp4,130,0,1,0.7968827824829181
V10.mp4,131,0,1,0.802614800353686
V10.mp4,132,0,1,0.8029630208838693
V10.mp4,133,0,1,0.7839067606173487
V10.mp4,134,0,1,0.765562619596088
V10.mp4,135,0,1,0.724544554921744
V10.mp4,136,0,1,0.6837532153628917
V10.mp4,137,0,1,0.623973918490476
V10.mp4,138,0,1,0.6045841989683647
V10.mp4,139,0,1,0.5650924754031411
V10.mp4,140,0,1,0.521681587355661
V10.mp4,141,0,0,0.4719639735030075
V10.mp4,142,0,1,0.555205771067678
V10.mp4,143,0,1,0.5146868398996203
V10.mp4,144,0,1,0.6068800066249324
V10.mp4,145,0,1,0.6156632667571779
V10.mp4,146,0,0,0.48358203915940834
V10.mp4,147,0,0,0.403728789935912
V10.mp4,148,0,0,0.35157235000135373
V10.mp4,149,0,0,0.34484382066097613
V10.mp4,150,0,0,0.37882503887881647
V10.mp4,151,0,0,0.408326832786174
V10.mp4,152,0,0,0.40383509269507556
V10.mp4,153,0,0,0.38197027982717835
V10.mp4,154,0,0,0.37031057185810234
V10.mp4,155,0,0,0.3808094288758589
V10.mp4,156,0,0,0.3717626584430124
V10.mp4,157,0,0,0.3635595508199423
V10.mp4,158,0,0,0.3432342690068841
V10.mp4,159,0,0,0.3407757991324164
V10.mp4,160,0,0,0.3798403716828671
V10.mp4,161,0,0,0.3808403347697613
V10.mp4,162,0,0,0.43171250152293067
V10.mp4,163,0,0,0.45766635934109806
V10.mp4,164,0,1,0.504095479470444
V10.mp4,165,0,1,0.5614975896699818
V10.mp4,166,0,1,0.583480686604437
V10.mp4,167,0,1,0.6038547861163808
V10.mp4,168,0,1,0.7788655172229192
V10.mp4,169,0,1,0.8111270982720113
V10.mp4,170,0,1,0.826404533523297
V10.mp4,171,0,1,0.7992327171270311
V10.mp4,172,0,1,0.8441486402603449
V10.mp4,173,0,1,0.8316361175825927
V10.mp4,174,0,1,0.8083564379530344
V10.mp4,175,0,1,0.7492997940048214
V10.mp4,176,0,1,0.7244907541934484
V10.mp4,177,0,1,0.6091322530856039
V10.mp4,178,0,0,0.4388929603267631
V10.mp4,179,0,0,0.30372292680244406
V10.mp4,180,0,0,0.33166940263709394
V10.mp4,181,0,0,0.3035268401725876
V10.mp4,182,0,0,0.32659160525569536
V10.mp4,183,0,0,0.34710674150594084
V10.mp4,184,0,0,0.3735247648635341
V10.mp4,185,0,0,0.3817640191222495
V10.mp4,186,0,0,0.42805744125671547
V10.mp4,187,0,0,0.48199024984244987
V10.mp4,188,0,1,0.5552127736864197
V10.mp4,189,0,1,0.5467497562623759
V10.mp4,190,0,0,0.4872215007774334
V10.mp4,191,0,0,0.43611461115333283
V10.mp4,192,0,0,0.3822221994695866
V10.mp4,193,0,0,0.3654862381801194
V10.mp4,194,0,0,0.36925306274593955
V10.mp4,195,0,0,0.40334784276402247
V10.mp4,196,0,0,0.4280327594743855
V10.mp4,197,0,0,0.4326724622085157
V10.mp4,198,0,0,0.4978155541651132
V10.mp4,199,0,1,0.5293144146161668
V10.mp4,200,0,1,0.5540561950337372
V10.mp4,201,0,1,0.578950801960584
V10.mp4,202,0,1,0.6586147141850427
V10.mp4,203,0,1,0.6993393332422629
V10.mp4,204,0,1,0.7782434305395214
V10.mp4,205,0,1,0.9713031378636624
V10.mp4,206,0,1,0.8351309298434813
V10.mp4,207,0,1,0.874607709011678
V10.mp4,208,0,1,0.893720671530306
V10.mp4,209,0,1,0.9411969685981142
V10.mp4,210,0,1,0.8242869856275516
V10.mp4,211,0,1,0.8075816034020198
V10.mp4,212,0,1,0.6039984948549119
V10.mp4,213,0,0,0.18591419732544529
V10.mp4,214,0,0,0.4665613301136975
V10.mp4,215,0,1,0.5409332534009993
V10.mp4,216,0,1,0.5184422603402173
V10.mp4,217,0,1,0.5871185032820767
V10.mp4,218,0,1,0.5261849139746041
V10.mp4,219,0,0,0.47676711515492576
V10.mp4,220,0,0,0.43508767158433764
V10.mp4,221,0,0,0.4007601325879925
V10.mp4,222,0,0,0.2911229479472967
V10.mp4,223,0,0,0.34394877452043215
V10.mp4,224,0,0,0.43300659258991364
V10.mp4,225,0,0,0.44834326829793125
V10.mp4,226,0,1,0.5312628927787613
V10.mp4,227,0,1,0.5590391972122016
V10.mp4,228,0,1,0.5986441734912189
V10.mp4,229,0,1,0.6171723837162261
V10.mp4,230,0,1,0.5524672912820587
V10.mp4,231,0,1,0.5717963230760251
V10.mp4,232,0,1,0.5948411721836724
V10.mp4,233,0,1,0.5359509360070308
V10.mp4,234,0,1,0.6095933143571072
V10.mp4,235,0,1,0.7195814233461645
V10.mp4,236,0,1,0.7688536996020775
V10.mp4,237,0,1,0.7660063870159605
V10.mp4,238,0,1,0.71922052036126
V10.mp4,239,0,1,0.673083836499935
V10.mp4,240,0,1,0.5989708873565964
V10.mp4,241,0,1,0.5342853824149865
V10.mp4,242,0,1,0.5114456819743254
V10.mp4,243,0,0,0.4751881813421602
V10.mp4,244,0,0,0.4984142721200497
V10.mp4,245,0,1,0.5337255021800589
V10.mp4,246,0,1,0.5607575859145624
V10.mp4,247,0,1,0.5921068109694957
V10.mp4,248,0,1,0.5905014141957935
V10.mp4,249,0,1,0.5255251969647042
V10.mp4,250,0,0,0.4447010897239643
V10.mp4,251,0,0,0.40688737653311774
V10.mp4,252,0,0,0.3502702379492176
V10.mp4,253,0,0,0.32485894624811484
V10.mp4,254,0,0,0.30378474090547836
V10.mp4,255,0,0,0.2956562012100068
V10.mp4,256,0,0,0.3085764524608538
V10.mp4,257,0,0,0.3462257720783095
V10.mp4,258,0,0,0.3940108833950204
V10.mp4,259,0,0,0.4295086183353802
V10.mp4,260,0,0,0.38351917159493026
V10.mp4,261,0,0,0.3665174631131272
V10.mp4,262,0,0,0.3454183068938231
V10.mp4,263,0,0,0.3255475697054957
V10.mp4,264,0,0,0.3146465382654505
V10.mp4,265,0,0,0.3340044694021169
V10.mp4,266,0,0,0.3184987284427584
V10.mp4,267,0,0,0.3292676309126131
V10.mp4,268,0,0,0.34176303806586106
V10.mp4,269,0,0,0.37798766593462774
V10.mp4,270,0,0,0.38208816204076734
V10.mp4,271,0,0,0.387938100194833
V10.mp4,272,0,0,0.3940846803501893
V10.mp4,273,0,0,0.4114676240430992
V10.mp4,274,0,0,0.45140978847171476
V10.mp4,275,0,1,0.5038107953922196
V10.mp4,276,0,1,0.506803130318511
V10.mp4,277,0,0,0.46261177941698506
V10.mp4,278,0,0,0.4264079306266477
V10.mp4,279,0,0,0.41049577907761425
V10.mp4,280,0,0,0.34838819887417033
V10.mp4,281,0,0,0.40175704672983586
V10.mp4,282,0,0,0.3957164740066641
V10.mp4,283,0,0,0.4024544964243412
V10.mp4,284,0,0,0.3963690530634926
V10.mp4,285,0,0,0.3749604254453691
V10.mp4,286,0,0,0.359049322002613
V10.mp4,287,0,0,0.38731385513236244
V10.mp4,288,0,0,0.43514112406779953
V10.mp4,289,0,0,0.47380233973803754
V10.mp4,290,0,0,0.4832174851279333
V10.mp4,291,0,0,0.4386057334874321
V10.mp4,292,0,0,0.39113339810406933
V10.mp4,293,0,0,0.3870234657584134
V10.mp4,294,0,0,0.40681025341823185
V10.mp4,295,0,0,0.39950204274023016
V10.mp4,296,0,0,0.4213820569314253
V10.mp4,297,0,0,0.37458703132190646
V10.mp4,298,0,0,0.3550418066780871
V10.mp4,299,0,0,0.3335713159331292
V10.mp4,300,0,0,0.3266570375870184
V10.mp4,301,0,0,0.329107858354385
V10.mp4,302,0,0,0.3640559092857689
V10.mp4,303,0,0,0.42356715921829663
V10.mp4,304,0,0,0.4561089187799442
V10.mp4,305,0,0,0.4723597471099904
V10.mp4,306,0,0,0.49640349052622157
V10.mp4,307,0,1,0.5055431860156606
V10.mp4,308,0,1,0.518700502738989
V10.mp4,309,0,0,0.46479974119988615
V10.mp4,310,0,0,0.3907302738781044
V10.mp4,311,0,0,0.34739557256740083
V10.mp4,312,0,0,0.33222925534051984
V10.mp4,313,0,0,0.31534670877692195
V10.mp4,314,0,0,0.3049564391028461
V10.mp4,315,0,0,0.28351896811454863
V10.mp4,316,0,0,0.29983328736435966
V10.mp4,317,0,0,0.36082223848185
V10.mp4,318,0,0,0.4061752401153735
V10.mp4,319,0,0,0.4686864376150056
V10.mp4,320,0,0,0.45131924125803635
V10.mp4,321,0,0,0.4662796353253798
V10.mp4,322,0,1,0.5063048246638646
V10.mp4,323,0,1,0.5298417403851733
V10.mp4,324,0,0,0.47904564422305773
V10.mp4,325,0,0,0.37270762153142517
V10.mp4,326,0,0,0.3821546081298279
V10.mp4,327,0,0,0.4545282757933821
V10.mp4,328,0,1,0.5873076551267771
V10.mp4,329,0,1,0.631049755706845
V10.mp4,330,0,1,0.6952862244487821
V10.mp4,331,0,1,0.5851626454530126
V10.mp4,332,0,1,0.5157174245359147
V10.mp4,333,0,1,0.6053943564663459
V10.mp4,334,0,1,0.6902489480903852
V10.mp4,335,0,1,0.7843210382185762
V10.mp4,336,0,1,0.7747173885404284
V10.mp4,337,0,1,0.7873753912085935
V10.mp4,338,0,1,0.8026336365904616
V10.mp4,339,0,1,0.8259031697951253
V10.mp4,340,0,1,0.7673885064630082
V10.mp4,341,0,1,0.7352541883222011
V10.mp4,342,0,1,0.6269278677888332
V10.mp4,343,0,1,0.5168727832116587
V10.mp4,344,0,1,0.525797193108499
V10.mp4,345,0,1,0.5279833302264301
V10.mp4,346,0,1,0.5181783579934195
V10.mp4,347,0,1,0.5079760036650018
V10.mp4,348,0,1,0.5331399269451542
V10.mp4,349,0,0,0.4648084446730317
V10.mp4,350,0,0,0.4463192686489404
V10.mp4,351,0,0,0.43675079862707467
V10.mp4,352,0,0,0.38757356106204177
V10.mp4,353,0,0,0.34511256453392397
V10.mp4,354,0,0,0.35644465022717897
V10.mp4,355,0,0,0.338159682106122
V10.mp4,356,0,0,0.36929669790080055
V10.mp4,357,0,0,0.34261908238566025
V10.mp4,358,0,0,0.3481688323934158
V10.mp4,359,0,0,0.330351924775657
V10.mp4,360,0,0,0.3710441197368553
V10.mp4,361,0,0,0.3843121265125344
V10.mp4,362,0,0,0.359771146890621
V10.mp4,363,0,0,0.336055613152716
V10.mp4,364,0,0,0.3023279221700191
V10.mp4,365,0,0,0.2838060936052078
V10.mp4,366,0,0,0.3101789211479377
V10.mp4,367,0,0,0.32535673274287374
V10.mp4,368,0,0,0.3868018174219119
V10.mp4,369,0,0,0.3871447334110688
V10.mp4,370,0,0,0.49916416927697016
V10.mp4,371,0,0,0.43161274301041075
V10.mp4,372,0,1,0.6497119962247137
V10.mp4,373,0,1,0.790886747588448
V10.mp4,374,0,1,0.7611351962848972
V10.mp4,375,0,1,0.8114805697607776
V10.mp4,376,0,1,0.7929216977172184
V10.mp4,377,0,1,0.7690220080850332
V10.mp4,378,0,1,0.6987301947053312
V10.mp4,379,0,1,0.6472470408868014
V10.mp4,380,0,1,0.5209693520523372
V10.mp4,381,0,1,0.5914784773871095
V10.mp4,382,0,0,0.45450216856935016
V10.mp4,383,0,0,0.41847884363324905
V10.mp4,384,0,0,0.4664833495220154
V10.mp4,385,0,0,0.4663018101812618
V10.mp4,386,0,1,0.5151589040538386
V10.mp4,387,0,1,0.6217080440175843
V10.mp4,388,0,1,0.8290350679434753
V10.mp4,389,0,1,0.8759261299693739
V10.mp4,390,0,1,0.939629133521599
V10.mp4,391,0,1,0.8411563627487518
V10.mp4,392,1,1,0.6216262279109771
V10.mp4,393,1,1,0.5392582848145228
V10.mp4,394,1,1,0.5276852458518865
V10.mp4,395,1,1,0.5195598552271135
V10.mp4,396,1,0,0.461974338802514
V10.mp4,397,0,1,0.5633963788953162
V10.mp4,398,0,1,0.6682067671726054
V10.mp4,399,0,1,0.752402899534711
V10.mp4,400,0,1,0.7125113135440168
V10.mp4,401,0,1,0.7273702901841382
V10.mp4,402,0,1,0.735436298791416
V10.mp4,403,0,1,0.687443672795901
V10.mp4,404,0,1,0.6433902724717324
V10.mp4,405,0,1,0.5638708286431907
V10.mp4,406,0,0,0.48300808947407364
V10.mp4,407,0,0,0.4563182179596836
V10.mp4,408,0,1,0.5050529570829945
V10.mp4,409,0,1,0.557828156279443
V10.mp4,410,0,1,0.5850158470136242
V10.mp4,411,0,1,0.6464583591135588
V10.mp4,412,0,1,0.6753689455578882
V10.mp4,413,0,1,0.717417979908663
V10.mp4,414,0,1,0.7435012095844699
V10.mp4,415,0,1,0.7475809705471259
V10.mp4,416,0,1,0.7536271973669316
V10.mp4,417,0,1,0.7235625075009368
V10.mp4,418,0,1,0.6376588762895011
V10.mp4,419,0,1,0.5982533391608933
V10.mp4,420,0,1,0.5546580711323417
V10.mp4,421,0,1,0.5372623711184141
V10.mp4,422,0,1,0.5536009033568605
V10.mp4,423,0,1,0.567478797551597
V10.mp4,424,0,1,0.5686496869812224
V10.mp4,425,0,1,0.5809498351542796
V10.mp4,426,0,1,0.6119557887066709
V10.mp4,427,0,1,0.5835767458618147
V10.mp4,428,0,1,0.5314654767594555
V10.mp4,429,0,0,0.48690674901378933
V10.mp4,430,0,0,0.40475012923817955
V10.mp4,431,0,0,0.4628117353382838
V10.mp4,432,0,1,0.5472237821672842
V10.mp4,433,0,0,0.48700197352455843
V10.mp4,434,0,0,0.48590220125809985
V10.mp4,435,0,0,0.3470465158129951
V10.mp4,436,0,0,0.3181374298539144
V10.mp4,437,0,0,0.31388155653122246
V10.mp4,438,0,0,0.3203505935192401
V10.mp4,439,0,0,0.350779976172583
V10.mp4,440,0,0,0.4215187389761733
V10.mp4,441,0,0,0.4477355940064742
V10.mp4,442,0,1,0.5172125164825111
V10.mp4,443,0,1,0.5364820101532213
V10.mp4,444,0,1,0.5226273694987206
V10.mp4,445,0,0,0.45573538360090154
V10.mp4,446,0,0,0.4093922162820655
V10.mp4,447,0,0,0.38071562315132973
V10.mp4,448,0,0,0.3509987724508031
V10.mp4,449,0,0,0.34429675505799123
V10.mp4,450,0,0,0.34394783946511653
V10.mp4,451,0,0,0.3750753740617359
V10.mp4,452,0,0,0.3724376611594338
V10.mp4,453,0,0,0.3912756976446642
V10.mp4,454,0,0,0.3881208562336196
V10.mp4,455,0,0,0.3885189632604787
V10.mp4,456,0,0,0.3770205619681283
V10.mp4,457,0,0,0.38331486629765027
V10.mp4,458,0,0,0.37600912193893854
V10.mp4,459,0,0,0.3701498922196244
V10.mp4,460,0,0,0.34501696512231295
V10.mp4,461,0,0,0.3552069795531209
V10.mp4,462,0,0,0.3827067311965481
V10.mp4,463,0,0,0.38511768711305144
V10.mp4,464,0,0,0.37761278675188564
V10.mp4,465,0,0,0.3743431440237884
V10.mp4,466,0,0,0.37189342709850814
V10.mp4,467,0,0,0.3189637843356676
V10.mp4,468,0,0,0.32042754006045066
V10.mp4,469,0,0,0.3233824736619799
V10.mp4,470,0,0,0.3538491635780791
V10.mp4,471,0,0,0.34175050546608904
V10.mp4,472,0,0,0.34175050546608904
V10.mp4,473,0,0,0.34175050546608904
V10.mp4,474,0,0,0.34175050546608904
V10.mp4,475,0,0,0.34175050546608904
V10.mp4,476,0,0,0.34175050546608904
V10.mp4,477,0,0,0.34175050546608904
V10.mp4,478,0,0,0.34175050546608904
V10.mp4,479,0,0,0.34175050546608904
V10.mp4,480,0,0,0.34175050546608904
V10.mp4,481,0,0,0.34175050546608904
V10.mp4,482,0,0,0.34175050546608904
V10.mp4,483,0,0,0.34175050546608904
V10.mp4,484,0,0,0.34175050546608904
V10.mp4,485,0,0,0.34175050546608904
V10.mp4,486,0,0,0.34175050546608904
V10.mp4,487,0,0,0.34175050546608904
V11.mp4,1,0,0,0.28822348615046184
V11.mp4,2,0,0,0.23206766175450363
V11.mp4,3,0,0,0.24870453812207818
V11.mp4,4,0,1,0.5090528739862359
V11.mp4,5,0,1,0.5594045175268235
V11.mp4,6,0,0,0.4653331175970388
V11.mp4,7,0,0,0.49458706126131463
V11.mp4,8,0,1,0.5257078864365605
V11.mp4,9,0,1,0.5264281629838267
V11.mp4,10,0,1,0.5493141973323398
V11.mp4,11,0,1,0.5408539940650934
V11.mp4,12,0,1,0.5835533083152176
V11.mp4,13,0,1,0.6095162672734197
V11.mp4,14,0,1,0.5919331524988872
V11.mp4,15,0,1,0.660689566926383
V11.mp4,16,0,1,0.6807567703271954
V11.mp4,17,0,1,0.6728831621892046
V11.mp4,18,0,1,0.6135015275777427
V11.mp4,19,0,1,0.6158796141441835
V11.mp4,20,0,1,0.5419038466509599
V11.mp4,21,0,1,0.5190875430057121
V11.mp4,22,0,0,0.46566895329106905
V11.mp4,23,0,0,0.4835379986857691
V11.mp4,24,0,0,0.4674345742537146
V11.mp4,25,0,0,0.4788338190324431
V11.mp4,26,0,0,0.488712869078412
V11.mp4,27,0,0,0.48501954477246617
V11.mp4,28,0,0,0.4432560757901691
V11.mp4,29,0,0,0.42387988278263034
V11.mp4,30,0,0,0.35883912065105344
V11.mp4,31,0,0,0.34519700104173806
V11.mp4,32,0,0,0.3527501720060655
V11.mp4,33,0,0,0.3528525518201754
V11.mp4,34,0,0,0.34216658174618325
V11.mp4,35,0,0,0.3596378093181368
V11.mp4,36,0,0,0.33952522057106166
V11.mp4,37,0,0,0.3305571588677157
V11.mp4,38,0,0,0.35080193123464276
V11.mp4,39,0,0,0.3628237722623662
V11.mp4,40,0,0,0.35197169188014277
V11.mp4,41,0,0,0.4860139297817854
V11.mp4,42,0,1,0.7018549714501908
V11.mp4,43,0,1,0.6494621527157558
V11.mp4,44,0,1,0.8178079238058729
V11.mp4,45,0,1,0.8633556488202505
V11.mp4,46,0,1,0.8395268197143747
V11.mp4,47,0,1,0.7971667938124096
V11.mp4,48,0,1,0.793505760569928
V11.mp4,49,0,1,0.7807240614335997
V11.mp4,50,0,1,0.8745125815308066
V11.mp4,51,0,1,0.9582674136786326
V11.mp4,52,0,1,0.9486355050177819
V11.mp4,53,0,1,0.8905798664813872
V11.mp4,54,0,0,0.2619748472579535
V11.mp4,55,0,0,0.3002315462021294
V11.mp4,56,0,0,0.250408606995663
V11.mp4,57,0,0,0.20632807699024094
V11.mp4,58,0,0,0.19247066187096246
V11.mp4,59,0,0,0.2226833212652166
V11.mp4,60,0,0,0.2477471708206927
V11.mp4,61,0,0,0.2443605377980025
V11.mp4,62,0,0,0.244826029624309
V11.mp4,63,0,0,0.25434087587445225
V11.mp4,64,0,0,0.28325799157317755
V11.mp4,65,0,0,0.3085261520845733
V11.mp4,66,0,0,0.32603369960569717
V11.mp4,67,0,0,0.3157929140290178
V11.mp4,68,0,0,0.31080037245233255
V11.mp4,69,0,0,0.24641860182884684
V11.mp4,70,0,0,0.24661450161294568
V11.mp4,71,0,0,0.25816452016459945
V11.mp4,72,0,0,0.26592002911719115
V11.mp4,73,0,0,0.24834101224385238
V11.mp4,74,0,0,0.24582616779848307
V11.mp4,75,0,0,0.22679308456542313
V11.mp4,76,0,0,0.21110785156197506
V11.mp4,77,0,0,0.21021586028407
V11.mp4,78,0,0,0.22994140250746048
V11.mp4,79,0,0,0.24447490629311316
V11.mp4,80,0,0,0.26202216816167195
V11.mp4,81,0,0,0.25766393258329345
V11.mp4,82,0,0,0.24574781922232805
V11.mp4,83,0,0,0.24485987823899913
V11.mp4,84,0,0,0.2836934360900967
V11.mp4,85,0,0,0.2575804523518419
V11.mp4,86,0,0,0.22552369180237808
V11.mp4,87,0,0,0.22490858439342667
V11.mp4,88,0,0,0.20940364402263237
V11.mp4,89,0,0,0.11996368640478808
V11.mp4,90,0,0,0.13684734115507746
V11.mp4,91,0,0,0.24904162834762264
V11.mp4,92,0,0,0.3188543295377847
V11.mp4,93,0,0,0.39618634246304446
V11.mp4,94,0,1,0.6739593875464562
V11.mp4,95,0,1,0.764349350259831
V11.mp4,96,0,1,0.8738796931719411
V11.mp4,97,0,1,0.8607855063387583
V11.mp4,98,0,1,0.8966490669458447
V11.mp4,99,0,1,0.8686591326115308
V11.mp4,100,0,1,0.8164240555727967
V11.mp4,101,0,1,0.662191742429906
V11.mp4,102,0,1,0.666735696609464
V11.mp4,103,0,1,0.5019123248564172
V11.mp4,104,0,0,0.4045585501788106
V11.mp4,105,0,0,0.3429526342472676
V11.mp4,106,0,0,0.30981173908588444
V11.mp4,107,0,0,0.32605713237093237
V11.mp4,108,0,1,0.525221057209388
V11.mp4,109,0,1,0.5995946960355658
V11.mp4,110,0,1,0.6126415086556013
V11.mp4,111,0,1,0.6076625196608547
V11.mp4,112,0,0,0.4786835467748541
V11.mp4,113,0,0,0.4125889752752972
V11.mp4,114,0,0,0.4467641306533943
V11.mp4,115,0,1,0.6280393836926551
V11.mp4,116,0,1,0.8033854757520076
V11.mp4,117,0,1,0.6711221592385588
V11.mp4,118,0,1,0.8066739908965067
V11.mp4,119,0,1,0.9638712153508415
V11.mp4,120,0,1,0.975302238031397
V11.mp4,121,0,1,0.9872814480102928
V11.mp4,122,0,1,0.8369982645951571
V11.mp4,123,0,1,0.5547918781881521
V11.mp4,124,0,0,0.3519790456440949
V11.mp4,125,0,0,0.32755761706096226
V11.mp4,126,1,0,0.30411497041151775
V11.mp4,127,1,0,0.2861625838728559
V11.mp4,128,1,0,0.29801516614924034
V11.mp4,129,1,0,0.29916455196867003
V11.mp4,130,1,0,0.3436005802877673
V11.mp4,131,0,0,0.3212415120209631
V11.mp4,132,0,0,0.343757127721548
V11.mp4,133,0,0,0.3626764419319516
V11.mp4,134,0,0,0.38499997914721573
V11.mp4,135,0,0,0.3632945869556336
V11.mp4,136,0,0,0.3763760007534428
V11.mp4,137,0,0,0.42280061336670177
V11.mp4,138,0,0,0.47184617919311644
V11.mp4,139,0,1,0.6030853965594716
V11.mp4,140,0,1,0.5213819980239224
V11.mp4,141,0,1,0.6320658115585093
V11.mp4,142,0,1,0.7216112647000956
V11.mp4,143,0,1,0.8166513106392851
V11.mp4,144,0,1,0.8547280308479943
V11.mp4,145,0,1,0.8579502468365111
V11.mp4,146,0,1,0.7790767472119247
V11.mp4,147,0,1,0.7921311621686362
V11.mp4,148,0,1,0.8093133645172664
V11.mp4,149,0,1,0.591384074785025
V11.mp4,150,0,1,0.7039023111104515
V11.mp4,151,0,1,0.7516497623777478
V11.mp4,152,0,1,0.7632411352434216
V11.mp4,153,0,1,0.7461982100865634
V11.mp4,154,0,1,0.7461982100865634
V11.mp4,155,0,1,0.7461982100865634
V11.mp4,156,0,1,0.7461982100865634
V11.mp4,157,0,1,0.7461982100865634
V11.mp4,158,0,1,0.7461982100865634
V11.mp4,159,0,1,0.7461982100865634
V11.mp4,160,0,1,0.7461982100865634
V11.mp4,161,0,1,0.7461982100865634
V11.mp4,162,0,1,0.7461982100865634
V11.mp4,163,0,1,0.7461982100865634
V11.mp4,164,0,1,0.7461982100865634
V11.mp4,165,0,1,0.7461982100865634
V11.mp4,166,0,1,0.7461982100865634
V11.mp4,167,0,1,0.7461982100865634
V11.mp4,168,0,1,0.7461982100865634
V11.mp4,169,0,1,0.7461982100865634
V11.mp4,170,0,1,0.7461982100865634
V11.mp4,171,0,1,0.7461982100865634
V11.mp4,172,0,1,0.7461982100865634
V11.mp4,173,0,1,0.7461982100865634
V11.mp4,174,0,1,0.7461982100865634
V11.mp4,175,0,1,0.7461982100865634
V11.mp4,176,0,1,0.7461982100865634
V11.mp4,177,0,1,0.7461982100865634
V11.mp4,178,0,1,0.7461982100865634
V11.mp4,179,0,1,0.7461982100865634
V11.mp4,180,0,1,0.7461982100865634
V11.mp4,181,0,1,0.7461982100865633
V11.mp4,182,0,1,0.7461982100865633
V11.mp4,183,0,1,0.7461982100865634
V12.mp4,1,0,0,0.21168250550082865
V12.mp4,2,0,0,0.2354864258954972
V12.mp4,3,0,0,0.29485440755417347
V12.mp4,4,0,0,0.32810927471329776
V12.mp4,5,0,0,0.40536117278605044
V12.mp4,6,0,0,0.29728855715237357
V12.mp4,7,0,0,0.2923413138535465
V12.mp4,8,0,0,0.31139740286445855
V12.mp4,9,0,0,0.33860938286299297
V12.mp4,10,0,0,0.34366540570394244
V12.mp4,11,0,0,0.3396014818393244
V12.mp4,12,0,0,0.26392795499024496
V12.mp4,13,0,0,0.19914889978469788
V12.mp4,14,0,0,0.2407166555266738
V12.mp4,15,0,0,0.17809824419603648
V12.mp4,16,0,0,0.39093481695289484
V12.mp4,17,0,0,0.42552384767684365
V12.mp4,18,0,0,0.27894215067258255
V12.mp4,19,0,0,0.35661180178506924
V12.mp4,20,0,0,0.3155657500889823
V12.mp4,21,0,0,0.31749277609127047
V12.mp4,22,0,0,0.32098369558074263
V12.mp4,23,0,0,0.3376356238998446
V12.mp4,24,0,0,0.3606620218698507
V12.mp4,25,0,0,0.3567224175462694
V12.mp4,26,0,0,0.3552867750824003
V12.mp4,27,0,0,0.3688517820620652
V12.mp4,28,0,0,0.35736696952155744
V12.mp4,29,0,0,0.380325180802895
V12.mp4,30,0,0,0.391732948572362
V12.mp4,31,0,0,0.388891035355703
V12.mp4,32,0,0,0.36713470009047194
V12.mp4,33,0,0,0.3503146438189309
V12.mp4,34,0,0,0.33656966666767746
V12.mp4,35,0,0,0.3357095060849818
V12.mp4,36,0,0,0.3914354691449905
V12.mp4,37,0,0,0.46020150184873665
V12.mp4,38,0,1,0.5859846571238899
V12.mp4,39,0,1,0.60934722642912
V12.mp4,40,0,1,0.6299560957394212
V12.mp4,41,0,1,0.689253923383615
V12.mp4,42,0,1,0.6756534984315475
V12.mp4,43,0,1,0.6475581875331817
V12.mp4,44,0,1,0.657429818282996
V12.mp4,45,0,1,0.6831779878053708
V12.mp4,46,0,1,0.648573307613302
V12.mp4,47,0,1,0.5904800053239196
V12.mp4,48,0,1,0.5164809748118653
V12.mp4,49,0,0,0.4410169645547761
V12.mp4,50,0,0,0.40951210885677564
V12.mp4,51,0,0,0.40466755099534774
V12.mp4,52,0,0,0.45637188240765525
V12.mp4,53,0,0,0.467319243798929
V12.mp4,54,0,0,0.45773760144497494
V12.mp4,55,0,0,0.4517586279495318
V12.mp4,56,0,0,0.43658172729823347
V12.mp4,57,0,0,0.4459235538137968
V12.mp4,58,0,0,0.43126192258370055
V12.mp4,59,0,0,0.432807057415272
V12.mp4,60,0,0,0.4975241338800191
V12.mp4,61,0,1,0.7331774284071939
V12.mp4,62,0,1,0.6904787631115377
V12.mp4,63,0,1,0.6617159949344433
V12.mp4,64,0,1,0.7865448893994249
V12.mp4,65,0,1,0.9141298849508648
V12.mp4,66,1,1,0.930013838458193
V12.mp4,67,1,1,0.930109065232401
V12.mp4,68,1,1,0.8168391372162378
V12.mp4,69,1,0,0.3178969739516543
V12.mp4,70,1,0,0.32037286132677106
V12.mp4,71,0,0,0.30104523864213006
V12.mp4,72,0,0,0.29272984167083205
V12.mp4,73,0,0,0.39304388065558515
V12.mp4,74,0,1,0.6950612107866243
V12.mp4,75,0,1,0.5731247329557285
V12.mp4,76,0,1,0.6581705838819983
V12.mp4,77,0,1,0.6921972459365654
V12.mp4,78,0,1,0.7653654285805295
V12.mp4,79,0,1,0.6325632327801258
V12.mp4,80,0,1,0.8745813542859652
V12.mp4,81,0,1,0.9030993958332246
V12.mp4,82,0,1,0.893419019735981
V12.mp4,83,0,1,0.8833514588812352
V12.mp4,84,0,1,0.9207050906814732
V12.mp4,85,0,1,0.7159396105508351
V12.mp4,86,0,1,0.6631582687952876
V12.mp4,87,0,1,0.6752296389444954
V12.mp4,88,0,1,0.5000979871821276
V12.mp4,89,0,0,0.3868386375680849
V12.mp4,90,0,0,0.36919132139667116
V12.mp4,91,0,0,0.37111327988959547
V12.mp4,92,0,0,0.3608314203172155
V12.mp4,93,0,0,0.36946516113262357
V12.mp4,94,0,0,0.3586923542608506
V12.mp4,95,0,0,0.3644663932942943
V12.mp4,96,0,0,0.38424203244834243
V12.mp4,97,0,0,0.4035908209169982
V12.mp4,98,0,1,0.5019936315446606
V12.mp4,99,0,1,0.5085888292181723
V12.mp4,100,0,0,0.4959897688486602
V12.mp4,101,0,0,0.43566304842643977
V12.mp4,102,0,0,0.44776558049055293
V12.mp4,103,0,0,0.437391449171505
V12.mp4,104,0,0,0.46950088894177266
V12.mp4,105,0,0,0.45454843116118987
V12.mp4,106,0,0,0.42503597336696913
V12.mp4,107,0,0,0.39851496654534735
V12.mp4,108,0,0,0.3735866951261311
V12.mp4,109,0,0,0.3365270569091043
V12.mp4,110,0,0,0.4024029528485956
V12.mp4,111,0,0,0.3591857072857533
V12.mp4,112,0,0,0.43127421048899844
V12.mp4,113,0,0,0.42513207435248535
V12.mp4,114,0,0,0.4709559698294034
V12.mp4,115,0,0,0.4629788842955776
V12.mp4,116,0,0,0.3566081022746852
V12.mp4,117,0,0,0.37505433600281507
V12.mp4,118,0,0,0.39336569916714514
V12.mp4,119,0,0,0.41628620428627694
V12.mp4,120,0,0,0.29347934062941855
V12.mp4,121,0,0,0.34561928192007824
V12.mp4,122,0,0,0.18778733622187532
V12.mp4,123,0,0,0.28957609962539993
V12.mp4,124,0,0,0.38964722167311455
V12.mp4,125,0,0,0.3297267024216882
V12.mp4,126,0,0,0.4242156079696365
V12.mp4,127,0,0,0.45712988712831026
V12.mp4,128,0,0,0.46612496048313445
V12.mp4,129,0,0,0.4711732259784073
V12.mp4,130,0,0,0.4711732259784073
V12.mp4,131,0,0,0.4711732259784073
V12.mp4,132,0,0,0.4711732259784073
V12.mp4,133,0,0,0.4711732259784073
V12.mp4,134,0,0,0.4711732259784073
V12.mp4,135,0,0,0.4711732259784073
V12.mp4,136,0,0,0.4711732259784073
V12.mp4,137,0,0,0.4711732259784073
V12.mp4,138,0,0,0.4711732259784073
V12.mp4,139,0,0,0.4711732259784073
V12.mp4,140,0,0,0.4711732259784073
V13.mp4,1,0,0,0.18897543066601116
V13.mp4,2,0,0,0.21282792800574665
V13.mp4,3,0,0,0.3055871345813854
V13.mp4,4,0,0,0.38578710922075077
V13.mp4,5,0,1,0.5271143726667054
V13.mp4,6,0,0,0.37488959551246703
V13.mp4,7,0,0,0.3464320803345974
V13.mp4,8,0,0,0.3713810531309311
V13.mp4,9,0,0,0.37635500321846904
V13.mp4,10,0,0,0.3998197511762872
V13.mp4,11,0,0,0.38645873690645893
V13.mp4,12,0,0,0.3582095556601273
V13.mp4,13,0,0,0.3462559093957133
V13.mp4,14,0,0,0.31004781175345714
V13.mp4,15,0,0,0.28767342165120674
V13.mp4,16,0,0,0.2752842814250362
V13.mp4,17,0,0,0.26911889973635206
V13.mp4,18,0,0,0.26456714207239473
V13.mp4,19,0,0,0.27023092792835035
V13.mp4,20,0,0,0.28920185747364835
V13.mp4,21,0,0,0.4378116782620234
V13.mp4,22,0,0,0.3787344851929114
V13.mp4,23,0,0,0.36760703938227557
V13.mp4,24,0,1,0.506372823690095
V13.mp4,25,0,1,0.8001045741445924
V13.mp4,26,0,1,0.9197082588789794
V13.mp4,27,0,1,0.9509202783297218
V13.mp4,28,0,1,0.8494545388093969
V13.mp4,29,0,0,0.4384684657354612
V13.mp4,30,0,0,0.3552803680712365
V13.mp4,31,0,0,0.31997658313884286
V13.mp4,32,0,0,0.3017675067294794
V13.mp4,33,0,0,0.2781330384699025
V13.mp4,34,0,0,0.30676842106037217
V13.mp4,35,0,0,0.3005142510102851
V13.mp4,36,0,0,0.2971823354510466
V13.mp4,37,0,0,0.3009184046402233
V13.mp4,38,0,0,0.3168472146025101
V13.mp4,39,0,0,0.3155489238066747
V13.mp4,40,0,0,0.28958226622096883
V13.mp4,41,0,0,0.3338983927154244
V13.mp4,42,0,0,0.38801719210510904
V13.mp4,43,0,0,0.4231773285330323
V13.mp4,44,0,0,0.4392364315373986
V13.mp4,45,0,0,0.46349700896111695
V13.mp4,46,0,0,0.4423835903022604
V13.mp4,47,0,0,0.44927666955638884
V13.mp4,48,0,0,0.4453858460742475
V13.mp4,49,0,0,0.44992200346105554
V13.mp4,50,0,0,0.4879228591867818
V13.mp4,51,0,0,0.4966575801173281
V13.mp4,52,0,1,0.5726730183950609
V13.mp4,53,0,1,0.7119449090343172
V13.mp4,54,0,1,0.6564129609321873
V13.mp4,55,0,1,0.6193204281475138
V13.mp4,56,0,1,0.5516484538204087
V13.mp4,57,0,1,0.5547376611433371
V13.mp4,58,0,0,0.35897375955838706
V13.mp4,59,0,0,0.3447821317498067
V13.mp4,60,0,0,0.2877311575563858
V13.mp4,61,0,0,0.2709960781689257
V13.mp4,62,0,0,0.2867647007200783
V13.mp4,63,0,0,0.3370132732982284
V13.mp4,64,0,0,0.3749379466222916
V13.mp4,65,0,0,0.37870871503240355
V13.mp4,66,0,0,0.37228261156668285
V13.mp4,67,0,0,0.3609892243597189
V13.mp4,68,0,0,0.36259715517077684
V13.mp4,69,0,0,0.34467309282825487
V13.mp4,70,0,0,0.33092416297903426
V13.mp4,71,0,0,0.32792120501423
V13.mp4,72,0,0,0.325717246381891
V13.mp4,73,0,0,0.35858288339468497
V13.mp4,74,0,0,0.4011004329393015
V13.mp4,75,0,0,0.4169697101271007
V13.mp4,76,0,0,0.39881161684860617
V13.mp4,77,0,0,0.37558300064657896
V13.mp4,78,0,0,0.3929483497800948
V13.mp4,79,0,0,0.43187969547366684
V13.mp4,80,0,0,0.45636950770304124
V13.mp4,81,0,0,0.39665007411853737
V13.mp4,82,0,0,0.4567417621530075
V13.mp4,83,0,0,0.35449185390579047
V13.mp4,84,0,0,0.4366004034151669
V13.mp4,85,0,1,0.6134787244060976
V13.mp4,86,0,1,0.7449576929559242
V13.mp4,87,0,1,0.748765507708573
V13.mp4,88,0,1,0.5904799362255412
V13.mp4,89,0,0,0.43908396969587365
V13.mp4,90,0,0,0.405092364402305
V13.mp4,91,0,0,0.42312205575647366
V13.mp4,92,0,0,0.38883934947849913
V13.mp4,93,0,0,0.3693255714669719
V13.mp4,94,0,0,0.3876379541267184
V13.mp4,95,0,0,0.37059503655621573
V13.mp4,96,0,0,0.42335415272537996
V13.mp4,97,0,0,0.39987995835269186
V13.mp4,98,0,0,0.3895405974302464
V13.mp4,99,0,0,0.372061735258828
V13.mp4,100,0,0,0.4308805257706712
V13.mp4,101,0,0,0.4462218181495161
V13.mp4,102,0,0,0.46568221049085695
V13.mp4,103,0,0,0.44896470537258737
V13.mp4,104,0,0,0.4416967402908225
V13.mp4,105,0,0,0.3533372542192184
V13.mp4,106,0,0,0.350545930082568
V13.mp4,107,0,0,0.378873939377852
V13.mp4,108,0,0,0.39580015397250784
V13.mp4,109,0,0,0.39249493975631505
V13.mp4,110,0,0,0.380571326717471
V13.mp4,111,0,0,0.32612656662634215
V13.mp4,112,0,0,0.32110024773503393
V13.mp4,113,0,0,0.35230397234997246
V13.mp4,114,0,0,0.30808531231998354
V13.mp4,115,0,0,0.19521522903118096
V13.mp4,116,0,0,0.3229138978380427
V13.mp4,117,0,0,0.1734314310828145
V13.mp4,118,0,0,0.24065116836798084
V13.mp4,119,0,1,0.5285801625811576
V13.mp4,120,0,1,0.5554472959564244
V13.mp4,121,0,0,0.2823730278712171
V13.mp4,122,0,0,0.1936467142315081
V13.mp4,123,0,0,0.24523599120205533
V13.mp4,124,0,0,0.23790416298975584
V13.mp4,125,0,0,0.23988168959267028
V13.mp4,126,0,0,0.2524217985846706
V13.mp4,127,0,0,0.27254704622240195
V13.mp4,128,0,1,0.6605009676073812
V13.mp4,129,0,0,0.4799364242583533
V13.mp4,130,0,0,0.4167378671857153
V13.mp4,131,0,1,0.6379984447625416
V13.mp4,132,0,1,0.853636738702752
V13.mp4,133,0,1,0.8356564408648345
V13.mp4,134,0,1,0.8508624096372593
V13.mp4,135,1,1,0.7054198364051517
V13.mp4,136,1,0,0.3781135957319013
V13.mp4,137,1,0,0.31821002212320165
V13.mp4,138,1,0,0.23359526731080055
V13.mp4,139,1,0,0.2476160849861272
V13.mp4,140,0,0,0.228212859317774
V13.mp4,141,0,0,0.22953944559827236
V13.mp4,142,0,0,0.19660944668729377
V13.mp4,143,0,0,0.18583127196954408
V13.mp4,144,0,0,0.17258592675239007
V13.mp4,145,0,0,0.1634822696046768
V13.mp4,146,0,0,0.1706392450195549
V13.mp4,147,0,0,0.17643548745316914
V13.mp4,148,0,0,0.18656552466525275
V13.mp4,149,0,0,0.17032723162653945
V13.mp4,150,0,0,0.17126097053246128
V13.mp4,151,0,0,0.16108281451405732
V13.mp4,152,0,0,0.13031935477065146
V13.mp4,153,0,0,0.1274735059242284
V13.mp4,154,0,0,0.12736898843926525
V13.mp4,155,0,0,0.12284435827202922
V13.mp4,156,0,0,0.12547049494798632
V13.mp4,157,0,0,0.11281071101304516
V13.mp4,158,0,0,0.15944258553390123
V13.mp4,159,0,0,0.20652633344421548
V13.mp4,160,0,0,0.3042347187953369
V13.mp4,161,0,0,0.1974277465136382
V13.mp4,162,0,0,0.2906897450157823
V13.mp4,163,0,0,0.4975890203627971
V13.mp4,164,0,0,0.38790850179794173
V13.mp4,165,0,0,0.15944848578098253
V13.mp4,166,0,0,0.2987949679449174
V13.mp4,167,0,0,0.16009238305837814
V13.mp4,168,0,0,0.06649165047499149
V13.mp4,169,0,0,0.06026526590344256
V13.mp4,170,0,0,0.09306339733963528
V13.mp4,171,0,0,0.0728760829609402
V13.mp4,172,0,0,0.10797190868236903
V13.mp4,173,0,0,0.1070261618012661
V13.mp4,174,0,0,0.07737474045764728
V13.mp4,175,0,0,0.2984248837117523
V13.mp4,176,0,0,0.2984008705543795
V13.mp4,177,0,0,0.2898028746307518
V13.mp4,178,0,0,0.32370257175723255
V13.mp4,179,0,0,0.32876062006781853
V13.mp4,180,0,0,0.30200460638479665
V13.mp4,181,0,0,0.28216797794877335
V13.mp4,182,0,0,0.27245519348968894
V13.mp4,183,0,0,0.18417769311282775
V13.mp4,184,0,0,0.18038259324455924
V13.mp4,185,0,0,0.2241438729875501
V13.mp4,186,0,0,0.35670285997384343
V13.mp4,187,0,0,0.3439196164173158
V13.mp4,188,0,0,0.29566347586744873
V13.mp4,189,0,0,0.3267610003405045
V13.mp4,190,0,0,0.27039734055593245
V13.mp4,191,0,0,0.2724850306687728
V13.mp4,192,0,0,0.26852168140401855
V13.mp4,193,0,0,0.29251417802242824
V13.mp4,194,0,0,0.2796500869719001
V13.mp4,195,0,0,0.3354451174229227
V13.mp4,196,0,0,0.26850873344375475
V13.mp4,197,0,0,0.19657201996151474
V13.mp4,198,0,0,0.20142444405485654
V13.mp4,199,0,0,0.22191795233510797
V13.mp4,200,0,0,0.23675366372220769
V13.mp4,201,0,0,0.26989888439073795
V13.mp4,202,0,0,0.28150143523020565
V13.mp4,203,0,0,0.28447108056320125
V13.mp4,204,0,0,0.3079792547885764
V13.mp4,205,0,0,0.3326107758432942
V13.mp4,206,0,0,0.3225717741698197
V13.mp4,207,0,0,0.30728924618206904
V13.mp4,208,0,0,0.2829605662360136
V13.mp4,209,0,0,0.26873936715956825
V13.mp4,210,0,0,0.2592903467977768
V13.mp4,211,0,0,0.2825291588589981
V13.mp4,212,0,0,0.26258503980043146
V13.mp4,213,0,0,0.2589503316062578
V13.mp4,214,0,0,0.2596436550093682
V13.mp4,215,0,0,0.2152349677682246
V13.mp4,216,0,0,0.21941710362774608
V13.mp4,217,0,0,0.14000239060786823
V13.mp4,218,0,0,0.12780573926727734
V13.mp4,219,0,0,0.15962154095700581
V13.mp4,220,0,0,0.1566351453607948
V13.mp4,221,0,0,0.17185220318458888
V13.mp4,222,0,0,0.16468909863170614
V13.mp4,223,0,0,0.14638093900151308
V13.mp4,224,0,0,0.1529524558501004
V13.mp4,225,0,0,0.14261914708065154
V13.mp4,226,0,0,0.16248411727374873
V13.mp4,227,0,0,0.13499460610119668
V13.mp4,228,0,0,0.1559101940287371
V13.mp4,229,0,0,0.35040137138195826
V13.mp4,230,0,0,0.38546597225161155
V13.mp4,231,0,0,0.38546597225161155
V13.mp4,232,0,0,0.38546597225161155
V13.mp4,233,0,0,0.38546597225161155
V13.mp4,234,0,0,0.38546597225161155
V13.mp4,235,0,0,0.38546597225161155
V13.mp4,236,0,0,0.38546597225161155
V13.mp4,237,0,0,0.38546597225161155
V13.mp4,238,0,0,0.38546597225161155
V13.mp4,239,0,0,0.38546597225161155
V13.mp4,240,0,0,0.38546597225161155
V14.mp4,1,0,0,0.15663077185957822
V14.mp4,2,0,0,0.17547263859162934
V14.mp4,3,0,0,0.22058254427432886
V14.mp4,4,0,0,0.2711346570764277
V14.mp4,5,0,0,0.33251413217701437
V14.mp4,6,0,0,0.26129392365576604
V14.mp4,7,0,0,0.2746396818285512
V14.mp4,8,0,0,0.3013500304163608
V14.mp4,9,0,0,0.29587597075860655
V14.mp4,10,0,0,0.2822078230816143
V14.mp4,11,0,0,0.2520372602052326
V14.mp4,12,0,0,0.2615229424373532
V14.mp4,13,0,0,0.2805858325107733
V14.mp4,14,0,0,0.29948144980173114
V14.mp4,15,0,0,0.2872351113565443
V14.mp4,16,0,0,0.18828882603445155
V14.mp4,17,0,0,0.10864393160252091
V14.mp4,18,0,0,0.1592164302240091
V14.mp4,19,0,0,0.25929822513965023
V14.mp4,20,0,0,0.2548840751095951
V14.mp4,21,0,0,0.25460359390401527
V14.mp4,22,0,0,0.24147062891356516
V14.mp4,23,0,0,0.24312425499195883
V14.mp4,24,0,0,0.24183471932740047
V14.mp4,25,0,0,0.24542711816082813
V14.mp4,26,0,0,0.23600047640625915
V14.mp4,27,0,0,0.23166422919957091
V14.mp4,28,0,0,0.2301054826499225
V14.mp4,29,0,0,0.21947473351589344
V14.mp4,30,0,0,0.23653692458311276
V14.mp4,31,0,0,0.2075671408047709
V14.mp4,32,0,0,0.2245776651696167
V14.mp4,33,0,0,0.18553227077801238
V14.mp4,34,0,0,0.1458179729378684
V14.mp4,35,0,0,0.21446134834566807
V14.mp4,36,0,0,0.2572782199808839
V14.mp4,37,0,0,0.26041213979808
V14.mp4,38,0,0,0.2465338217947635
V14.mp4,39,0,0,0.2117275422711697
V14.mp4,40,0,0,0.14098448999621596
V14.mp4,41,0,0,0.12081420967954046
V14.mp4,42,0,0,0.15949071340604534
V14.mp4,43,0,0,0.22678983187600674
V14.mp4,44,0,0,0.25655620983539623
V14.mp4,45,0,0,0.2510894459748849
V14.mp4,46,0,0,0.25698654907252977
V14.mp4,47,0,0,0.25773477217858315
V14.mp4,48,0,0,0.24952220750503337
V14.mp4,49,0,0,0.21972808214868217
V14.mp4,50,0,0,0.23401936207265123
V14.mp4,51,0,0,0.23387987109545358
V14.mp4,52,0,0,0.24153749715231768
V14.mp4,53,0,0,0.2426532494040115
V14.mp4,54,0,0,0.23843534427017854
V14.mp4,55,0,0,0.2597856037765454
V14.mp4,56,0,0,0.27213746192936805
V14.mp4,57,0,0,0.26736423499733153
V14.mp4,58,0,0,0.27194774732633237
V14.mp4,59,0,0,0.2614049895553105
V14.mp4,60,0,0,0.24354834573013423
V14.mp4,61,0,0,0.2137100427591834
V14.mp4,62,0,0,0.20854745785477258
V14.mp4,63,0,0,0.2265060832260527
V14.mp4,64,0,0,0.342062235847601
V14.mp4,65,0,0,0.3692596300499244
V14.mp4,66,0,0,0.4420460908020887
V14.mp4,67,0,0,0.40233264127701096
V14.mp4,68,0,0,0.39603756978789545
V14.mp4,69,0,0,0.2848093475989077
V14.mp4,70,0,0,0.23284199836306652
V14.mp4,71,0,0,0.1621704985626209
V14.mp4,72,0,0,0.1841095672370718
V14.mp4,73,0,0,0.1346720450020546
V14.mp4,74,0,0,0.12368465103071567
V14.mp4,75,0,0,0.1372219915343169
V14.mp4,76,0,0,0.16486770704834527
V14.mp4,77,0,0,0.22576626209949696
V14.mp4,78,0,0,0.2327254853954075
V14.mp4,79,0,0,0.21270966569815564
V14.mp4,80,0,0,0.2168375554043273
V14.mp4,81,0,0,0.2167700040942603
V14.mp4,82,0,0,0.21927510832642746
V14.mp4,83,0,0,0.22828493901685387
V14.mp4,84,0,0,0.2156106175014195
V14.mp4,85,0,0,0.13681290050342002
V14.mp4,86,0,0,0.07253822326032394
V14.mp4,87,0,0,0.0070393237372045935
V14.mp4,88,0,0,0.0038538981470409963
V14.mp4,89,0,0,0.08725970645672462
V14.mp4,90,0,0,0.08292211324380336
V14.mp4,91,0,0,0.08894976553470321
V14.mp4,92,0,0,0.0934297502328898
V14.mp4,93,0,0,0.12306576905378701
V14.mp4,94,0,0,0.19661857206871292
V14.mp4,95,0,0,0.201760631908439
V14.mp4,96,0,0,0.2097962375181445
V14.mp4,97,0,0,0.19468885423595758
V14.mp4,98,0,0,0.10816655293968244
V14.mp4,99,0,0,0.08466777186107076
V14.mp4,100,0,0,0.06764405654278577
V14.mp4,101,0,0,0.015959114688853672
V14.mp4,102,0,0,0.026577291485259443
V14.mp4,103,0,0,0.038508305835639314
V14.mp4,104,0,0,0.05245163228436275
V14.mp4,105,0,0,0.1243711857821343
V14.mp4,106,0,0,0.1618498760245593
V14.mp4,107,0,0,0.2230833682574547
V14.mp4,108,0,0,0.2128801017632516
V14.mp4,109,0,0,0.22219523494275156
V14.mp4,110,0,0,0.26020512382018346
V14.mp4,111,0,0,0.2337022815975619
V14.mp4,112,0,0,0.2139273305064013
V14.mp4,113,0,0,0.2883622692295675
V14.mp4,114,0,0,0.29707747327209133
V14.mp4,115,0,0,0.2576030953138774
V14.mp4,116,0,0,0.20507556604830193
V14.mp4,117,0,0,0.1947917501734718
V14.mp4,118,0,0,0.24638576278084942
V14.mp4,119,0,0,0.2958866072477118
V14.mp4,120,0,0,0.26971095671220585
V14.mp4,121,0,0,0.3255380556808089
V14.mp4,122,0,0,0.44417241723137907
V14.mp4,123,0,1,0.861830401484644
V14.mp4,124,0,0,0.34573377181297604
V14.mp4,125,0,1,0.7750608027095652
V14.mp4,126,0,1,0.9424730071584557
V14.mp4,127,0,1,0.9831852013068454
V14.mp4,128,0,1,0.9397084424725501
V14.mp4,129,0,1,0.9389507351888108
V14.mp4,130,0,0,0.3680109773946044
V14.mp4,131,0,0,0.20654830730756082
V14.mp4,132,0,0,0.23170513941586543
V14.mp4,133,0,0,0.23809578544079066
V14.mp4,134,0,0,0.20974921483964065
V14.mp4,135,1,0,0.18990902692903416
V14.mp4,136,1,0,0.12884731767615076
V14.mp4,137,1,0,0.13985760195638544
V14.mp4,138,1,0,0.16622262031480595
V14.mp4,139,1,0,0.1417219485384609
V14.mp4,140,0,0,0.14087172047556393
V14.mp4,141,0,0,0.21442736269454726
V14.mp4,142,0,0,0.29469277072908384
V14.mp4,143,0,0,0.3138350775427431
V14.mp4,144,0,1,0.838416513322986
V14.mp4,145,0,1,0.6238835481623576
V14.mp4,146,0,1,0.5537559109840263
V14.mp4,147,0,1,0.6753940999010579
V14.mp4,148,0,1,0.8376904642098527
V14.mp4,149,0,1,0.7477501936381024
V14.mp4,150,0,1,0.7641390801902213
V14.mp4,151,0,1,0.5609513373106274
V14.mp4,152,0,0,0.4044834436257797
V14.mp4,153,0,0,0.27131702718290274
V14.mp4,154,0,0,0.2445238822612579
V14.mp4,155,0,0,0.2749894622354787
V14.mp4,156,0,0,0.31666886702925084
V14.mp4,157,0,0,0.33111162004371275
V14.mp4,158,0,0,0.3551079654598262
V14.mp4,159,0,0,0.37495395346987853
V14.mp4,160,0,0,0.38311227251133945
V14.mp4,161,0,0,0.34455483030968986
V14.mp4,162,0,0,0.3319820315414702
V14.mp4,163,0,0,0.306637925764035
V14.mp4,164,0,0,0.3532444749138777
V14.mp4,165,0,0,0.32555523989805185
V14.mp4,166,0,0,0.31987108848382156
V14.mp4,167,0,0,0.3224292016932068
V14.mp4,168,0,0,0.3136928128834359
V14.mp4,169,0,0,0.3094736903198676
V14.mp4,170,0,0,0.3294719905611618
V14.mp4,171,0,0,0.32911884279328046
V14.mp4,172,0,0,0.32194319582210873
V14.mp4,173,0,0,0.33563250107318227
V14.mp4,174,0,0,0.3202075785084601
V14.mp4,175,0,0,0.32085181101382076
V14.mp4,176,0,0,0.3454679513429357
V14.mp4,177,0,0,0.3751549287921101
V14.mp4,178,0,0,0.4002386616822271
V14.mp4,179,0,0,0.389538322289261
V14.mp4,180,0,0,0.39941848361482835
V14.mp4,181,0,0,0.3681070733355187
V14.mp4,182,0,0,0.2916876824336383
V14.mp4,183,0,0,0.33467652937550246
V14.mp4,184,0,0,0.30412664345022694
V14.mp4,185,0,0,0.3011788838520574
V14.mp4,186,0,0,0.3011788838520574
V14.mp4,187,0,0,0.3011788838520574
V14.mp4,188,0,0,0.3011788838520574
V14.mp4,189,0,0,0.3011788838520574
V14.mp4,190,0,0,0.3011788838520574
V14.mp4,191,0,0,0.3011788838520574
V14.mp4,192,0,0,0.3011788838520574
V14.mp4,193,0,0,0.3011788838520574
V14.mp4,194,0,0,0.3011788838520574
V14.mp4,195,0,0,0.3011788838520574
V14.mp4,196,0,0,0.3011788838520574
V14.mp4,197,0,0,0.3011788838520574
V14.mp4,198,0,0,0.3011788838520574
V14.mp4,199,0,0,0.3011788838520574
V14.mp4,200,0,0,0.3011788838520574
V14.mp4,201,0,0,0.3011788838520574
V14.mp4,202,0,0,0.3011788838520574
V14.mp4,203,0,0,0.3011788838520574
V14.mp4,204,0,0,0.3011788838520574
V14.mp4,205,0,0,0.3011788838520574
V14.mp4,206,0,0,0.3011788838520574
V14.mp4,207,0,0,0.3011788838520574
V14.mp4,208,0,0,0.3011788838520574
V14.mp4,209,0,0,0.3011788838520574
V14.mp4,210,0,0,0.3011788838520574
V14.mp4,211,0,0,0.3011788838520574
V14.mp4,212,0,0,0.3011788838520574
V14.mp4,213,0,0,0.3011788838520574
V14.mp4,214,0,0,0.3011788838520574
V14.mp4,215,0,0,0.3011788838520574
V14.mp4,216,0,0,0.3011788838520574
V14.mp4,217,0,0,0.3011788838520574
V14.mp4,218,0,0,0.3011788838520574
V14.mp4,219,0,0,0.3011788838520574
V14.mp4,220,0,0,0.3011788838520574
V14.mp4,221,0,0,0.3011788838520574
V14.mp4,222,0,0,0.3011788838520574
V14.mp4,223,0,0,0.3011788838520574
V14.mp4,224,0,0,0.3011788838520574
V14.mp4,225,0,0,0.3011788838520574
V15.mp4,1,0,0,0.1613559231750368
V15.mp4,2,0,0,0.2060714761195135
V15.mp4,3,0,0,0.28216476068356044
V15.mp4,4,0,0,0.37204996246154165
V15.mp4,5,0,0,0.4510724002254285
V15.mp4,6,0,0,0.30808821642825146
V15.mp4,7,0,0,0.3100557792910313
V15.mp4,8,0,0,0.28163206624339776
V15.mp4,9,0,0,0.26060914667858076
V15.mp4,10,0,0,0.2549935499087282
V15.mp4,11,0,0,0.2523134813083284
V15.mp4,12,0,0,0.26072273070741836
V15.mp4,13,0,0,0.27414254427599427
V15.mp4,14,0,0,0.269866806802349
V15.mp4,15,0,0,0.25198266405340697
V15.mp4,16,0,0,0.23411568671405691
V15.mp4,17,0,0,0.23157122207347675
V15.mp4,18,0,0,0.24836290428555763
V15.mp4,19,0,0,0.25772968568934146
V15.mp4,20,0,0,0.26478327229759996
V15.mp4,21,0,0,0.2694905438573775
V15.mp4,22,0,0,0.2621596722872187
V15.mp4,23,0,0,0.2573422188662482
V15.mp4,24,0,0,0.2418556153301712
V15.mp4,25,0,0,0.23449813175989623
V15.mp4,26,0,0,0.2370068340162376
V15.mp4,27,0,0,0.21698120249625513
V15.mp4,28,0,0,0.22627419766177417
V15.mp4,29,0,0,0.23233640676269085
V15.mp4,30,0,0,0.2503605716334773
V15.mp4,31,0,0,0.2656127895569449
V15.mp4,32,0,0,0.2678687354022033
V15.mp4,33,0,0,0.23670836798403216
V15.mp4,34,0,0,0.2213101285913903
V15.mp4,35,0,0,0.22688113826201234
V15.mp4,36,0,0,0.24385925405025796
V15.mp4,37,0,0,0.31015027412068963
V15.mp4,38,0,0,0.3478936014736776
V15.mp4,39,0,0,0.4119960916359108
V15.mp4,40,0,0,0.34026621368055254
V15.mp4,41,0,0,0.28520731833745233
V15.mp4,42,0,0,0.3879286804704281
V15.mp4,43,0,1,0.5173097603792381
V15.mp4,44,0,1,0.6756770303645339
V15.mp4,45,0,0,0.4931638267131558
V15.mp4,46,0,0,0.3342170277386039
V15.mp4,47,0,0,0.26464651996270416
V15.mp4,48,0,0,0.24494395121366358
V15.mp4,49,0,0,0.26413280310576226
V15.mp4,50,0,0,0.25217104293499165
V15.mp4,51,0,0,0.2445179330097077
V15.mp4,52,0,0,0.21999883206859258
V15.mp4,53,0,0,0.21400782379226688
V15.mp4,54,0,0,0.21566733323879994
V15.mp4,55,0,0,0.23343760608813466
V15.mp4,56,0,0,0.22692492453152077
V15.mp4,57,0,0,0.2206992800239362
V15.mp4,58,0,0,0.21957720458079658
V15.mp4,59,0,0,0.22246836348952204
V15.mp4,60,0,0,0.23093712892954552
V15.mp4,61,0,0,0.21466781867128504
V15.mp4,62,0,0,0.22219713309160433
V15.mp4,63,0,0,0.2318563481778379
V15.mp4,64,0,0,0.2304084630941363
V15.mp4,65,0,0,0.2503499587209476
V15.mp4,66,0,0,0.22870932746266143
V15.mp4,67,0,0,0.2701205108921676
V15.mp4,68,0,0,0.31208111319521237
V15.mp4,69,0,0,0.34642470956986443
V15.mp4,70,0,0,0.3278473803611311
V15.mp4,71,0,0,0.42607317275173884
V15.mp4,72,0,0,0.2872287388960443
V15.mp4,73,0,0,0.32289259767109013
V15.mp4,74,0,0,0.364793451012146
V15.mp4,75,0,0,0.45320666903907536
V15.mp4,76,0,1,0.6489342410143809
V15.mp4,77,0,1,0.5981870599524708
V15.mp4,78,0,1,0.8006752820254109
V15.mp4,79,0,1,0.972275379302558
V15.mp4,80,0,1,0.9959335060308887
V15.mp4,81,0,1,0.9939163208906004
V15.mp4,82,0,1,0.9165705330402609
V15.mp4,83,0,0,0.369205563485131
V15.mp4,84,0,0,0.2812240714851677
V15.mp4,85,1,0,0.29562495888900236
V15.mp4,86,1,0,0.31978019143577435
V15.mp4,87,1,0,0.31879309561266167
V15.mp4,88,1,0,0.32670243938992233
V15.mp4,89,1,0,0.26086498882805037
V15.mp4,90,0,0,0.22281121953766883
V15.mp4,91,0,0,0.2219490569815676
V15.mp4,92,0,0,0.23723628035675273
V15.mp4,93,0,0,0.23815488933696494
V15.mp4,94,0,0,0.20390948823492558
V15.mp4,95,0,0,0.2915343980143496
V15.mp4,96,0,0,0.1697036597673209
V15.mp4,97,0,0,0.03951279074068942
V15.mp4,98,0,0,0.2284426392543809
V15.mp4,99,0,0,0.13792496955470956
V15.mp4,100,0,0,0.09794638885389104
V15.mp4,101,0,0,0.16167794366604454
V15.mp4,102,0,0,0.18432951677568907
V15.mp4,103,0,0,0.21932633628780837
V15.mp4,104,0,0,0.22235229224359815
V15.mp4,105,0,0,0.22735517051241524
V15.mp4,106,0,0,0.3058173121232808
V15.mp4,107,0,0,0.3961391279742156
V15.mp4,108,0,0,0.2494446866267928
V15.mp4,109,0,0,0.35188248011382184
V15.mp4,110,0,0,0.4487346731553302
V15.mp4,111,0,0,0.4722769081840882
V15.mp4,112,0,1,0.5214799833415776
V15.mp4,113,0,1,0.5104197624176035
V15.mp4,114,0,0,0.1926506499829005
V15.mp4,115,0,0,0.10458576379950037
V15.mp4,116,0,0,0.17846710126674822
V15.mp4,117,0,0,0.28681184795310183
V15.mp4,118,0,0,0.24907926039321535
V15.mp4,119,0,0,0.24332802649967253
V15.mp4,120,0,0,0.2657643399567582
V15.mp4,121,0,0,0.2352303420141069
V15.mp4,122,0,0,0.24598606871370454
V15.mp4,123,0,0,0.2289779475317023
V15.mp4,124,0,0,0.191976826071958
V15.mp4,125,0,0,0.18610665590336975
V15.mp4,126,0,0,0.20800638277483444
V15.mp4,127,0,0,0.21619552216293478
V15.mp4,128,0,0,0.27983430928771
V15.mp4,129,0,0,0.4021273814668039
V15.mp4,130,0,0,0.31926851151814084
V15.mp4,131,0,1,0.5675489723577699
V15.mp4,132,0,1,0.6798307525542341
V15.mp4,133,0,1,0.7202246872593705
V15.mp4,134,0,0,0.4548103707880055
V15.mp4,135,0,0,0.3298132617311958
V15.mp4,136,0,0,0.23790990316214877
V15.mp4,137,0,0,0.26783573610829536
V15.mp4,138,0,0,0.28858505703089343
V15.mp4,139,0,0,0.32041058041761467
V15.mp4,140,0,0,0.3549100125330502
V15.mp4,141,0,0,0.29712457096110534
V15.mp4,142,0,0,0.3383481045072223
V15.mp4,143,0,0,0.377850187017466
V15.mp4,144,0,0,0.39503628559185905
V15.mp4,145,0,0,0.3645868221556514
V15.mp4,146,0,0,0.38390712692771983
V15.mp4,147,0,0,0.295408306598211
V15.mp4,148,0,0,0.27246259981297943
V15.mp4,149,0,0,0.2420577772569149
V15.mp4,150,0,0,0.23767912428360635
V15.mp4,151,0,0,0.2508969566051693
V15.mp4,152,0,0,0.2429469014041013
V15.mp4,153,0,0,0.2405271610223526
V15.mp4,154,0,0,0.2246948408587897
V15.mp4,155,0,0,0.22276278147291426
V15.mp4,156,0,0,0.23201768902592534
V15.mp4,157,0,0,0.2447616137257486
V15.mp4,158,0,0,0.24813432107110217
V15.mp4,159,0,0,0.2506169252463583
V15.mp4,160,0,0,0.2542246074431637
V15.mp4,161,0,0,0.2517867420309954
V15.mp4,162,0,0,0.24447834998831874
V15.mp4,163,0,0,0.24160087853973095
V15.mp4,164,0,0,0.2604205906434822
V15.mp4,165,0,0,0.28869265177920644
V15.mp4,166,0,0,0.3098882214011907
V15.mp4,167,0,0,0.31106815739261
V15.mp4,168,0,0,0.2848867304229609
V15.mp4,169,0,0,0.2957004231622159
V15.mp4,170,0,0,0.33750588225300915
V15.mp4,171,0,0,0.37849047039294437
V15.mp4,172,0,0,0.39103579065887495
V15.mp4,173,0,0,0.39103579065887495
V15.mp4,174,0,0,0.39103579065887495
V15.mp4,175,0,0,0.39103579065887495
V15.mp4,176,0,0,0.39103579065887495
V15.mp4,177,0,0,0.39103579065887495
V15.mp4,178,0,0,0.39103579065887495
V15.mp4,179,0,0,0.39103579065887495
V15.mp4,180,0,0,0.39103579065887495
V15.mp4,181,0,0,0.39103579065887495
V15.mp4,182,0,0,0.39103579065887495
V15.mp4,183,0,0,0.39103579065887495
V15.mp4,184,0,0,0.39103579065887495
V15.mp4,185,0,0,0.39103579065887495
V15.mp4,186,0,0,0.39103579065887495
V15.mp4,187,0,0,0.39103579065887495
V15.mp4,188,0,0,0.39103579065887495
V15.mp4,189,0,0,0.39103579065887495
V15.mp4,190,0,0,0.39103579065887495
V15.mp4,191,0,0,0.39103579065887495
V15.mp4,192,0,0,0.39103579065887495
V15.mp4,193,0,0,0.39103579065887495
V15.mp4,194,0,0,0.39103579065887495
V15.mp4,195,0,0,0.39103579065887495
V15.mp4,196,0,0,0.39103579065887495
V15.mp4,197,0,0,0.39103579065887495
V15.mp4,198,0,0,0.39103579065887495
V15.mp4,199,0,0,0.39103579065887495
V15.mp4,200,0,0,0.39103579065887495
V15.mp4,201,0,0,0.39103579065887495
V15.mp4,202,0,0,0.39103579065887495
V15.mp4,203,0,0,0.39103579065887495
V15.mp4,204,0,0,0.39103579065887495
V15.mp4,205,0,0,0.39103579065887495
V15.mp4,206,0,0,0.39103579065887495
V15.mp4,207,0,0,0.39103579065887495
V15.mp4,208,0,0,0.39103579065887495
V15.mp4,209,0,0,0.39103579065887495
V15.mp4,210,0,0,0.39103579065887495
V15.mp4,211,0,0,0.39103579065887495
V15.mp4,212,0,0,0.39103579065887495
V15.mp4,213,0,0,0.39103579065887495
V15.mp4,214,0,0,0.39103579065887495
V15.mp4,215,0,0,0.39103579065887495
V15.mp4,216,0,0,0.39103579065887495
V15.mp4,217,0,0,0.39103579065887495
V15.mp4,218,0,0,0.39103579065887495
V15.mp4,219,0,0,0.39103579065887495
V15.mp4,220,0,0,0.39103579065887495
V16.mp4,1,0,0,0.2988326082841243
V16.mp4,2,0,0,0.31335435798291783
V16.mp4,3,0,0,0.3494814828567898
V16.mp4,4,0,0,0.39061084597218526
V16.mp4,5,0,0,0.4572975252328123
V16.mp4,6,0,0,0.3911557478726764
V16.mp4,7,0,0,0.3848256899661813
V16.mp4,8,0,0,0.3881977122957669
V16.mp4,9,0,0,0.396813794414221
V16.mp4,10,0,0,0.38687943890964377
V16.mp4,11,0,0,0.41315814196855544
V16.mp4,12,0,0,0.407131877929377
V16.mp4,13,0,0,0.4294036082183534
V16.mp4,14,0,0,0.3876263730703237
V16.mp4,15,0,0,0.36809530982825756
V16.mp4,16,0,0,0.3380270332022456
V16.mp4,17,0,0,0.37034446555992745
V16.mp4,18,0,0,0.40708958961415914
V16.mp4,19,0,0,0.40431073071763385
V16.mp4,20,0,0,0.4113288661328304
V16.mp4,21,0,0,0.28041070688678954
V16.mp4,22,0,0,0.32098878704496125
V16.mp4,23,0,0,0.3721461418420963
V16.mp4,24,0,0,0.272478404334989
V16.mp4,25,0,0,0.460975727947734
V16.mp4,26,0,0,0.3773116571616467
V16.mp4,27,0,0,0.2463895503329859
V16.mp4,28,0,0,0.27557171822757787
V16.mp4,29,0,0,0.30009496345075154
V16.mp4,30,0,0,0.39381558400116745
V16.mp4,31,0,0,0.3956170909976976
V16.mp4,32,0,0,0.39679373884499375
V16.mp4,33,0,0,0.37401462046244804
V16.mp4,34,0,0,0.362831957402838
V16.mp4,35,0,0,0.3921787405409804
V16.mp4,36,0,0,0.42311315211665534
V16.mp4,37,0,0,0.4888056146550126
V16.mp4,38,0,0,0.491687124111437
V16.mp4,39,0,0,0.46651069792812594
V16.mp4,40,0,0,0.4365199402465775
V16.mp4,41,0,0,0.4372553918676856
V16.mp4,42,0,0,0.42836868543325657
V16.mp4,43,0,0,0.42721251536945787
V16.mp4,44,0,0,0.4036947052783734
V16.mp4,45,0,0,0.39732082402508545
V16.mp4,46,0,0,0.3886275481717674
V16.mp4,47,0,0,0.3744071519374141
V16.mp4,48,0,0,0.36646055662658383
V16.mp4,49,0,0,0.35124486396847227
V16.mp4,50,0,0,0.3445836717032081
V16.mp4,51,0,0,0.37502966910267843
V16.mp4,52,0,0,0.4033132482657889
V16.mp4,53,0,0,0.42616418543766854
V16.mp4,54,0,0,0.43357019366324473
V16.mp4,55,0,0,0.43760414045636925
V16.mp4,56,0,0,0.4349776436400326
V16.mp4,57,0,0,0.4624592977916329
V16.mp4,58,0,1,0.5105158066449479
V16.mp4,59,0,1,0.5025814186439869
V16.mp4,60,0,0,0.46927403232643905
V16.mp4,61,0,0,0.45566736916814365
V16.mp4,62,0,0,0.4381740498937126
V16.mp4,63,0,0,0.4190421243717821
V16.mp4,64,0,0,0.41813470344939985
V16.mp4,65,0,0,0.4409823042049716
V16.mp4,66,0,1,0.8236240564674869
V16.mp4,67,0,1,0.6799729027863813
V16.mp4,68,0,1,0.6047991124994055
V16.mp4,69,0,1,0.6570590832135849
V16.mp4,70,0,1,0.8178666814679338
V16.mp4,71,0,1,0.8136339586268406
V16.mp4,72,0,1,0.8100481237238586
V16.mp4,73,0,1,0.7481481987055748
V16.mp4,74,0,0,0.3621342805207335
V16.mp4,75,0,0,0.2814140794489286
V16.mp4,76,0,0,0.2780990192351409
V16.mp4,77,0,0,0.2887574248709677
V16.mp4,78,0,0,0.2934654111736436
V16.mp4,79,0,0,0.29910127666037567
V16.mp4,80,0,0,0.32151575817125955
V16.mp4,81,0,0,0.3519574712801307
V16.mp4,82,0,0,0.32514049868952416
V16.mp4,83,0,0,0.3378516787218443
V16.mp4,84,0,0,0.3441032068825469
V16.mp4,85,0,0,0.36543412657270496
V16.mp4,86,0,0,0.36044423500028366
V16.mp4,87,0,0,0.3662948799720855
V16.mp4,88,0,0,0.3607360346678794
V16.mp4,89,0,0,0.3474685804784743
V16.mp4,90,0,0,0.355336766008399
V16.mp4,91,0,0,0.33798955591405155
V16.mp4,92,0,0,0.3514459402817033
V16.mp4,93,0,0,0.33345749830615645
V16.mp4,94,0,0,0.362578622975184
V16.mp4,95,0,0,0.40371355420213134
V16.mp4,96,0,0,0.45887656980381575
V16.mp4,97,0,0,0.46835583267115144
V16.mp4,98,0,1,0.551072815809664
V16.mp4,99,0,1,0.5315328708872203
V16.mp4,100,0,0,0.48218964494050115
V16.mp4,101,0,0,0.42769977472842535
V16.mp4,102,0,0,0.35349642411435517
V16.mp4,103,0,0,0.3241663591833716
V16.mp4,104,0,0,0.32067329708988845
V16.mp4,105,0,0,0.3317327356975955
V16.mp4,106,0,0,0.3264465992851614
V16.mp4,107,0,0,0.3134274313830497
V16.mp4,108,0,0,0.3028568886434056
V16.mp4,109,0,0,0.29870231751415965
V16.mp4,110,0,0,0.30152633322987515
V16.mp4,111,0,0,0.32835224139811775
V16.mp4,112,0,0,0.40576778765182775
V16.mp4,113,0,0,0.44943943412384324
V16.mp4,114,0,1,0.5277499103936714
V16.mp4,115,0,0,0.4707417791984756
V16.mp4,116,0,0,0.41677643459551045
V16.mp4,117,0,0,0.3430642549085387
V16.mp4,118,0,0,0.3263636301460134
V16.mp4,119,0,0,0.3255021357016823
V16.mp4,120,0,0,0.34195957697725937
V16.mp4,121,0,0,0.36054907266297986
V16.mp4,122,0,0,0.37836683777959446
V16.mp4,123,0,0,0.3839390374473069
V16.mp4,124,0,0,0.36778128298004653
V16.mp4,125,0,0,0.40230787543504337
V16.mp4,126,0,0,0.4078537664618965
V16.mp4,127,0,0,0.40044740497174625
V16.mp4,128,0,0,0.39749583720188175
V16.mp4,129,0,0,0.36593023977651895
V16.mp4,130,0,0,0.35225375535995407
V16.mp4,131,0,0,0.35922778666160626
V16.mp4,132,0,0,0.394413923852181
V16.mp4,133,0,0,0.4430640776376354
V16.mp4,134,0,0,0.472549941875766
V16.mp4,135,0,1,0.5114943620631004
V16.mp4,136,0,0,0.46954046783297987
V16.mp4,137,0,1,0.5233333738923461
V16.mp4,138,0,1,0.6014614111851762
V16.mp4,139,0,1,0.615118435924581
V16.mp4,140,0,1,0.5980159702032504
V16.mp4,141,0,1,0.516017939022613
V16.mp4,142,0,0,0.46593906234924215
V16.mp4,143,0,0,0.4536735450253607
V16.mp4,144,0,0,0.4239898515737489
V16.mp4,145,0,0,0.4194346765188916
V16.mp4,146,0,0,0.3927335832026707
V16.mp4,147,0,0,0.3680658857738614
V16.mp4,148,0,0,0.35320820518794394
V16.mp4,149,0,0,0.35355582098128324
V16.mp4,150,0,0,0.3294052052490324
V16.mp4,151,0,0,0.3119829122322682
V16.mp4,152,0,1,0.5749397819541086
V16.mp4,153,0,1,0.6040182547858249
V16.mp4,154,0,0,0.40868935312784377
V16.mp4,155,0,1,0.7414494526204621
V16.mp4,156,1,1,0.8085932046186889
V16.mp4,157,1,1,0.9054266903375705
V16.mp4,158,1,1,0.8235738144384115
V16.mp4,159,1,1,0.8753219696785295
V16.mp4,160,1,1,0.5191037035480934
V16.mp4,161,0,0,0.4337508328687147
V16.mp4,162,0,0,0.4621027976171301
V16.mp4,163,0,0,0.4149203428529616
V16.mp4,164,0,0,0.36648420179112645
V16.mp4,165,0,0,0.35689923325487144
V16.mp4,166,0,0,0.40890989490235197
V16.mp4,167,0,0,0.36564850104940505
V16.mp4,168,0,0,0.36598868326891454
V16.mp4,169,0,0,0.3685597781174445
V16.mp4,170,0,0,0.3806261306495372
V16.mp4,171,0,0,0.38826357923741034
V16.mp4,172,0,0,0.41166395545926077
V16.mp4,173,0,0,0.4273348326135807
V16.mp4,174,0,0,0.4561993169288157
V16.mp4,175,0,0,0.4569798734552872
V16.mp4,176,0,0,0.4875022288397681
V16.mp4,177,0,0,0.4342703876150166
V16.mp4,178,0,0,0.36785559076337815
V16.mp4,179,0,0,0.36113651618852727
V16.mp4,180,0,0,0.3941612045617761
V16.mp4,181,0,0,0.42618749663522576
V16.mp4,182,0,1,0.5797571300828692
V16.mp4,183,0,1,0.5699234556352885
V16.mp4,184,0,1,0.5822360294749456
V16.mp4,185,0,1,0.5759087547570527
V16.mp4,186,0,1,0.7179608503080994
V16.mp4,187,0,1,0.6864365483261016
V16.mp4,188,0,1,0.7092844767655021
V16.mp4,189,0,1,0.6039778834539088
V16.mp4,190,0,1,0.5232780491662273
V16.mp4,191,0,0,0.39956314093730927
V16.mp4,192,0,0,0.3620001779870026
V16.mp4,193,0,0,0.3866558968468505
V16.mp4,194,0,0,0.4071411348616642
V16.mp4,195,0,0,0.4626618103377502
V16.mp4,196,0,0,0.495751908461217
V16.mp4,197,0,0,0.48795667510243385
V16.mp4,198,0,0,0.41926808279763
V16.mp4,199,0,0,0.4004205918732893
V16.mp4,200,0,0,0.4541273623312167
V16.mp4,201,0,1,0.5940662406479083
V16.mp4,202,0,1,0.6678101622262211
V16.mp4,203,0,1,0.7172652321187135
V16.mp4,204,0,1,0.6108568434585017
V16.mp4,205,0,1,0.5223116680985593
V16.mp4,206,0,0,0.4692107614375688
V16.mp4,207,0,0,0.49452390744958596
V16.mp4,208,0,0,0.4905140427370576
V16.mp4,209,0,1,0.5163614541268311
V16.mp4,210,0,1,0.5063839070213727
V16.mp4,211,0,1,0.5007058141211898
V16.mp4,212,0,0,0.47380669697943867
V16.mp4,213,0,0,0.4874146373740028
V16.mp4,214,0,0,0.44250526346664687
V16.mp4,215,0,0,0.47164454161471636
V16.mp4,216,0,0,0.4832235986424305
V16.mp4,217,0,0,0.4439864938909905
V16.mp4,218,0,0,0.39956502761715323
V16.mp4,219,0,0,0.4072475036355094
V16.mp4,220,0,0,0.43228876236356534
V16.mp4,221,0,0,0.44347360787980983
V16.mp4,222,0,0,0.46174543397036455
V16.mp4,223,0,0,0.45921597553054627
V16.mp4,224,0,0,0.4723146823067125
V16.mp4,225,0,0,0.4210363104556796
V16.mp4,226,0,0,0.4450035738025584
V16.mp4,227,0,0,0.422540355479074
V16.mp4,228,0,0,0.4066578231579
V16.mp4,229,0,0,0.4104094207590147
V16.mp4,230,0,0,0.3720859479009235
V16.mp4,231,0,0,0.34463495844625763
V16.mp4,232,0,0,0.37914685558951106
V16.mp4,233,0,0,0.3493156402463448
V16.mp4,234,0,0,0.3493156402463448
V16.mp4,235,0,0,0.3493156402463448
V16.mp4,236,0,0,0.3493156402463448
V16.mp4,237,0,0,0.3493156402463448
V16.mp4,238,0,0,0.3493156402463448
V16.mp4,239,0,0,0.3493156402463448
V16.mp4,240,0,0,0.3493156402463448
V16.mp4,241,0,0,0.3493156402463448
V16.mp4,242,0,0,0.3493156402463448
V16.mp4,243,0,0,0.3493156402463448
V16.mp4,244,0,0,0.3493156402463448
V16.mp4,245,0,0,0.3493156402463448
V17.mp4,1,0,0,0.2232991757636032
V17.mp4,2,0,0,0.26232056999301967
V17.mp4,3,0,0,0.40154036686435746
V17.mp4,4,0,0,0.4553208274339154
V17.mp4,5,0,1,0.6347015698925215
V17.mp4,6,0,0,0.46128441558944416
V17.mp4,7,0,0,0.400584248658679
V17.mp4,8,0,0,0.3589780087132614
V17.mp4,9,0,0,0.37846286725652384
V17.mp4,10,0,0,0.3368324020749843
V17.mp4,11,0,0,0.31860607230771815
V17.mp4,12,0,0,0.34317570043033346
V17.mp4,13,0,0,0.332634314646667
V17.mp4,14,0,0,0.3237688653944949
V17.mp4,15,0,0,0.3325488357184549
V17.mp4,16,0,0,0.37786131181887384
V17.mp4,17,0,0,0.43252308078667534
V17.mp4,18,0,0,0.4642574475029872
V17.mp4,19,0,0,0.4607650682847859
V17.mp4,20,0,0,0.43693090666160556
V17.mp4,21,0,0,0.37935131743032846
V17.mp4,22,0,0,0.41742180271930873
V17.mp4,23,0,0,0.48485576786556916
V17.mp4,24,0,0,0.42767272000780654
V17.mp4,25,0,0,0.47909794649706094
V17.mp4,26,0,1,0.516836064376555
V17.mp4,27,0,1,0.5730649055719546
V17.mp4,28,0,1,0.5056107449407174
V17.mp4,29,0,1,0.5989258540253418
V17.mp4,30,0,0,0.44290882095389655
V17.mp4,31,0,0,0.39412286623313464
V17.mp4,32,0,0,0.36949764528931994
V17.mp4,33,0,0,0.338065076120749
V17.mp4,34,0,0,0.34612104625628165
V17.mp4,35,0,0,0.35232154148711936
V17.mp4,36,0,0,0.32653023669884607
V17.mp4,37,0,0,0.3456508000814983
V17.mp4,38,0,0,0.33454085108432585
V17.mp4,39,0,0,0.3503075134476759
V17.mp4,40,0,0,0.3665775881514108
V17.mp4,41,0,0,0.39549861142737147
V17.mp4,42,0,0,0.37530065282697816
V17.mp4,43,0,0,0.36970734885243395
V17.mp4,44,0,0,0.3601114145721044
V17.mp4,45,0,0,0.36058004229172314
V17.mp4,46,0,0,0.36515403169391875
V17.mp4,47,0,0,0.36051232689896645
V17.mp4,48,0,0,0.3738027126218804
V17.mp4,49,0,0,0.3687663168224241
V17.mp4,50,0,0,0.3768476492141093
V17.mp4,51,0,0,0.3976733133474216
V17.mp4,52,0,0,0.4005952927186085
V17.mp4,53,0,0,0.3693007484615124
V17.mp4,54,0,0,0.37215393088219423
V17.mp4,55,0,0,0.3849969754656126
V17.mp4,56,0,0,0.41484380989832803
V17.mp4,57,0,0,0.43865537314343345
V17.mp4,58,0,0,0.4481844493978577
V17.mp4,59,0,0,0.45478527506690697
V17.mp4,60,0,0,0.4195921448921039
V17.mp4,61,0,0,0.34052473192821575
V17.mp4,62,0,0,0.3442314496550363
V17.mp4,63,0,0,0.358432063500272
V17.mp4,64,0,0,0.37040088785653585
V17.mp4,65,0,0,0.3641288058765936
V17.mp4,66,0,0,0.3893843080438868
V17.mp4,67,0,0,0.3752045622809505
V17.mp4,68,0,0,0.35307018163586695
V17.mp4,69,0,0,0.35680197766484567
V17.mp4,70,0,0,0.3515882820298957
V17.mp4,71,0,0,0.35033755293504076
V17.mp4,72,0,0,0.3513383702721154
V17.mp4,73,0,0,0.40870660002990816
V17.mp4,74,0,0,0.36808785234043906
V17.mp4,75,0,0,0.3760350886473303
V17.mp4,76,0,0,0.3917856431934162
V17.mp4,77,0,0,0.383751381333947
V17.mp4,78,0,0,0.37343104725973136
V17.mp4,79,0,0,0.3696301406527221
V17.mp4,80,0,0,0.37102793386951205
V17.mp4,81,0,0,0.3819809069411563
V17.mp4,82,0,0,0.4313686894741224
V17.mp4,83,0,0,0.453637205291894
V17.mp4,84,0,0,0.4241330384202106
V17.mp4,85,0,0,0.40225717138330636
V17.mp4,86,0,0,0.3850198099899432
V17.mp4,87,0,0,0.38536680218354247
V17.mp4,88,0,0,0.379572254050812
V17.mp4,89,0,0,0.38485957034317203
V17.mp4,90,0,0,0.3781268154455173
V17.mp4,91,0,0,0.38124277558626385
V17.mp4,92,0,0,0.40154414972344576
V17.mp4,93,0,0,0.4700075502220362
V17.mp4,94,0,0,0.46526138193672584
V17.mp4,95,0,1,0.5035699523370387
V17.mp4,96,0,0,0.423673077452361
V17.mp4,97,0,0,0.36810696053941944
V17.mp4,98,0,0,0.3405884466202219
V17.mp4,99,0,0,0.3640420002413485
V17.mp4,100,0,0,0.38549672319868933
V17.mp4,101,0,0,0.4232499253655197
V17.mp4,102,0,0,0.3815968145476192
V17.mp4,103,0,0,0.37902182708006826
V17.mp4,104,0,0,0.38212212220337977
V17.mp4,105,0,0,0.37009198423821443
V17.mp4,106,0,0,0.35896499540842597
V17.mp4,107,0,0,0.3760961909640577
V17.mp4,108,0,0,0.3695358436625186
V17.mp4,109,0,0,0.3253225557566927
V17.mp4,110,0,0,0.3258511587538241
V17.mp4,111,0,0,0.2999697230631149
V17.mp4,112,0,0,0.3027165925157987
V17.mp4,113,0,0,0.3827174985888538
V17.mp4,114,0,0,0.40338138974055787
V17.mp4,115,0,0,0.41096828732377605
V17.mp4,116,0,0,0.3750995879239177
V17.mp4,117,0,0,0.36801563715425745
V17.mp4,118,0,0,0.3395780376194172
V17.mp4,119,0,0,0.34237756304375305
V17.mp4,120,0,0,0.3346643777263969
V17.mp4,121,0,0,0.35037908809312457
V17.mp4,122,0,0,0.3319941440615804
V17.mp4,123,0,1,0.660420966124731
V17.mp4,124,0,1,0.7616239325204387
V17.mp4,125,0,1,0.6066509195029014
V17.mp4,126,0,1,0.8327193334408552
V17.mp4,127,0,1,0.9529401384751147
V17.mp4,128,1,1,0.9886945986156888
V17.mp4,129,1,1,0.9679444684948122
V17.mp4,130,1,1,0.9626341510026979
V17.mp4,131,1,1,0.5909831336551148
V17.mp4,132,1,0,0.4397782977939829
V17.mp4,133,0,0,0.32794846876781003
V17.mp4,134,0,0,0.3456715390623249
V17.mp4,135,0,0,0.30857175829774125
V17.mp4,136,0,0,0.3294657154785311
V17.mp4,137,0,0,0.3103506307751726
V17.mp4,138,0,0,0.3287959361022522
V17.mp4,139,0,0,0.31100034478046107
V17.mp4,140,0,0,0.32804048426228
V17.mp4,141,0,0,0.3310039071109882
V17.mp4,142,0,0,0.31950622509267895
V17.mp4,143,0,0,0.329325215842709
V17.mp4,144,0,0,0.3241944630452104
V17.mp4,145,0,0,0.3207963771131981
V17.mp4,146,0,0,0.30572525692216895
V17.mp4,147,0,0,0.2689578128612497
V17.mp4,148,0,0,0.2602698482690737
V17.mp4,149,0,0,0.25151002123917754
V17.mp4,150,0,0,0.2554712892931013
V17.mp4,151,0,0,0.3040388743871806
V17.mp4,152,0,0,0.3968886047132992
V17.mp4,153,0,1,0.5517404070703822
V17.mp4,154,0,0,0.3857708076356481
V17.mp4,155,0,0,0.4980832744946744
V17.mp4,156,0,1,0.6010051830798003
V17.mp4,157,0,1,0.6687412267176877
V17.mp4,158,0,0,0.20171480884235826
V17.mp4,159,0,0,0.2100144926086093
V17.mp4,160,0,0,0.32156543763532525
V17.mp4,161,0,0,0.3139640314007208
V17.mp4,162,0,0,0.3663767745304798
V17.mp4,163,0,0,0.3208952069031375
V17.mp4,164,0,0,0.3060680743254978
V17.mp4,165,0,0,0.2958182909789966
V17.mp4,166,0,0,0.2818338254548495
V17.mp4,167,0,0,0.2971565098715897
V17.mp4,168,0,0,0.33906209910075147
V17.mp4,169,0,0,0.29134452851690495
V17.mp4,170,0,0,0.17508755902964293
V17.mp4,171,0,0,0.3761918400149159
V17.mp4,172,0,0,0.3718959045382891
V17.mp4,173,0,0,0.3883842608757501
V17.mp4,174,0,0,0.3727369374313965
V17.mp4,175,0,0,0.394081772854392
V17.mp4,176,0,0,0.3492173583299571
V17.mp4,177,0,0,0.29376790301169287
V17.mp4,178,0,0,0.28763136856853333
V17.mp4,179,0,0,0.25470976673734613
V17.mp4,180,0,0,0.2500702974762183
V17.mp4,181,0,0,0.25035069255843323
V17.mp4,182,0,0,0.2651455615595655
V17.mp4,183,0,0,0.2701442751467181
V17.mp4,184,0,0,0.2890309604862507
V17.mp4,185,0,0,0.3194451286825731
V17.mp4,186,0,0,0.374412324003243
V17.mp4,187,0,0,0.37640687965746233
V17.mp4,188,0,0,0.35328880876724117
V17.mp4,189,0,0,0.33814709002876436
V17.mp4,190,0,0,0.3319385822863742
V17.mp4,191,0,0,0.32579736235977624
V17.mp4,192,0,0,0.3214808686817217
V17.mp4,193,0,0,0.39512131898820024
V17.mp4,194,0,0,0.2879866931846636
V17.mp4,195,0,0,0.09161207286796656
V17.mp4,196,0,0,0.40404031441185073
V17.mp4,197,0,0,0.39601506546500503
V17.mp4,198,0,0,0.4136864218157628
V17.mp4,199,0,0,0.39664158263291316
V17.mp4,200,0,0,0.36493337623555755
V17.mp4,201,0,0,0.31679777464931835
V17.mp4,202,0,0,0.3001005008391312
V17.mp4,203,0,0,0.29067551643884776
V17.mp4,204,0,0,0.26978581879240116
V17.mp4,205,0,0,0.29719705268852903
V17.mp4,206,0,0,0.32081786336782275
V17.mp4,207,0,0,0.3046369241557164
V17.mp4,208,0,0,0.3046369960247307
V17.mp4,209,0,0,0.3046369008430839
V17.mp4,210,0,0,0.30316335410475354
V17.mp4,211,0,0,0.31055596134696106
V17.mp4,212,0,0,0.2886033993519745
V17.mp4,213,0,0,0.23893284111826532
V17.mp4,214,0,0,0.309081209938782
V17.mp4,215,0,0,0.33196232187850605
V17.mp4,216,0,0,0.33196232187850605
V17.mp4,217,0,0,0.33196232187850605
V17.mp4,218,0,0,0.33196232187850605
V17.mp4,219,0,0,0.33196232187850605
V17.mp4,220,0,0,0.33196232187850605
V17.mp4,221,0,0,0.33196232187850605
V17.mp4,222,0,0,0.33196232187850605
V17.mp4,223,0,0,0.33196232187850605
V17.mp4,224,0,0,0.33196232187850605
V17.mp4,225,0,0,0.33196232187850605
V18.mp4,1,0,0,0.2264600507687842
V18.mp4,2,0,0,0.24539373636046494
V18.mp4,3,0,0,0.30467078674062964
V18.mp4,4,0,0,0.3627568804507202
V18.mp4,5,0,0,0.42614721580837056
V18.mp4,6,0,0,0.30857349195931094
V18.mp4,7,0,0,0.3167118156285645
V18.mp4,8,0,0,0.3394640610352167
V18.mp4,9,0,0,0.36211716946320266
V18.mp4,10,0,0,0.34470788946371744
V18.mp4,11,0,0,0.34407963491994625
V18.mp4,12,0,0,0.31663564205030276
V18.mp4,13,0,0,0.3070768361267264
V18.mp4,14,0,0,0.3975094871873564
V18.mp4,15,0,0,0.31859981711204854
V18.mp4,16,0,0,0.31829537097356647
V18.mp4,17,0,0,0.35181979189172863
V18.mp4,18,0,0,0.41480234870792376
V18.mp4,19,0,0,0.3448297925466442
V18.mp4,20,0,0,0.42361177640082526
V18.mp4,21,0,0,0.3504697069997631
V18.mp4,22,0,0,0.3010100003311385
V18.mp4,23,0,0,0.2802024438359496
V18.mp4,24,0,0,0.3252349871677594
V18.mp4,25,0,0,0.32553633380541364
V18.mp4,26,0,0,0.3558931810047203
V18.mp4,27,0,0,0.3944331387666202
V18.mp4,28,0,0,0.496555108130372
V18.mp4,29,0,0,0.45364327901436796
V18.mp4,30,0,0,0.47793707748875897
V18.mp4,31,0,0,0.4934369757423791
V18.mp4,32,0,0,0.4733389881006789
V18.mp4,33,0,0,0.3466374177066705
V18.mp4,34,0,0,0.33362171375582067
V18.mp4,35,0,0,0.3091115694728865
V18.mp4,36,0,0,0.31173251776126
V18.mp4,37,0,0,0.3103515337412227
V18.mp4,38,0,0,0.3219584485976236
V18.mp4,39,0,0,0.42988329753934296
V18.mp4,40,0,1,0.5846100241318212
V18.mp4,41,0,1,0.6069087335954025
V18.mp4,42,0,1,0.6402142491908597
V18.mp4,43,0,0,0.37397939449091105
V18.mp4,44,0,0,0.29705652826075396
V18.mp4,45,0,0,0.2615575580461659
V18.mp4,46,0,0,0.29292192571542996
V18.mp4,47,0,0,0.2592051952821267
V18.mp4,48,0,0,0.3009501185578183
V18.mp4,49,0,0,0.30179650101802546
V18.mp4,50,0,0,0.3150119926316837
V18.mp4,51,0,0,0.36048712696984303
V18.mp4,52,0,0,0.35118074061932997
V18.mp4,53,0,0,0.35168356842327075
V18.mp4,54,0,0,0.37251776946275483
V18.mp4,55,0,0,0.3892570822612465
V18.mp4,56,0,0,0.35801538598431415
V18.mp4,57,0,0,0.36473766896970883
V18.mp4,58,0,0,0.3013229280208827
V18.mp4,59,0,0,0.26743400548041635
V18.mp4,60,0,0,0.285767975798123
V18.mp4,61,0,0,0.2877739225338222
V18.mp4,62,0,0,0.2695243745440332
V18.mp4,63,0,0,0.2784734558238419
V18.mp4,64,0,0,0.31030489563881464
V18.mp4,65,0,0,0.29757234324011644
V18.mp4,66,0,0,0.3232932026210403
V18.mp4,67,0,0,0.33375147232322466
V18.mp4,68,0,0,0.34555116977551004
V18.mp4,69,0,0,0.40617788166861335
V18.mp4,70,0,1,0.6343896389505322
V18.mp4,71,0,0,0.47614606455047226
V18.mp4,72,0,1,0.6982456550757841
V18.mp4,73,0,1,0.9479677176433946
V18.mp4,74,0,1,0.9743129739732692
V18.mp4,75,1,1,0.9616625599607534
V18.mp4,76,1,1,0.7659366995985559
V18.mp4,77,1,0,0.4382975859024733
V18.mp4,78,1,0,0.26676537746180107
V18.mp4,79,1,0,0.2977770006234667
V18.mp4,80,0,0,0.3246364215200539
V18.mp4,81,0,0,0.31971511655994234
V18.mp4,82,0,0,0.30286249546318283
V18.mp4,83,0,0,0.296818970668785
V18.mp4,84,0,0,0.2932519312983318
V18.mp4,85,0,0,0.25239989880372354
V18.mp4,86,0,0,0.2802716886124071
V18.mp4,87,0,0,0.30648800828245504
V18.mp4,88,0,0,0.32282152170696143
V18.mp4,89,0,0,0.3736874306856021
V18.mp4,90,0,0,0.428039535902759
V18.mp4,91,0,0,0.37916124046589356
V18.mp4,92,0,0,0.2997882681141034
V18.mp4,93,0,0,0.2695818269895926
V18.mp4,94,0,0,0.2859480537853293
V18.mp4,95,0,0,0.3046732319511963
V18.mp4,96,0,0,0.3288680307152126
V18.mp4,97,0,0,0.3578369902637036
V18.mp4,98,0,0,0.3606781047782548
V18.mp4,99,0,0,0.34461539319306567
V18.mp4,100,0,0,0.3208698474579745
V18.mp4,101,0,0,0.3119733779697327
V18.mp4,102,0,0,0.3139146282517171
V18.mp4,103,0,0,0.3017785290493222
V18.mp4,104,0,0,0.3320708761608862
V18.mp4,105,0,0,0.35371899123215195
V18.mp4,106,0,0,0.3891884665918058
V18.mp4,107,0,0,0.44077779185308075
V18.mp4,108,0,0,0.44420129489760063
V18.mp4,109,0,0,0.4554283483084771
V18.mp4,110,0,1,0.5136286930051391
V18.mp4,111,0,0,0.4635151420330776
V18.mp4,112,0,0,0.25398011740930754
V18.mp4,113,0,0,0.23475502214199465
V18.mp4,114,0,0,0.22440785666455096
V18.mp4,115,0,0,0.21599013466266934
V18.mp4,116,0,0,0.3261137053540114
V18.mp4,117,0,0,0.36045002267317255
V18.mp4,118,0,0,0.3779971404627626
V18.mp4,119,0,0,0.39365545555835274
V18.mp4,120,0,0,0.41385855133420935
V18.mp4,121,0,0,0.4235269011749582
V18.mp4,122,0,0,0.4226391072249631
V18.mp4,123,0,0,0.3283567328033993
V18.mp4,124,0,0,0.4886844012364688
V18.mp4,125,0,1,0.533220429244015
V18.mp4,126,0,1,0.5261611840789933
V18.mp4,127,0,1,0.5141162427399707
V18.mp4,128,0,0,0.4498891086931898
V18.mp4,129,0,0,0.4170463980233588
V18.mp4,130,0,1,0.5466471454493722
V18.mp4,131,0,1,0.5063874152673392
V18.mp4,132,0,1,0.575098884924819
V18.mp4,133,0,1,0.6907333385696791
V18.mp4,134,0,1,0.8207209605174163
V18.mp4,135,0,1,0.628335694440173
V18.mp4,136,0,1,0.6954813602034369
V18.mp4,137,0,0,0.45819966068234336
V18.mp4,138,0,0,0.28486250658354384
V18.mp4,139,0,0,0.2997137826093971
V18.mp4,140,0,0,0.336559079918753
V18.mp4,141,0,0,0.297214216185335
V18.mp4,142,0,0,0.3059736897155068
V18.mp4,143,0,0,0.2947706306618007
V18.mp4,144,0,0,0.2855149418553275
V18.mp4,145,0,0,0.26040886424345466
V18.mp4,146,0,0,0.33724781695343864
V18.mp4,147,0,0,0.3465320567418633
V18.mp4,148,0,0,0.3449052753001058
V18.mp4,149,0,0,0.39512370955100823
V18.mp4,150,0,0,0.45113073831978795
V18.mp4,151,0,0,0.480096125646735
V18.mp4,152,0,0,0.3476374326438137
V18.mp4,153,0,0,0.19552326681657053
V18.mp4,154,0,1,0.5745247231234992
V18.mp4,155,0,1,0.6488266017959081
V18.mp4,156,0,1,0.7182457016839967
V18.mp4,157,0,1,0.862453704027483
V18.mp4,158,0,1,0.6425635444810264
V18.mp4,159,0,0,0.049247873416639866
V18.mp4,160,0,0,0.07118753757450329
V18.mp4,161,0,0,0.49535005182338593
V18.mp4,162,0,0,0.39966638695889406
V18.mp4,163,0,0,0.47124384950824605
V18.mp4,164,0,0,0.466675989035723
V18.mp4,165,0,0,0.4516893511143107
V18.mp4,166,0,0,0.42157738344614504
V18.mp4,167,0,0,0.4532017074141088
V18.mp4,168,0,0,0.4338476445700144
V18.mp4,169,0,0,0.3989977572093338
V18.mp4,170,0,0,0.397196023523993
V18.mp4,171,0,0,0.4012127837015268
V18.mp4,172,0,0,0.384016187240098
V18.mp4,173,0,0,0.40239359899685767
V18.mp4,174,0,0,0.38238231091218045
V18.mp4,175,0,0,0.30040219136548557
V18.mp4,176,0,0,0.2541610521569769
V18.mp4,177,0,0,0.3422103203125636
V18.mp4,178,0,0,0.35179469854654216
V18.mp4,179,0,0,0.2845670410773531
V18.mp4,180,0,0,0.2646682682261551
V18.mp4,181,0,0,0.18375826525012795
V18.mp4,182,0,0,0.16448281327426206
V18.mp4,183,0,0,0.25946318908122284
V18.mp4,184,0,0,0.24281029686800654
V18.mp4,185,0,0,0.21936862506651386
V18.mp4,186,0,0,0.24688091106899968
V18.mp4,187,0,0,0.25674881110783676
V18.mp4,188,0,0,0.23972907467311855
V18.mp4,189,0,0,0.23972912649343225
V18.mp4,190,0,0,0.2397292164830837
V18.mp4,191,0,0,0.2440927831184056
V18.mp4,192,0,0,0.247657435004775
V18.mp4,193,0,0,0.25517788845973693
V18.mp4,194,0,0,0.24152480335545956
V18.mp4,195,0,0,0.20328418647733937
V18.mp4,196,0,0,0.11641167996827625
V18.mp4,197,0,1,0.6615610283330143
V18.mp4,198,0,1,0.9164313685146245
V18.mp4,199,0,1,0.9164313685146245
V18.mp4,200,0,1,0.9164313685146245
V18.mp4,201,0,1,0.9164313685146245
V18.mp4,202,0,1,0.9164313685146245
V18.mp4,203,0,1,0.9164313685146245
V18.mp4,204,0,1,0.9164313685146245
V18.mp4,205,0,1,0.9164313685146245
V18.mp4,206,0,1,0.9164313685146245
V18.mp4,207,0,1,0.9164313685146245
V18.mp4,208,0,1,0.9164313685146245
V18.mp4,209,0,1,0.9164313685146245
V18.mp4,210,0,1,0.9164313685146245
V18.mp4,211,0,1,0.9164313685146245
V18.mp4,212,0,1,0.9164313685146245
V18.mp4,213,0,1,0.9164313685146245
V18.mp4,214,0,1,0.9164313685146245
V19.mp4,1,0,0,0.17983073794966492
V19.mp4,2,0,0,0.21125327045796646
V19.mp4,3,0,0,0.2845087141146919
V19.mp4,4,0,0,0.3384397028100034
V19.mp4,5,0,0,0.4348261981990644
V19.mp4,6,0,0,0.2888953382996701
V19.mp4,7,0,0,0.29935420111558214
V19.mp4,8,0,0,0.30308939138567326
V19.mp4,9,0,0,0.3179232278183757
V19.mp4,10,0,0,0.2830700834567051
V19.mp4,11,0,0,0.3013171428573984
V19.mp4,12,0,0,0.3321188955553306
V19.mp4,13,0,0,0.32964741382721857
V19.mp4,14,0,0,0.30957065131401246
V19.mp4,15,0,0,0.2842332600045734
V19.mp4,16,0,0,0.27694134259115494
V19.mp4,17,0,0,0.2718050907091608
V19.mp4,18,0,0,0.31425946857696707
V19.mp4,19,0,0,0.32682908898059204
V19.mp4,20,0,1,0.5276894097466514
V19.mp4,21,0,0,0.4132461584665055
V19.mp4,22,0,0,0.38107439522524345
V19.mp4,23,0,1,0.5929427977711883
V19.mp4,24,0,1,0.5973525126729519
V19.mp4,25,0,1,0.7874427056575841
V19.mp4,26,0,1,0.6774867661994826
V19.mp4,27,0,0,0.44147974060696876
V19.mp4,28,0,0,0.09559143041815926
V19.mp4,29,0,0,0.1858056227235002
V19.mp4,30,0,0,0.1910636632632502
V19.mp4,31,0,0,0.25352074654287604
V19.mp4,32,0,0,0.27650761555484954
V19.mp4,33,0,0,0.3629517355986414
V19.mp4,34,0,0,0.3068597942511374
V19.mp4,35,0,0,0.32911627782079994
V19.mp4,36,0,0,0.40295567747834504
V19.mp4,37,0,0,0.49969049704137974
V19.mp4,38,0,0,0.4819736561344266
V19.mp4,39,0,1,0.5686558506613136
V19.mp4,40,0,0,0.4690168179666582
V19.mp4,41,0,0,0.37210731621648974
V19.mp4,42,0,0,0.454106630870066
V19.mp4,43,0,1,0.593258052817118
V19.mp4,44,0,1,0.6702875300287419
V19.mp4,45,0,1,0.6363511978520373
V19.mp4,46,0,1,0.5770612948875908
V19.mp4,47,0,0,0.344321360445233
V19.mp4,48,0,0,0.33519540653643976
V19.mp4,49,0,0,0.3570676795474711
V19.mp4,50,0,0,0.3872150940886994
V19.mp4,51,0,0,0.328099306582062
V19.mp4,52,0,0,0.37345066276210925
V19.mp4,53,0,0,0.2748886983179776
V19.mp4,54,0,0,0.273320899691251
V19.mp4,55,0,0,0.306135102041223
V19.mp4,56,0,0,0.340325848323136
V19.mp4,57,0,0,0.35114650425938126
V19.mp4,58,0,0,0.34540588091441726
V19.mp4,59,0,0,0.33774734765754355
V19.mp4,60,0,0,0.2333891411724212
V19.mp4,61,0,0,0.18823810648853873
V19.mp4,62,0,0,0.18295091600420466
V19.mp4,63,0,0,0.21782886275019497
V19.mp4,64,0,0,0.3795247063998558
V19.mp4,65,0,1,0.5907393997167311
V19.mp4,66,0,1,0.5038039714986545
V19.mp4,67,0,1,0.7510415508399281
V19.mp4,68,0,0,0.44912170631309295
V19.mp4,69,0,0,0.28012230759558715
V19.mp4,70,0,0,0.24010702777314766
V19.mp4,71,0,0,0.23050321276675856
V19.mp4,72,0,0,0.2807019235826645
V19.mp4,73,0,0,0.32267915354492915
V19.mp4,74,0,0,0.26483031617773134
V19.mp4,75,0,0,0.32580970615067967
V19.mp4,76,0,1,0.5547368424720752
V19.mp4,77,0,1,0.610653676927505
V19.mp4,78,0,1,0.7349799586002892
V19.mp4,79,0,1,0.7866131838914217
V19.mp4,80,0,1,0.8507298466372331
V19.mp4,81,0,1,0.774767106154853
V19.mp4,82,0,1,0.8467272774826972
V19.mp4,83,1,1,0.6744762324335339
V19.mp4,84,1,0,0.37332296830704315
V19.mp4,85,1,0,0.3123102852087953
V19.mp4,86,1,0,0.33277515698577664
V19.mp4,87,1,0,0.4121689202418269
V19.mp4,88,0,1,0.6560310892997685
V19.mp4,89,0,0,0.34306793758141907
V19.mp4,90,0,1,0.5096866358603092
V19.mp4,91,0,1,0.5409466855614949
V19.mp4,92,0,1,0.5408433445093354
V19.mp4,93,0,0,0.30864304696987505
V19.mp4,94,0,1,0.6169431860098563
V19.mp4,95,0,0,0.30807488624691187
V19.mp4,96,0,0,0.3166059836556125
V19.mp4,97,0,0,0.33209569093961067
V19.mp4,98,0,0,0.33614435995913017
V19.mp4,99,0,0,0.2991360132909555
V19.mp4,100,0,0,0.3050851556361993
V19.mp4,101,0,0,0.30430182364658365
V19.mp4,102,0,0,0.28888260976866553
V19.mp4,103,0,0,0.22486250654806098
V19.mp4,104,0,0,0.24006858077414128
V19.mp4,105,0,0,0.29998016053353876
V19.mp4,106,0,0,0.30063206735071535
V19.mp4,107,0,0,0.3518718999593031
V19.mp4,108,0,0,0.3954830446875026
V19.mp4,109,0,0,0.35798671048784036
V19.mp4,110,0,0,0.3516460739514596
V19.mp4,111,0,0,0.36692480100292796
V19.mp4,112,0,0,0.41391425745815447
V19.mp4,113,0,0,0.4445503706435254
V19.mp4,114,0,1,0.5331041865594177
V19.mp4,115,0,0,0.48265487133346924
V19.mp4,116,0,0,0.4815457230899545
V19.mp4,117,0,1,0.6703679853672464
V19.mp4,118,0,0,0.48247041193244355
V19.mp4,119,0,1,0.5348593210579516
V19.mp4,120,0,1,0.516492249141804
V19.mp4,121,0,1,0.5306918516153102
V19.mp4,122,0,0,0.41335234608614463
V19.mp4,123,0,0,0.45974428158966296
V19.mp4,124,0,1,0.5708487063477451
V19.mp4,125,0,1,0.6986468836036998
V19.mp4,126,0,1,0.6785104581799257
V19.mp4,127,0,1,0.671891189915535
V19.mp4,128,0,0,0.43386388901972817
V19.mp4,129,0,0,0.404119448534501
V19.mp4,130,0,0,0.47478504669017796
V19.mp4,131,0,1,0.6098071311544869
V19.mp4,132,0,1,0.6749874491419185
V19.mp4,133,0,1,0.5231655424916569
V19.mp4,134,0,0,0.423122619835492
V19.mp4,135,0,0,0.4074426244866784
V19.mp4,136,0,0,0.4402211693852297
V19.mp4,137,0,0,0.4717978222952662
V19.mp4,138,0,0,0.4726527715828572
V19.mp4,139,0,0,0.49781418575839304
V19.mp4,140,0,1,0.5261516276207856
V19.mp4,141,0,1,0.5410828663549286
V19.mp4,142,0,1,0.5738039386003144
V19.mp4,143,0,1,0.5250672751422188
V19.mp4,144,0,1,0.5042449061061729
V19.mp4,145,0,0,0.4919693548013051
V19.mp4,146,0,0,0.4825815222020777
V19.mp4,147,0,0,0.48049994890276054
V19.mp4,148,0,1,0.5113596144636317
V19.mp4,149,0,1,0.5162799194054671
V19.mp4,150,0,1,0.5213399304918394
V19.mp4,151,0,1,0.5235027849680457
V19.mp4,152,0,1,0.5061833907492912
V19.mp4,153,0,0,0.4826573477814168
V19.mp4,154,0,0,0.4975095620955763
V19.mp4,155,0,0,0.4914818477252911
V19.mp4,156,0,1,0.5264885971462123
V19.mp4,157,0,1,0.5845294024742306
V19.mp4,158,0,1,0.7095920838654203
V19.mp4,159,0,1,0.6406219362109331
V19.mp4,160,0,1,0.61860772351411
V19.mp4,161,0,0,0.4000857562160551
V19.mp4,162,0,0,0.3828936350285757
V19.mp4,163,0,0,0.38921915265620066
V19.mp4,164,0,0,0.37875987909744424
V19.mp4,165,0,0,0.3635938014452499
V19.mp4,166,0,0,0.3646204764552166
V19.mp4,167,0,0,0.3532025870972272
V19.mp4,168,0,0,0.31429407350377475
V19.mp4,169,0,0,0.31944369709399034
V19.mp4,170,0,0,0.3170238466620894
V19.mp4,171,0,0,0.33739209417314525
V19.mp4,172,0,0,0.37405789260802097
V19.mp4,173,0,0,0.4770689828810612
V19.mp4,174,0,0,0.36499101905396125
V19.mp4,175,0,0,0.3952150606588597
V19.mp4,176,0,0,0.4583940974602399
V19.mp4,177,0,1,0.6066719661274594
V19.mp4,178,0,1,0.527912217845454
V19.mp4,179,0,1,0.7014228921281426
V19.mp4,180,0,0,0.3595513146844763
V19.mp4,181,0,0,0.2934761463521768
V19.mp4,182,0,0,0.30976898240086953
V19.mp4,183,0,0,0.3045159704486918
V19.mp4,184,0,0,0.3214731259245905
V19.mp4,185,0,0,0.3002052068308906
V19.mp4,186,0,0,0.28928824340420667
V19.mp4,187,0,0,0.2870429826154981
V19.mp4,188,0,0,0.28424689984592993
V19.mp4,189,0,0,0.308366762843711
V19.mp4,190,0,0,0.286472375764991
V19.mp4,191,0,0,0.26874184882065716
V19.mp4,192,0,0,0.2889067993624746
V19.mp4,193,0,0,0.4087966917116893
V19.mp4,194,0,0,0.4772387126384775
V19.mp4,195,0,1,0.5777885820139789
V19.mp4,196,0,0,0.4994035577126386
V19.mp4,197,0,0,0.3419185724730455
V19.mp4,198,0,0,0.2738337164534866
V19.mp4,199,0,0,0.2934632374341968
V19.mp4,200,0,0,0.32982577450518424
V19.mp4,201,0,0,0.3771806545398744
V19.mp4,202,0,0,0.37154465842005474
V19.mp4,203,0,0,0.3824251279984145
V19.mp4,204,0,0,0.43536711493150626
V19.mp4,205,0,0,0.4765038497156108
V19.mp4,206,0,1,0.6021504011771606
V19.mp4,207,0,0,0.4933702720780407
V19.mp4,208,0,1,0.5268404891933014
V19.mp4,209,0,1,0.5499471464717322
V19.mp4,210,0,1,0.5683219894156766
V19.mp4,211,0,0,0.4676913506510383
V19.mp4,212,0,1,0.500231612617079
V19.mp4,213,0,0,0.4276869691230049
V19.mp4,214,0,0,0.3688329958766099
V19.mp4,215,0,0,0.33530258116754497
V19.mp4,216,0,0,0.38089296540562845
V19.mp4,217,0,0,0.40263701948485475
V19.mp4,218,0,0,0.44701509965560976
V19.mp4,219,0,0,0.4673102564290713
V19.mp4,220,0,0,0.4846078949443279
V19.mp4,221,0,0,0.43949402314799485
V19.mp4,222,0,0,0.47604951904708287
V19.mp4,223,0,1,0.5168350761215623
V19.mp4,224,0,1,0.608041460034903
V19.mp4,225,0,1,0.5943141465894274
V19.mp4,226,0,1,0.5714457251936149
V19.mp4,227,0,0,0.3825231982435815
V19.mp4,228,0,0,0.3407033009111798
V19.mp4,229,0,0,0.3181384658121665
V19.mp4,230,0,0,0.3212961889650187
V19.mp4,231,0,0,0.3138753355290296
V19.mp4,232,0,0,0.29149648518321525
V19.mp4,233,0,0,0.3232518931511925
V19.mp4,234,0,0,0.3232518406544559
V19.mp4,235,0,0,0.3232306599436818
V19.mp4,236,0,0,0.32325463601518123
V19.mp4,237,0,0,0.3231802252359901
V19.mp4,238,0,0,0.3227183025069155
V19.mp4,239,0,0,0.3224913128219293
V19.mp4,240,0,0,0.3211873289800954
V19.mp4,241,0,0,0.31929614708313214
V19.mp4,242,0,0,0.32421357434504383
V19.mp4,243,0,0,0.3261927889326186
V19.mp4,244,0,0,0.32044289653580166
V19.mp4,245,0,0,0.32459580895037715
V19.mp4,246,0,0,0.32626730346732247
V19.mp4,247,0,0,0.32538916878610374
V19.mp4,248,0,0,0.32045794742039596
V19.mp4,249,0,0,0.3236681728157725
V19.mp4,250,0,0,0.3253738045861183
V19.mp4,251,0,0,0.3253738045861183
V19.mp4,252,0,0,0.3253738045861183
V19.mp4,253,0,0,0.3253738045861183
V19.mp4,254,0,0,0.3253738045861183
V19.mp4,255,0,0,0.3253738045861183
V19.mp4,256,0,0,0.3253738045861183
V19.mp4,257,0,0,0.3253738045861183
V19.mp4,258,0,0,0.3253738045861183
V19.mp4,259,0,0,0.3253738045861183
V19.mp4,260,0,0,0.3253738045861183
V19.mp4,261,0,0,0.3253738045861183
V19.mp4,262,0,0,0.3253738045861183
V19.mp4,263,0,0,0.3253738045861183
V19.mp4,264,0,0,0.3253738045861183
V19.mp4,265,0,0,0.3253738045861183
V19.mp4,266,0,0,0.3253738045861183
V19.mp4,267,0,0,0.3253738045861183
V19.mp4,268,0,0,0.3253738045861183
V19.mp4,269,0,0,0.3253738045861183
V19.mp4,270,0,0,0.3253738045861183
V19.mp4,271,0,0,0.3253738045861183
V19.mp4,272,0,0,0.3253738045861183
V19.mp4,273,0,0,0.3253738045861183
V19.mp4,274,0,0,0.3253738045861183
V19.mp4,275,0,0,0.3253738045861183
V2.mp4,1,0,0,0.2263205313897674
V2.mp4,2,0,0,0.2498057738768039
V2.mp4,3,0,0,0.3318938044512242
V2.mp4,4,0,0,0.4108521546937829
V2.mp4,5,0,1,0.5534973104818919
V2.mp4,6,0,0,0.39318290937412737
V2.mp4,7,0,0,0.3436324363499238
V2.mp4,8,0,0,0.33450967467777054
V2.mp4,9,0,0,0.3215430368409339
V2.mp4,10,0,0,0.29641776927340185
V2.mp4,11,0,0,0.2883498449540172
V2.mp4,12,0,0,0.28844951908320615
V2.mp4,13,0,0,0.2934510081562708
V2.mp4,14,0,0,0.2991853163031063
V2.mp4,15,0,0,0.3174744145240626
V2.mp4,16,0,0,0.3232988360714124
V2.mp4,17,0,0,0.4556973073855198
V2.mp4,18,0,0,0.44188526359576485
V2.mp4,19,0,0,0.45363196139215856
V2.mp4,20,0,0,0.42375015955869955
V2.mp4,21,0,1,0.6670536500670312
V2.mp4,22,0,1,0.7527028683725637
V2.mp4,23,0,1,0.9046480992804822
V2.mp4,24,0,1,0.8599886449964119
V2.mp4,25,0,1,0.7159104098112816
V2.mp4,26,0,1,0.5697768623606342
V2.mp4,27,0,1,0.571112119170812
V2.mp4,28,0,0,0.495869066204415
V2.mp4,29,0,0,0.38716246012208244
V2.mp4,30,0,0,0.3219315527175989
V2.mp4,31,0,0,0.2791004912795628
V2.mp4,32,0,0,0.29756322403209434
V2.mp4,33,0,0,0.2897940949358197
V2.mp4,34,0,0,0.2761837667178641
V2.mp4,35,0,0,0.22426513150665114
V2.mp4,36,0,0,0.26149656393612225
V2.mp4,37,0,0,0.17661116773484947
V2.mp4,38,0,0,0.22642621012542982
V2.mp4,39,0,0,0.2264400282957473
V2.mp4,40,0,0,0.2050790194278817
V2.mp4,41,0,0,0.22821804378039456
V2.mp4,42,0,0,0.2629850717306112
V2.mp4,43,0,0,0.2803216556226413
V2.mp4,44,0,0,0.19243053583065425
V2.mp4,45,0,0,0.04155550131165103
V2.mp4,46,0,0,0.07648857310360449
V2.mp4,47,0,0,0.18827123664615023
V2.mp4,48,0,0,0.18392361878545893
V2.mp4,49,0,0,0.09378916961250876
V2.mp4,50,0,0,0.10641763605280029
V2.mp4,51,0,0,0.09454850259714219
V2.mp4,52,0,0,0.05955440635634493
V2.mp4,53,0,0,0.11450437399872582
V2.mp4,54,0,0,0.23626542509476187
V2.mp4,55,0,0,0.3509174363024318
V2.mp4,56,0,0,0.39359349987863146
V2.mp4,57,0,0,0.4042987573351793
V2.mp4,58,0,0,0.3681245978490195
V2.mp4,59,0,0,0.4562693018109047
V2.mp4,60,0,1,0.5385265036552427
V2.mp4,61,0,1,0.5149131040543904
V2.mp4,62,0,0,0.455159899993255
V2.mp4,63,0,0,0.3508582567144844
V2.mp4,64,0,0,0.33731550102947894
V2.mp4,65,0,0,0.3120406154345214
V2.mp4,66,0,0,0.3125547132743916
V2.mp4,67,0,0,0.3501130247445031
V2.mp4,68,0,0,0.3803106494256778
V2.mp4,69,0,0,0.41004855264215645
V2.mp4,70,0,0,0.3983445974046449
V2.mp4,71,0,0,0.4620797764234206
V2.mp4,72,0,0,0.48279869521434654
V2.mp4,73,0,0,0.4887480322702748
V2.mp4,74,0,0,0.4521438707231478
V2.mp4,75,0,0,0.3791803841974749
V2.mp4,76,0,0,0.35804654206181563
V2.mp4,77,0,0,0.3265947790002419
V2.mp4,78,0,1,0.7058733804200524
V2.mp4,79,0,0,0.46207344602169675
V2.mp4,80,0,1,0.5427274006326536
V2.mp4,81,1,1,0.6806514442232577
V2.mp4,82,1,1,0.8860411992265942
V2.mp4,83,1,1,0.8727002328106531
V2.mp4,84,1,1,0.946101653315524
V2.mp4,85,1,1,0.8370149536073037
V2.mp4,86,0,1,0.5228197943457309
V2.mp4,87,0,0,0.48636444875277796
V2.mp4,88,0,0,0.4129879235225996
V2.mp4,89,0,0,0.36603448180621107
V2.mp4,90,0,0,0.31740180727945905
V2.mp4,91,0,0,0.3353749696703222
V2.mp4,92,0,0,0.3421288843479045
V2.mp4,93,0,0,0.3409163039609388
V2.mp4,94,0,0,0.36254509204312835
V2.mp4,95,0,0,0.34655981492138266
V2.mp4,96,0,0,0.34975431756570186
V2.mp4,97,0,0,0.3420134145919729
V2.mp4,98,0,0,0.3579644951754241
V2.mp4,99,0,0,0.3492344439042791
V2.mp4,100,0,0,0.39132023693294044
V2.mp4,101,0,0,0.3546415770507266
V2.mp4,102,0,0,0.3310063277922378
V2.mp4,103,0,0,0.3389890011644864
V2.mp4,104,0,0,0.36171566088778717
V2.mp4,105,0,0,0.3730215909008637
V2.mp4,106,0,0,0.38255665190562166
V2.mp4,107,0,0,0.4562471772584241
V2.mp4,108,0,0,0.4335555260346707
V2.mp4,109,0,1,0.5321608502297663
V2.mp4,110,0,1,0.7054363645923541
V2.mp4,111,0,0,0.47822271886336526
V2.mp4,112,0,1,0.6347920689896434
V2.mp4,113,0,1,0.7089035350458773
V2.mp4,114,0,1,0.7783625702970031
V2.mp4,115,0,1,0.5990144695965441
V2.mp4,116,0,1,0.6456518153292885
V2.mp4,117,0,0,0.4460626862224594
V2.mp4,118,0,0,0.3059445689721268
V2.mp4,119,0,0,0.44662090150148237
V2.mp4,120,0,0,0.3751688362931602
V2.mp4,121,0,0,0.35967274103710173
V2.mp4,122,0,0,0.35284096285003796
V2.mp4,123,0,0,0.36461623245802793
V2.mp4,124,0,0,0.3508545569781467
V2.mp4,125,0,0,0.3820626742184769
V2.mp4,126,0,0,0.39860782410274054
V2.mp4,127,0,0,0.3844594016696606
V2.mp4,128,0,0,0.37234061942171315
V2.mp4,129,0,0,0.40066626811770223
V2.mp4,130,0,0,0.4456336125535811
V2.mp4,131,0,0,0.4548918892402261
V2.mp4,132,0,0,0.44304578048262316
V2.mp4,133,0,0,0.3620188670553062
V2.mp4,134,0,0,0.3338811391499146
V2.mp4,135,0,0,0.33346710556426884
V2.mp4,136,0,0,0.33730545722509037
V2.mp4,137,0,0,0.35083596394390676
V2.mp4,138,0,0,0.3527843242399929
V2.mp4,139,0,0,0.3456495486655068
V2.mp4,140,0,0,0.3582388168547457
V2.mp4,141,0,0,0.3459207671715178
V2.mp4,142,0,0,0.3645200167707982
V2.mp4,143,0,0,0.3766934699364998
V2.mp4,144,0,0,0.3989145126875747
V2.mp4,145,0,0,0.3882644835830074
V2.mp4,146,0,0,0.37786247472916074
V2.mp4,147,0,0,0.36006075821474726
V2.mp4,148,0,0,0.3410536451106926
V2.mp4,149,0,0,0.32481853978425174
V2.mp4,150,0,0,0.31413033794915785
V2.mp4,151,0,0,0.3040848725899129
V2.mp4,152,0,0,0.30284611856362603
V2.mp4,153,0,0,0.3239943676208684
V2.mp4,154,0,0,0.37333363427385297
V2.mp4,155,0,0,0.38447636839104166
V2.mp4,156,0,0,0.4271547689840241
V2.mp4,157,0,1,0.5047682157961156
V2.mp4,158,0,1,0.512149245655187
V2.mp4,159,0,0,0.4736747569145114
V2.mp4,160,0,1,0.6140277857758971
V2.mp4,161,0,1,0.6317631645546083
V2.mp4,162,0,1,0.6941623660300115
V2.mp4,163,0,1,0.5347801642469333
V2.mp4,164,0,1,0.5257233707771227
V2.mp4,165,0,0,0.3949237506059216
V2.mp4,166,0,0,0.41283382137728325
V2.mp4,167,0,0,0.4310629881119227
V2.mp4,168,0,0,0.4427454843090009
V2.mp4,169,0,0,0.4862237129436365
V2.mp4,170,0,0,0.47521630531569947
V2.mp4,171,0,0,0.4827117301013675
V2.mp4,172,0,0,0.49925525042542024
V2.mp4,173,0,0,0.47352746069347434
V2.mp4,174,0,0,0.43814002212847003
V2.mp4,175,0,0,0.4119236518058266
V2.mp4,176,0,0,0.3995566530521262
V2.mp4,177,0,0,0.3873301771716491
V2.mp4,178,0,0,0.39809056000087556
V2.mp4,179,0,0,0.42570628672596755
V2.mp4,180,0,0,0.4531032075717821
V2.mp4,181,0,0,0.4790970897256272
V2.mp4,182,0,0,0.46511434325979606
V2.mp4,183,0,0,0.4599515138354542
V2.mp4,184,0,0,0.45565671692583937
V2.mp4,185,0,0,0.4476181357870658
V2.mp4,186,0,0,0.49992959851085494
V2.mp4,187,0,1,0.5497113552838863
V2.mp4,188,0,1,0.5477239836327823
V2.mp4,189,0,1,0.5313173300042212
V2.mp4,190,0,0,0.4752850587407315
V2.mp4,191,0,0,0.4542641386635473
V2.mp4,192,0,0,0.4763457713554475
V2.mp4,193,0,0,0.48686869898947177
V2.mp4,194,0,0,0.48747523519298297
V2.mp4,195,0,0,0.4920087661181545
V2.mp4,196,0,1,0.5018747810186778
V2.mp4,197,0,0,0.4477609065550539
V2.mp4,198,0,0,0.4306872661132588
V2.mp4,199,0,0,0.4278414230946606
V2.mp4,200,0,0,0.4335531624206892
V2.mp4,201,0,0,0.4123396235744594
V2.mp4,202,0,0,0.39578905482853566
V2.mp4,203,0,0,0.3800552112083848
V2.mp4,204,0,0,0.39113390228563777
V2.mp4,205,0,0,0.3732235521994887
V2.mp4,206,0,0,0.3489503152777156
V2.mp4,207,0,0,0.34054427580810515
V2.mp4,208,0,0,0.35616097504902705
V2.mp4,209,0,0,0.35171131940291317
V2.mp4,210,0,0,0.3478299908876746
V2.mp4,211,0,0,0.36484585785288154
V2.mp4,212,0,0,0.37947983858846857
V2.mp4,213,0,0,0.37387332569783116
V2.mp4,214,0,0,0.3651139719632101
V2.mp4,215,0,0,0.3522034899114899
V2.mp4,216,0,0,0.3450972705772733
V2.mp4,217,0,0,0.3382917688409023
V2.mp4,218,0,0,0.3383684235168621
V2.mp4,219,0,0,0.34376400921725253
V2.mp4,220,0,0,0.3314632698906773
V2.mp4,221,0,0,0.33048394595712527
V2.mp4,222,0,0,0.3177560641546185
V2.mp4,223,0,0,0.3272774779076999
V2.mp4,224,0,0,0.3958208908368846
V2.mp4,225,0,1,0.5434450632958949
V2.mp4,226,0,0,0.4370994045458522
V2.mp4,227,0,0,0.48925545297063205
V2.mp4,228,0,1,0.5435660112395752
V2.mp4,229,0,1,0.698899047155384
V2.mp4,230,0,1,0.6260581838620097
V2.mp4,231,0,1,0.777281664578923
V2.mp4,232,0,1,0.5136915934381169
V2.mp4,233,0,0,0.4128685491551727
V2.mp4,234,0,0,0.36818959131521106
V2.mp4,235,0,0,0.45383088433133667
V2.mp4,236,0,0,0.46691790161772345
V2.mp4,237,0,0,0.43378396977332523
V2.mp4,238,0,0,0.47009245303525066
V2.mp4,239,0,0,0.4432243804334203
V2.mp4,240,0,0,0.4432243804334203
V2.mp4,241,0,0,0.4432243804334203
V2.mp4,242,0,0,0.4432243804334203
V2.mp4,243,0,0,0.4432243804334203
V2.mp4,244,0,0,0.4432243804334203
V2.mp4,245,0,0,0.4432243804334203
V2.mp4,246,0,0,0.4432243804334203
V2.mp4,247,0,0,0.4432243804334203
V2.mp4,248,0,0,0.4432243804334203
V2.mp4,249,0,0,0.4432243804334203
V2.mp4,250,0,0,0.4432243804334203
V2.mp4,251,0,0,0.4432243804334203
V2.mp4,252,0,0,0.4432243804334203
V2.mp4,253,0,0,0.4432243804334203
V2.mp4,254,0,0,0.4432243804334203
V2.mp4,255,0,0,0.4432243804334203
V2.mp4,256,0,0,0.4432243804334203
V2.mp4,257,0,0,0.4432243804334203
V2.mp4,258,0,0,0.4432243804334203
V2.mp4,259,0,0,0.4432243804334203
V2.mp4,260,0,0,0.4432243804334203
V2.mp4,261,0,0,0.4432243804334203
V2.mp4,262,0,0,0.4432243804334203
V2.mp4,263,0,0,0.4432243804334203
V20.mp4,1,0,0,0.200095980251622
V20.mp4,2,0,0,0.22426986377813082
V20.mp4,3,0,0,0.3040789595690153
V20.mp4,4,0,0,0.39491958699995733
V20.mp4,5,0,0,0.4903972566560013
V20.mp4,6,0,0,0.32547746212740525
V20.mp4,7,0,0,0.30744172317079976
V20.mp4,8,0,0,0.29933618036323895
V20.mp4,9,0,0,0.27577512298975443
V20.mp4,10,0,0,0.2961878975251138
V20.mp4,11,0,0,0.3272050934180109
V20.mp4,12,0,0,0.3112041159875886
V20.mp4,13,0,0,0.3133141874593551
V20.mp4,14,0,0,0.2748641876041262
V20.mp4,15,0,0,0.25446059806322163
V20.mp4,16,0,0,0.16365385114341618
V20.mp4,17,0,0,0.24018460038674508
V20.mp4,18,0,0,0.23877116261108516
V20.mp4,19,0,0,0.27911275293079774
V20.mp4,20,0,0,0.4458308321712422
V20.mp4,21,0,0,0.4159582870236659
V20.mp4,22,0,0,0.3762180904407188
V20.mp4,23,0,0,0.25432167222053975
V20.mp4,24,0,0,0.10117077323742528
V20.mp4,25,0,0,0.22892631984177778
V20.mp4,26,0,0,0.21899629226667897
V20.mp4,27,0,0,0.22733354119164573
V20.mp4,28,0,0,0.23275234218862292
V20.mp4,29,0,0,0.23007161611519233
V20.mp4,30,0,0,0.2269314288258531
V20.mp4,31,0,0,0.22949083874782292
V20.mp4,32,0,0,0.07484379441081268
V20.mp4,33,0,0,0.2442065214658848
V20.mp4,34,0,0,0.27102091518034627
V20.mp4,35,0,0,0.2094918600486026
V20.mp4,36,0,0,0.19514641840976255
V20.mp4,37,0,0,0.20578922964376087
V20.mp4,38,0,0,0.3998081426444014
V20.mp4,39,0,0,0.3554934185366078
V20.mp4,40,0,0,0.21342013017190614
V20.mp4,41,0,0,0.20786457700963953
V20.mp4,42,0,0,0.2205714580106769
V20.mp4,43,0,0,0.2553952508499819
V20.mp4,44,0,0,0.27060439076501314
V20.mp4,45,0,0,0.25592140092509064
V20.mp4,46,0,0,0.26196470063131255
V20.mp4,47,0,0,0.24688924417011823
V20.mp4,48,0,0,0.2132200948955478
V20.mp4,49,0,0,0.3314018644978049
V20.mp4,50,0,0,0.3179043733399664
V20.mp4,51,0,0,0.316522041795573
V20.mp4,52,0,0,0.3408931010492021
V20.mp4,53,0,0,0.29409638706635427
V20.mp4,54,0,0,0.31070301143854595
V20.mp4,55,0,0,0.28728556043234366
V20.mp4,56,0,0,0.24331751592812514
V20.mp4,57,0,0,0.3111483765492278
V20.mp4,58,0,0,0.2505480706478617
V20.mp4,59,0,0,0.2855487460715249
V20.mp4,60,0,0,0.3416460307050437
V20.mp4,61,0,0,0.18520061937075233
V20.mp4,62,0,0,0.19534558159402873
V20.mp4,63,0,0,0.32866900246148284
V20.mp4,64,0,0,0.334171119692162
V20.mp4,65,0,0,0.3441337115806586
V20.mp4,66,0,0,0.3245696340674108
V20.mp4,67,0,0,0.24948577331272803
V20.mp4,68,0,0,0.2077874945264704
V20.mp4,69,0,0,0.23205257245717145
V20.mp4,70,0,0,0.32247442457208714
V20.mp4,71,0,0,0.3289997225722787
V20.mp4,72,0,0,0.3105927506762691
V20.mp4,73,0,0,0.3165765878649539
V20.mp4,74,0,0,0.32985233139109266
V20.mp4,75,0,0,0.3544318901312854
V20.mp4,76,0,0,0.35625103003776765
V20.mp4,77,0,0,0.2684577687256709
V20.mp4,78,0,0,0.44471427213450143
V20.mp4,79,0,0,0.42030259756903615
V20.mp4,80,0,0,0.33830086628697953
V20.mp4,81,0,0,0.29910328490990756
V20.mp4,82,0,0,0.276118868859689
V20.mp4,83,0,0,0.2865293094481514
V20.mp4,84,0,0,0.2962150463730031
V20.mp4,85,0,0,0.27478143510655123
V20.mp4,86,0,0,0.18148523241714606
V20.mp4,87,0,0,0.23946537703444642
V20.mp4,88,0,0,0.28860635271761753
V20.mp4,89,0,0,0.3907231141585527
V20.mp4,90,0,0,0.44285072971059297
V20.mp4,91,0,0,0.4787441866469229
V20.mp4,92,0,1,0.507457193804154
V20.mp4,93,0,1,0.5315778109342438
V20.mp4,94,0,0,0.4607311324519016
V20.mp4,95,0,0,0.3756598045014478
V20.mp4,96,0,0,0.3693559450342251
V20.mp4,97,0,0,0.37606135311541816
V20.mp4,98,0,0,0.3675877871303801
V20.mp4,99,0,0,0.37601734086589783
V20.mp4,100,0,0,0.3302514549377275
V20.mp4,101,0,0,0.3225348178220024
V20.mp4,102,0,0,0.34365243816578167
V20.mp4,103,0,0,0.42312065338358723
V20.mp4,104,0,0,0.3623370814757473
V20.mp4,105,0,0,0.4481270399289145
V20.mp4,106,0,1,0.509740486313898
V20.mp4,107,0,1,0.5925815074112636
V20.mp4,108,0,1,0.5218957954810023
V20.mp4,109,0,1,0.5537534586699556
V20.mp4,110,0,0,0.4492350273370039
V20.mp4,111,0,0,0.4005845248095717
V20.mp4,112,0,0,0.44923846462739253
V20.mp4,113,0,0,0.40013960293457823
V20.mp4,114,0,0,0.4692279187232763
V20.mp4,115,0,0,0.4907924254669726
V20.mp4,116,0,1,0.5591208290098061
V20.mp4,117,0,1,0.519148137273989
V20.mp4,118,0,1,0.5197518063161447
V20.mp4,119,0,1,0.5492129382171611
V20.mp4,120,0,1,0.8510659664644274
V20.mp4,121,0,1,0.8956718509056443
V20.mp4,122,1,1,0.9575266850408348
V20.mp4,123,1,1,0.8317337733819907
V20.mp4,124,1,1,0.6701631734970919
V20.mp4,125,1,0,0.4638467123534182
V20.mp4,126,1,0,0.45210265598679045
V20.mp4,127,0,0,0.4008385951563009
V20.mp4,128,0,0,0.37958087197679746
V20.mp4,129,0,0,0.3566216174416761
V20.mp4,130,0,0,0.37662888207937045
V20.mp4,131,0,0,0.3587534041857201
V20.mp4,132,0,0,0.34458916251955235
V20.mp4,133,0,0,0.31409382932426694
V20.mp4,134,0,0,0.32777629584192397
V20.mp4,135,0,0,0.3368342888935301
V20.mp4,136,0,0,0.3452846255687181
V20.mp4,137,0,0,0.35487817276238176
V20.mp4,138,0,0,0.3409693159715372
V20.mp4,139,0,0,0.34771720814869345
V20.mp4,140,0,0,0.3510782497814253
V20.mp4,141,0,0,0.37225369154108506
V20.mp4,142,0,0,0.36473614575452545
V20.mp4,143,0,0,0.3900681342803702
V20.mp4,144,0,0,0.390589067446239
V20.mp4,145,0,0,0.35312891027568943
V20.mp4,146,0,0,0.32249552003056975
V20.mp4,147,0,0,0.3307541863722899
V20.mp4,148,0,0,0.3384292342372993
V20.mp4,149,0,0,0.3178354533384849
V20.mp4,150,0,0,0.3361351770586072
V20.mp4,151,0,0,0.37067030449847205
V20.mp4,152,0,0,0.3873969226008256
V20.mp4,153,0,0,0.3636865722464379
V20.mp4,154,0,0,0.3727271552869509
V20.mp4,155,0,1,0.5113598822459421
V20.mp4,156,0,1,0.6167900030502194
V20.mp4,157,0,0,0.4896031679399445
V20.mp4,158,0,1,0.6920254783889394
V20.mp4,159,0,1,0.7307939059680386
V20.mp4,160,0,1,0.8143727512544255
V20.mp4,161,0,1,0.7048730206223557
V20.mp4,162,0,1,0.734535987480361
V20.mp4,163,0,0,0.4425639770436017
V20.mp4,164,0,0,0.35887736211952
V20.mp4,165,0,0,0.3286261153715863
V20.mp4,166,0,0,0.29880366239683676
V20.mp4,167,0,0,0.29670890070272776
V20.mp4,168,0,0,0.3358885903713265
V20.mp4,169,0,0,0.39174925240226327
V20.mp4,170,0,0,0.3674012006550491
V20.mp4,171,0,0,0.3933675817614668
V20.mp4,172,0,0,0.40264656671558924
V20.mp4,173,0,0,0.4076974533638908
V20.mp4,174,0,0,0.4058469620879069
V20.mp4,175,0,0,0.4497546633068389
V20.mp4,176,0,0,0.4543924569766466
V20.mp4,177,0,0,0.4169994844419624
V20.mp4,178,0,0,0.40654742203864636
V20.mp4,179,0,0,0.4004724831122797
V20.mp4,180,0,0,0.3927920715607255
V20.mp4,181,0,0,0.405011667451957
V20.mp4,182,0,0,0.44379770310875816
V20.mp4,183,0,0,0.40226023480919926
V20.mp4,184,0,0,0.40511608627466966
V20.mp4,185,0,0,0.4402410507206218
V20.mp4,186,0,0,0.4752724141675056
V20.mp4,187,0,0,0.46474506173048047
V20.mp4,188,0,0,0.4342959547665158
V20.mp4,189,0,0,0.3631742746346893
V20.mp4,190,0,0,0.3364008262689779
V20.mp4,191,0,0,0.34474399399573497
V20.mp4,192,0,0,0.3647592588213531
V20.mp4,193,0,0,0.40554296955032404
V20.mp4,194,0,0,0.45552225692571513
V20.mp4,195,0,0,0.4490186027118595
V20.mp4,196,0,0,0.45862029669611787
V20.mp4,197,0,0,0.4576150304177092
V20.mp4,198,0,0,0.4821513724723042
V20.mp4,199,0,0,0.4428026951634596
V20.mp4,200,0,0,0.46323467476350016
V20.mp4,201,0,0,0.42984113900922105
V20.mp4,202,0,0,0.40606962364071747
V20.mp4,203,0,0,0.35121315056385494
V20.mp4,204,0,0,0.3609353097524764
V20.mp4,205,0,0,0.34224740542051085
V20.mp4,206,0,0,0.34715976416841937
V20.mp4,207,0,0,0.34842230097114185
V20.mp4,208,0,0,0.3391123690716644
V20.mp4,209,0,0,0.33428352233264713
V20.mp4,210,0,0,0.34745945936505235
V20.mp4,211,0,0,0.3509243146049715
V20.mp4,212,0,0,0.36337731821745406
V20.mp4,213,0,0,0.3354838679679244
V20.mp4,214,0,0,0.35219735640781485
V20.mp4,215,0,0,0.3674317842947362
V20.mp4,216,0,0,0.35550999990199983
V20.mp4,217,0,0,0.34316183687166885
V20.mp4,218,0,0,0.3587568939536257
V20.mp4,219,0,0,0.3708038916030285
V20.mp4,220,0,0,0.36882737795508647
V20.mp4,221,0,0,0.36267769081229884
V20.mp4,222,0,0,0.37441611803341723
V20.mp4,223,0,0,0.37495721988882197
V20.mp4,224,0,0,0.42806386726840107
V20.mp4,225,0,0,0.3929150287020249
V20.mp4,226,0,0,0.38335076992088374
V20.mp4,227,0,0,0.37339637671233045
V20.mp4,228,0,0,0.3666648924229279
V20.mp4,229,0,0,0.3276957274914981
V20.mp4,230,0,0,0.3528417765689362
V20.mp4,231,0,0,0.36295423677996613
V20.mp4,232,0,0,0.34041048075967006
V20.mp4,233,0,0,0.31380454665011925
V20.mp4,234,0,0,0.30408036189033805
V20.mp4,235,0,0,0.30766459796639645
V20.mp4,236,0,0,0.34435106866505516
V20.mp4,237,0,0,0.3613811747400622
V20.mp4,238,0,0,0.36413547693263537
V20.mp4,239,0,0,0.36730123098796486
V20.mp4,240,0,0,0.4052797012991849
V20.mp4,241,0,0,0.41505678064679435
V20.mp4,242,0,0,0.4035002256424932
V20.mp4,243,0,0,0.3538843295086895
V20.mp4,244,0,0,0.3403943090294756
V20.mp4,245,0,0,0.346158269993593
V20.mp4,246,0,0,0.36298756543101324
V20.mp4,247,0,0,0.40416849095612095
V20.mp4,248,0,0,0.41287902707687596
V20.mp4,249,0,0,0.4054068469328713
V20.mp4,250,0,0,0.36417608059967593
V20.mp4,251,0,0,0.34809375048079516
V20.mp4,252,0,0,0.32540587348543903
V20.mp4,253,0,0,0.3503597333291403
V20.mp4,254,0,0,0.3064939227060707
V20.mp4,255,0,0,0.30604202775005684
V20.mp4,256,0,0,0.30604202775005684
V20.mp4,257,0,0,0.30604202775005684
V20.mp4,258,0,0,0.30604202775005684
V20.mp4,259,0,0,0.30604202775005684
V20.mp4,260,0,0,0.30604202775005684
V20.mp4,261,0,0,0.30604202775005684
V20.mp4,262,0,0,0.30604202775005684
V20.mp4,263,0,0,0.30604202775005684
V20.mp4,264,0,0,0.30604202775005684
V20.mp4,265,0,0,0.30604202775005684
V20.mp4,266,0,0,0.30604202775005684
V20.mp4,267,0,0,0.30604202775005684
V20.mp4,268,0,0,0.30604202775005684
V20.mp4,269,0,0,0.30604202775005684
V20.mp4,270,0,0,0.30604202775005684
V20.mp4,271,0,0,0.30604202775005684
V20.mp4,272,0,0,0.30604202775005684
V20.mp4,273,0,0,0.30604202775005684
V20.mp4,274,0,0,0.30604202775005684
V20.mp4,275,0,0,0.30604202775005684
V20.mp4,276,0,0,0.30604202775005684
V20.mp4,277,0,0,0.30604202775005684
V20.mp4,278,0,0,0.30604202775005684
V20.mp4,279,0,0,0.30604202775005684
V20.mp4,280,0,0,0.30604202775005684
V20.mp4,281,0,0,0.30604202775005684
V3.mp4,1,0,0,0.2809268217070527
V3.mp4,2,0,0,0.2973548535941581
V3.mp4,3,0,1,0.5180067550742498
V3.mp4,4,0,0,0.37075609215540895
V3.mp4,5,0,0,0.3735581526369119
V3.mp4,6,0,0,0.3104369442941152
V3.mp4,7,0,0,0.33489400543481845
V3.mp4,8,0,0,0.3301728387467949
V3.mp4,9,0,0,0.2969950486141507
V3.mp4,10,0,0,0.31929528562864656
V3.mp4,11,0,0,0.2919846671027695
V3.mp4,12,0,0,0.293931780700665
V3.mp4,13,0,0,0.3356485752156269
V3.mp4,14,0,0,0.4579607554277473
V3.mp4,15,0,0,0.4657677500440922
V3.mp4,16,0,1,0.5789827821411527
V3.mp4,17,0,0,0.46418856455258106
V3.mp4,18,0,0,0.4169028792473783
V3.mp4,19,0,0,0.2921151679294613
V3.mp4,20,0,0,0.2532808888061169
V3.mp4,21,0,0,0.29665590449546775
V3.mp4,22,0,0,0.2324462681675188
V3.mp4,23,0,0,0.26089948270431756
V3.mp4,24,0,0,0.13983960227559417
V3.mp4,25,0,0,0.3136442182532053
V3.mp4,26,0,0,0.2840642407985446
V3.mp4,27,0,0,0.31023944966293154
V3.mp4,28,0,0,0.31733264618554774
V3.mp4,29,0,0,0.4043069756288509
V3.mp4,30,0,0,0.4229883770859882
V3.mp4,31,0,1,0.5006865091660436
V3.mp4,32,0,0,0.43392749841873574
V3.mp4,33,0,0,0.3547041947521754
V3.mp4,34,0,0,0.3352053708828038
V3.mp4,35,0,0,0.34249481538945964
V3.mp4,36,0,0,0.3585070022412185
V3.mp4,37,0,0,0.3206205543649403
V3.mp4,38,0,0,0.3528219486267853
V3.mp4,39,0,0,0.3334174723116758
V3.mp4,40,0,0,0.28650623610686354
V3.mp4,41,0,0,0.305205994339959
V3.mp4,42,0,0,0.2833787206481656
V3.mp4,43,0,0,0.277299635292342
V3.mp4,44,0,0,0.2951206803051646
V3.mp4,45,0,0,0.33998404676777066
V3.mp4,46,0,0,0.2547976046087622
V3.mp4,47,0,0,0.15953478389394274
V3.mp4,48,0,0,0.351811830003769
V3.mp4,49,0,0,0.36735992827560976
V3.mp4,50,0,0,0.3454768065832935
V3.mp4,51,0,0,0.3393637224580544
V3.mp4,52,0,0,0.3359383709822104
V3.mp4,53,0,0,0.3233216316272681
V3.mp4,54,0,0,0.2846337909528434
V3.mp4,55,0,0,0.27261474858874885
V3.mp4,56,0,0,0.2877943647656681
V3.mp4,57,0,0,0.3112034113595855
V3.mp4,58,0,0,0.30593307616852383
V3.mp4,59,0,0,0.4767709457305713
V3.mp4,60,0,0,0.330786143719009
V3.mp4,61,0,1,0.5119440751176487
V3.mp4,62,0,0,0.38481315284521905
V3.mp4,63,0,1,0.6147424739955588
V3.mp4,64,0,0,0.3389410063268279
V3.mp4,65,0,0,0.3033694172666592
V3.mp4,66,0,0,0.3247823113175301
V3.mp4,67,0,0,0.3676900958045866
V3.mp4,68,0,0,0.33297625018279237
V3.mp4,69,0,0,0.29739344498972853
V3.mp4,70,0,0,0.3176582453921724
V3.mp4,71,0,0,0.3614854430970961
V3.mp4,72,0,0,0.36782583965606175
V3.mp4,73,1,0,0.33257390960440636
V3.mp4,74,1,0,0.4094523531350736
V3.mp4,75,1,1,0.9597121783601467
V3.mp4,76,1,1,0.6236048406849518
V3.mp4,77,1,1,0.9033745332734584
V3.mp4,78,0,1,0.7987511232541314
V3.mp4,79,0,1,0.9473237725323307
V3.mp4,80,0,1,0.6825999351655566
V3.mp4,81,0,0,0.3656128839188582
V3.mp4,82,0,0,0.4943308390020649
V3.mp4,83,0,0,0.33079775518854926
V3.mp4,84,0,0,0.48922167624048746
V3.mp4,85,0,0,0.3279567783134818
V3.mp4,86,0,0,0.37001786385440666
V3.mp4,87,0,0,0.38625153477603075
V3.mp4,88,0,0,0.4383668716080267
V3.mp4,89,0,0,0.3278930786609711
V3.mp4,90,0,0,0.3311120726917323
V3.mp4,91,0,0,0.3719562095280516
V3.mp4,92,0,0,0.3943120823425135
V3.mp4,93,0,0,0.35962681980180217
V3.mp4,94,0,0,0.33506726132204845
V3.mp4,95,0,0,0.31009199078473537
V3.mp4,96,0,0,0.2850297402431131
V3.mp4,97,0,0,0.3122773689723043
V3.mp4,98,0,0,0.3030881571501322
V3.mp4,99,0,0,0.343007313266468
V3.mp4,100,0,0,0.3807999559647491
V3.mp4,101,0,0,0.381332601355131
V3.mp4,102,0,0,0.36232761623483833
V3.mp4,103,0,0,0.3425971935644147
V3.mp4,104,0,0,0.37480593208272656
V3.mp4,105,0,0,0.3896544473644668
V3.mp4,106,0,0,0.4654504418839092
V3.mp4,107,0,0,0.42685354597018277
V3.mp4,108,0,1,0.5837831753746158
V3.mp4,109,0,0,0.38641695671695553
V3.mp4,110,0,0,0.367177323887127
V3.mp4,111,0,0,0.3656661111435634
V3.mp4,112,0,0,0.36697927689867266
V3.mp4,113,0,0,0.3489985463376501
V3.mp4,114,0,0,0.3697078599261208
V3.mp4,115,0,0,0.33957528828536865
V3.mp4,116,0,0,0.374061633966347
V3.mp4,117,0,0,0.4062494253113174
V3.mp4,118,0,0,0.40400875104973777
V3.mp4,119,0,0,0.4071040170070383
V3.mp4,120,0,0,0.3920674166404079
V3.mp4,121,0,0,0.42857890040831165
V3.mp4,122,0,0,0.40193553739247184
V3.mp4,123,0,0,0.4179016854542928
V3.mp4,124,0,0,0.456889228047624
V3.mp4,125,0,1,0.5660657050662969
V3.mp4,126,0,1,0.5403624538401829
V3.mp4,127,0,1,0.5632015149435448
V3.mp4,128,0,1,0.6755242354901783
V3.mp4,129,0,1,0.6860434345328109
V3.mp4,130,0,1,0.8021125598684955
V3.mp4,131,0,1,0.5650054075559172
V3.mp4,132,0,0,0.4781163296218153
V3.mp4,133,0,1,0.5911461290664081
V3.mp4,134,0,1,0.5589710656558449
V3.mp4,135,0,1,0.7275491374029608
V3.mp4,136,0,1,0.6393874038628368
V3.mp4,137,0,1,0.5664024523132666
V3.mp4,138,0,1,0.5293947925762167
V3.mp4,139,0,0,0.43709894397527593
V3.mp4,140,0,0,0.4433014768174706
V3.mp4,141,0,0,0.4010574768599944
V3.mp4,142,0,0,0.4703390666203936
V3.mp4,143,0,0,0.41775418726005453
V3.mp4,144,0,0,0.454557455786034
V3.mp4,145,0,0,0.44819191683724907
V3.mp4,146,0,0,0.4588036898378446
V3.mp4,147,0,1,0.5394068416140387
V3.mp4,148,0,1,0.5116822085763836
V3.mp4,149,0,1,0.5520756224097497
V3.mp4,150,0,0,0.49871425923033613
V3.mp4,151,0,0,0.4697485101140744
V4.mp4,1,0,0,0.23692132520117204
V4.mp4,2,0,0,0.2611860370288752
V4.mp4,3,0,0,0.39416002608916106
V4.mp4,4,0,0,0.3944075238297444
V4.mp4,5,0,0,0.35985905241225186
V4.mp4,6,0,0,0.3727413418765726
V4.mp4,7,0,0,0.29927785803499046
V4.mp4,8,0,0,0.30424783787656934
V4.mp4,9,0,0,0.2782658777398158
V4.mp4,10,0,0,0.24937856258086763
V4.mp4,11,0,0,0.28355993225964987
V4.mp4,12,0,0,0.2823073400218589
V4.mp4,13,0,0,0.3224471326783069
V4.mp4,14,0,0,0.2887255627926661
V4.mp4,15,0,0,0.3193528930933134
V4.mp4,16,0,0,0.33277401939626017
V4.mp4,17,0,0,0.3346671646544653
V4.mp4,18,0,0,0.33487419948352154
V4.mp4,19,0,0,0.3179056378739155
V4.mp4,20,0,0,0.3107059319352908
V4.mp4,21,0,0,0.30457577875095554
V4.mp4,22,0,0,0.269428870719331
V4.mp4,23,0,0,0.27771688803676164
V4.mp4,24,0,0,0.26270502376391874
V4.mp4,25,0,0,0.2956021987648218
V4.mp4,26,0,0,0.2862401678835402
V4.mp4,27,0,0,0.29438722860953764
V4.mp4,28,0,0,0.31071009754480083
V4.mp4,29,0,0,0.3037962619104152
V4.mp4,30,0,0,0.315926152745672
V4.mp4,31,0,0,0.2861662316483559
V4.mp4,32,0,0,0.2864080032124523
V4.mp4,33,0,0,0.26869052660966003
V4.mp4,34,0,0,0.31581954956519
V4.mp4,35,1,0,0.42704750128128577
V4.mp4,36,1,1,0.5446346889530466
V4.mp4,37,1,1,0.6265069474365633
V4.mp4,38,1,1,0.6766888600521952
V4.mp4,39,1,1,0.6200567298022646
V4.mp4,40,0,1,0.6994439366324949
V4.mp4,41,0,0,0.25424816621925683
V4.mp4,42,0,0,0.13280795147909605
V4.mp4,43,0,0,0.24151502965402794
V4.mp4,44,0,0,0.2618820920390758
V4.mp4,45,0,0,0.2531542189238396
V4.mp4,46,0,0,0.26852470342134804
V4.mp4,47,0,0,0.2807738822363104
V4.mp4,48,0,0,0.2893574562815762
V4.mp4,49,0,0,0.32130413772378424
V4.mp4,50,0,0,0.2948768610735318
V4.mp4,51,0,0,0.3670253940601786
V4.mp4,52,0,0,0.2680568779161674
V4.mp4,53,0,0,0.3135800924509904
V4.mp4,54,0,0,0.23468693470381558
V4.mp4,55,0,0,0.1911706159109944
V4.mp4,56,0,0,0.23713321851141517
V4.mp4,57,0,0,0.18341232754031725
V4.mp4,58,0,0,0.2543760807503928
V4.mp4,59,0,0,0.3205473019947393
V4.mp4,60,0,0,0.2567802455250846
V4.mp4,61,0,0,0.31349267315982204
V4.mp4,62,0,0,0.3654049072432571
V4.mp4,63,0,0,0.36565830979222314
V4.mp4,64,0,0,0.35802198760280257
V4.mp4,65,0,0,0.3010916684268653
V4.mp4,66,0,0,0.2742752244545214
V4.mp4,67,0,0,0.3722393358400127
V4.mp4,68,0,0,0.2708780348839422
V4.mp4,69,0,0,0.2611805365570008
V4.mp4,70,0,0,0.3036373690813496
V4.mp4,71,0,0,0.2836530000908122
V4.mp4,72,0,0,0.29000230681584466
V4.mp4,73,0,0,0.2806077669130072
V4.mp4,74,0,0,0.2587244182917439
V4.mp4,75,0,0,0.2671248841266422
V4.mp4,76,0,0,0.2444664427431061
V5.mp4,1,0,0,0.36140640313573974
V5.mp4,2,0,0,0.3417070396109166
V5.mp4,3,0,0,0.49728087569694285
V5.mp4,4,0,1,0.5753009482536345
V5.mp4,5,0,1,0.6582707285153211
V5.mp4,6,0,1,0.7954420064343922
V5.mp4,7,0,1,0.6311243800241368
V5.mp4,8,0,1,0.8851750965778918
V5.mp4,9,0,1,0.5001098953311166
V5.mp4,10,0,1,0.8406030349293606
V5.mp4,11,0,1,0.780259813876873
V5.mp4,12,0,0,0.4725932831137709
V5.mp4,13,0,1,0.7106831875535238
V5.mp4,14,0,0,0.46412624163771987
V5.mp4,15,0,1,0.789671539646132
V5.mp4,16,0,1,0.5391342662251115
V5.mp4,17,0,1,0.6139623576712585
V5.mp4,18,0,0,0.36612039619853715
V5.mp4,19,0,0,0.31748522318582395
V5.mp4,20,0,0,0.3729192882062796
V5.mp4,21,0,0,0.3739957900241075
V5.mp4,22,0,0,0.4233199305430661
V5.mp4,23,0,0,0.40606225977997734
V5.mp4,24,0,0,0.48147165471056486
V5.mp4,25,0,0,0.3893311358352527
V5.mp4,26,0,1,0.5166453952721741
V5.mp4,27,0,0,0.43085025647379765
V5.mp4,28,0,1,0.5825732809142041
V5.mp4,29,0,0,0.47992291542216325
V5.mp4,30,0,1,0.6054024172358484
V5.mp4,31,0,0,0.4801100848230879
V5.mp4,32,0,1,0.6274082307717198
V5.mp4,33,0,0,0.3744408054477469
V5.mp4,34,0,0,0.38793131193156893
V5.mp4,35,0,0,0.3425983261856171
V5.mp4,36,0,0,0.3941744353243492
V5.mp4,37,0,0,0.42718642438503185
V5.mp4,38,0,0,0.4521924562929503
V5.mp4,39,0,0,0.4405171996136413
V5.mp4,40,0,0,0.45652830379629933
V5.mp4,41,0,0,0.428345270292059
V5.mp4,42,0,0,0.468626024608975
V5.mp4,43,0,0,0.45388313757198195
V5.mp4,44,0,1,0.594707129547611
V5.mp4,45,0,1,0.6246410045867647
V5.mp4,46,0,1,0.6573370604161495
V5.mp4,47,0,1,0.7525292049055767
V5.mp4,48,0,1,0.6992857250908276
V5.mp4,49,0,1,0.5501352094951327
V5.mp4,50,0,1,0.5883604571541944
V5.mp4,51,0,1,0.6453967943029916
V5.mp4,52,0,1,0.5818249113226666
V5.mp4,53,0,1,0.5667640872484381
V5.mp4,54,0,1,0.5405004012111085
V5.mp4,55,0,1,0.6904539434804028
V5.mp4,56,0,1,0.5433559565197534
V5.mp4,57,0,1,0.5204799066584168
V5.mp4,58,0,0,0.43945788419471515
V5.mp4,59,1,0,0.4890777451932286
V5.mp4,60,1,1,0.5406674694217725
V5.mp4,61,1,1,0.605070273621166
V5.mp4,62,1,1,0.6881489286931857
V5.mp4,63,1,1,0.5240968039050712
V5.mp4,64,0,1,0.6499548206135055
V5.mp4,65,0,1,0.5072703608880279
V5.mp4,66,0,0,0.36394334956507235
V5.mp4,67,0,0,0.3320789807550377
V5.mp4,68,0,0,0.3456387084006985
V5.mp4,69,0,0,0.3223160495999736
V5.mp4,70,0,0,0.34208781263133364
V5.mp4,71,0,0,0.3271210653359065
V5.mp4,72,0,0,0.4209707205026906
V5.mp4,73,0,0,0.421719033322573
V5.mp4,74,0,1,0.5722220546452677
V5.mp4,75,0,1,0.610609598228604
V5.mp4,76,0,0,0.4526105249235214
V5.mp4,77,0,0,0.4996345536899552
V5.mp4,78,0,0,0.32370844345484995
V5.mp4,79,0,1,0.5585935250817394
V5.mp4,80,0,0,0.40365691368151363
V5.mp4,81,0,1,0.5139345576939596
V5.mp4,82,0,1,0.5551289809713607
V5.mp4,83,0,1,0.7102343533842597
V5.mp4,84,0,1,0.6950504927928173
V5.mp4,85,0,1,0.6078653992558103
V5.mp4,86,0,1,0.5839376728427851
V5.mp4,87,0,1,0.5991902640456647
V5.mp4,88,0,1,0.6247632593758148
V5.mp4,89,0,1,0.5769841721468731
V5.mp4,90,0,1,0.6336899131445101
V5.mp4,91,0,1,0.6119214985083341
V5.mp4,92,0,1,0.7017929348520636
V5.mp4,93,0,1,0.6063495063206514
V5.mp4,94,0,0,0.4946365418627233
V5.mp4,95,0,0,0.48178341065266556
V5.mp4,96,0,1,0.5092281192436678
V5.mp4,97,0,0,0.4653485869974207
V5.mp4,98,0,0,0.43788430856109123
V5.mp4,99,0,0,0.18025380448659797
V6.mp4,1,0,0,0.3323090360410939
V6.mp4,2,0,0,0.3480828691448675
V6.mp4,3,0,0,0.48243154369285574
V6.mp4,4,0,0,0.45283952337031635
V6.mp4,5,0,0,0.35353627995329545
V6.mp4,6,0,0,0.41259104865428475
V6.mp4,7,0,0,0.33101533507809794
V6.mp4,8,0,0,0.36608101319549624
V6.mp4,9,0,0,0.363105798850449
V6.mp4,10,0,0,0.3754746956110281
V6.mp4,11,0,0,0.362493447813766
V6.mp4,12,0,0,0.32844284535595597
V6.mp4,13,0,0,0.33006324165054657
V6.mp4,14,0,0,0.3339732560316451
V6.mp4,15,0,0,0.3639523482023334
V6.mp4,16,0,0,0.35366472144601335
V6.mp4,17,0,0,0.37894042113119697
V6.mp4,18,0,0,0.36376031472943005
V6.mp4,19,0,0,0.33741052317065073
V6.mp4,20,0,0,0.40932114614006904
V6.mp4,21,0,0,0.3535569854534156
V6.mp4,22,0,0,0.42222980542887406
V6.mp4,23,0,0,0.4251595409601626
V6.mp4,24,0,0,0.45810212522777477
V6.mp4,25,0,0,0.4079012814071725
V6.mp4,26,0,0,0.40384383579722294
V6.mp4,27,0,0,0.3858204685286579
V6.mp4,28,0,0,0.3264470032119134
V6.mp4,29,0,0,0.3580587769348042
V6.mp4,30,0,0,0.32558200412105825
V6.mp4,31,0,0,0.3549408577259221
V6.mp4,32,0,0,0.34160102628577566
V6.mp4,33,0,0,0.36584843792643257
V6.mp4,34,0,0,0.3692365926539274
V6.mp4,35,0,0,0.36017243265100707
V6.mp4,36,0,0,0.3826497206188702
V6.mp4,37,0,0,0.4322195310762541
V6.mp4,38,0,1,0.5106603824675437
V6.mp4,39,0,0,0.4288402467111498
V6.mp4,40,0,0,0.3945290723803308
V6.mp4,41,0,0,0.41291211520483356
V6.mp4,42,0,0,0.3897359604257203
V6.mp4,43,0,0,0.391216452846849
V6.mp4,44,0,0,0.3327531935195196
V6.mp4,45,0,0,0.29468182802138676
V6.mp4,46,0,0,0.34542872703389
V6.mp4,47,0,0,0.299520904947946
V6.mp4,48,0,0,0.3550720997819779
V6.mp4,49,0,0,0.35999578474681904
V6.mp4,50,0,0,0.39834238290358964
V6.mp4,51,0,0,0.40364171342371596
V6.mp4,52,0,0,0.33577668606475286
V6.mp4,53,0,0,0.3173344037283474
V6.mp4,54,0,0,0.26425695186378145
V6.mp4,55,0,0,0.2646038206804527
V6.mp4,56,1,0,0.3035886761855355
V6.mp4,57,1,0,0.49177655740618886
V6.mp4,58,1,1,0.7672857761633786
V6.mp4,59,1,1,0.8362861603422757
V6.mp4,60,1,1,0.7465770041265932
V6.mp4,61,0,1,0.9317619780336867
V6.mp4,62,0,1,0.6896588561686925
V6.mp4,63,0,0,0.43497931094325515
V6.mp4,64,0,1,0.5229704984326089
V6.mp4,65,0,0,0.2755023583925817
V6.mp4,66,0,0,0.4080811254767525
V6.mp4,67,0,0,0.37009155930041776
V6.mp4,68,0,0,0.32833968016464343
V6.mp4,69,0,0,0.3588258086070867
V6.mp4,70,0,0,0.3824096803202812
V6.mp4,71,0,0,0.30924947699327965
V6.mp4,72,0,0,0.3664238584595296
V6.mp4,73,0,0,0.37955524375059785
V6.mp4,74,0,1,0.5269578013806863
V6.mp4,75,0,0,0.47583562224626935
V6.mp4,76,0,1,0.5157245650779285
V6.mp4,77,0,1,0.5111450963922795
V6.mp4,78,0,1,0.5860310766859355
V6.mp4,79,0,0,0.3293891070497978
V6.mp4,80,0,0,0.354983192673345
V6.mp4,81,0,0,0.36872872796484846
V6.mp4,82,0,0,0.3561254590885576
V6.mp4,83,0,0,0.35824996869004233
V6.mp4,84,0,0,0.3443839186967654
V6.mp4,85,0,0,0.29336236541516
V6.mp4,86,0,0,0.30245900684547494
V6.mp4,87,0,0,0.35921624290854837
V6.mp4,88,0,0,0.4305568576307219
V6.mp4,89,0,0,0.4124134126516397
V6.mp4,90,0,1,0.5980473345809988
V6.mp4,91,0,1,0.5582525768106608
V6.mp4,92,0,1,0.7324327414008606
V6.mp4,93,0,1,0.5774089243610343
V6.mp4,94,0,0,0.46754870040581215
V6.mp4,95,0,1,0.7895321333269668
V6.mp4,96,0,1,0.6257424859592187
V6.mp4,97,0,1,0.6644183053131508
V6.mp4,98,0,0,0.39077127517779675
V6.mp4,99,0,1,0.7424928114424908
V6.mp4,100,0,1,0.539327096636812
V6.mp4,101,0,1,0.5688026777789091
V6.mp4,102,0,1,0.6175909843080705
V6.mp4,103,0,1,0.6609786577972094
V6.mp4,104,0,1,0.6451539274424766
V6.mp4,105,0,1,0.732372303467605
V6.mp4,106,0,1,0.7122094495086329
V6.mp4,107,0,1,0.6968627898131313
V6.mp4,108,0,1,0.660416413276632
V6.mp4,109,0,1,0.6868326570360962
V6.mp4,110,0,1,0.7790226703612799
V6.mp4,111,0,1,0.828381982155959
V6.mp4,112,0,1,0.6822827942737651
V6.mp4,113,0,1,0.5848562862332087
V6.mp4,114,0,1,0.6454327190786028
V6.mp4,115,0,1,0.701548612369906
V6.mp4,116,0,1,0.6560769972584931
V6.mp4,117,0,1,0.7863943846537579
V6.mp4,118,0,1,0.6931894404397012
V6.mp4,119,0,1,0.7136130128692255
V6.mp4,120,0,0,0.41911636213344017
V6.mp4,121,0,1,0.6983339424718581
V6.mp4,122,0,1,0.5613611060252228
V6.mp4,123,0,1,0.59535387822605
V6.mp4,124,0,1,0.6264712427662045
V6.mp4,125,0,1,0.7061130069525733
V6.mp4,126,0,1,0.72659436538349
V6.mp4,127,0,1,0.6783463332000598
V6.mp4,128,0,1,0.6254788101755371
V6.mp4,129,0,1,0.6389068280293093
V6.mp4,130,0,1,0.7056690275410993
V6.mp4,131,0,1,0.5880239029689767
V6.mp4,132,0,0,0.4837706778964981
V6.mp4,133,0,1,0.5681621442186051
V6.mp4,134,0,1,0.655992556351809
V6.mp4,135,0,1,0.6295402568010148
V6.mp4,136,0,0,0.491229264202855
V6.mp4,137,0,1,0.5492675648934827
V6.mp4,138,0,1,0.6148173749928885
V6.mp4,139,0,1,0.5620323807825077
V6.mp4,140,0,0,0.4178286008721269
V6.mp4,141,0,0,0.3744905625349645
V7.mp4,1,0,0,0.2921778352212083
V7.mp4,2,0,0,0.30796825255226384
V7.mp4,3,0,1,0.619494130018395
V7.mp4,4,0,0,0.4168126867425677
V7.mp4,5,0,0,0.34425903599816354
V7.mp4,6,0,0,0.44072987093654586
V7.mp4,7,0,0,0.42234431183927446
V7.mp4,8,0,0,0.298748724802186
V7.mp4,9,0,0,0.31948952274499015
V7.mp4,10,0,0,0.2997126454595571
V7.mp4,11,0,0,0.2970030883254327
V7.mp4,12,0,0,0.3132331461801421
V7.mp4,13,0,0,0.32291643587449126
V7.mp4,14,0,0,0.3394363109805664
V7.mp4,15,0,0,0.37348701429689957
V7.mp4,16,0,0,0.3355443470371287
V7.mp4,17,0,0,0.31147000208112335
V7.mp4,18,0,0,0.3216191160893394
V7.mp4,19,0,0,0.28725159540553585
V7.mp4,20,0,0,0.3497075880799025
V7.mp4,21,0,0,0.30367947885790897
V7.mp4,22,0,0,0.3437794800740348
V7.mp4,23,0,0,0.3249529523826628
V7.mp4,24,0,0,0.35248865277007463
V7.mp4,25,0,0,0.38001560468191675
V7.mp4,26,0,0,0.36037258335310485
V7.mp4,27,0,0,0.3469709473258245
V7.mp4,28,0,0,0.39793204829421375
V7.mp4,29,0,0,0.406344051025338
V7.mp4,30,0,0,0.416964433153526
V7.mp4,31,0,0,0.40560226790251414
V7.mp4,32,0,0,0.35881016341193434
V7.mp4,33,0,0,0.31472225205243887
V7.mp4,34,0,0,0.43255354473330165
V7.mp4,35,0,0,0.4015581887769484
V7.mp4,36,0,1,0.6394013905768611
V7.mp4,37,0,1,0.5071392778524884
V7.mp4,38,0,1,0.799770983823869
V7.mp4,39,0,0,0.39123668342000634
V7.mp4,40,0,0,0.37733408943718555
V7.mp4,41,0,0,0.38385656689410097
V7.mp4,42,0,0,0.31484440947102754
V7.mp4,43,0,0,0.3227160929784478
V7.mp4,44,0,0,0.3420915842170887
V7.mp4,45,0,0,0.3629903447396877
V7.mp4,46,0,0,0.35629640316866207
V7.mp4,47,0,0,0.35776713231181323
V7.mp4,48,0,0,0.4118741801298342
V7.mp4,49,0,0,0.4248865408082131
V7.mp4,50,0,0,0.41644531279257113
V7.mp4,51,0,0,0.385198482806933
V7.mp4,52,0,0,0.3724711156671228
V7.mp4,53,1,0,0.34616964982708665
V7.mp4,54,1,1,0.5888207061488578
V7.mp4,55,1,1,0.7113462986023356
V7.mp4,56,1,1,0.7329290362990303
V7.mp4,57,1,1,0.6205439656301266
V7.mp4,58,0,1,0.8521746211041729
V7.mp4,59,0,1,0.6544346295719614
V7.mp4,60,0,0,0.4258373237687542
V7.mp4,61,0,0,0.3763264482609788
V7.mp4,62,0,0,0.4181117678659338
V7.mp4,63,0,0,0.3003446300686264
V7.mp4,64,0,0,0.34708265788123815
V7.mp4,65,0,0,0.34285910042996903
V7.mp4,66,0,0,0.3941604141676613
V7.mp4,67,0,0,0.3453117379558139
V7.mp4,68,0,0,0.3945170694670522
V7.mp4,69,0,0,0.45864501875444696
V7.mp4,70,0,0,0.4222668889445167
V7.mp4,71,0,0,0.43291664593662615
V7.mp4,72,0,1,0.6645622416552367
V7.mp4,73,0,1,0.6359784275840571
V7.mp4,74,0,1,0.6771353386819958
V7.mp4,75,0,0,0.48443542610370327
V7.mp4,76,0,1,0.7354000537859162
V7.mp4,77,0,0,0.4942163347780933
V7.mp4,78,0,1,0.5567417364391526
V7.mp4,79,0,0,0.40571005233951535
V7.mp4,80,0,0,0.40480146117904847
V7.mp4,81,0,0,0.2999699225124679
V7.mp4,82,0,0,0.4117561867979574
V7.mp4,83,0,0,0.43717925582622175
V7.mp4,84,0,0,0.3962217837666113
V7.mp4,85,0,0,0.4131646907349691
V7.mp4,86,0,1,0.5835107153583143
V7.mp4,87,0,1,0.5684907976336937
V7.mp4,88,0,1,0.7550960178203103
V7.mp4,89,0,1,0.5448136907168164
V7.mp4,90,0,1,0.5786800158320681
V7.mp4,91,0,1,0.5535967434218602
V7.mp4,92,0,1,0.509628508974934
V7.mp4,93,0,1,0.5151091688777913
V7.mp4,94,0,1,0.5023751722908816
V7.mp4,95,0,1,0.5283210323354337
V7.mp4,96,0,0,0.45187644399058724
V7.mp4,97,0,1,0.5618590965936586
V7.mp4,98,0,0,0.45858316828885715
V7.mp4,99,0,0,0.4909140988692674
V7.mp4,100,0,0,0.42168342589275526
V7.mp4,101,0,0,0.4765227956454781
V7.mp4,102,0,0,0.3021832382640958
V7.mp4,103,0,1,0.5185706027004782
V7.mp4,104,0,0,0.4335174548556751
V7.mp4,105,0,0,0.3541541382028138
V7.mp4,106,0,0,0.29576509586828603
V7.mp4,107,0,0,0.45052300684598456
V7.mp4,108,0,0,0.4966242333818267
V7.mp4,109,0,0,0.4732781051599435
V7.mp4,110,0,0,0.42021568390191666
V8.mp4,1,0,0,0.32156429857599167
V8.mp4,2,0,0,0.30843081067971656
V8.mp4,3,0,0,0.41191259933064844
V8.mp4,4,0,0,0.2923293184484741
V8.mp4,5,0,0,0.2569769401731617
V8.mp4,6,0,0,0.284056212109616
V8.mp4,7,0,0,0.3274753879518867
V8.mp4,8,0,0,0.3118024517120025
V8.mp4,9,0,0,0.3937392019796452
V8.mp4,10,0,0,0.39952694739918115
V8.mp4,11,0,0,0.3746266104135679
V8.mp4,12,0,0,0.39245273452896545
V8.mp4,13,0,0,0.40915185370214613
V8.mp4,14,0,0,0.433923044809489
V8.mp4,15,0,0,0.381111831702203
V8.mp4,16,0,0,0.3400259981674136
V8.mp4,17,0,0,0.36422756750943414
V8.mp4,18,0,0,0.31761973514594866
V8.mp4,19,0,0,0.20448973026505496
V8.mp4,20,0,0,0.24016290092508885
V8.mp4,21,0,0,0.3119621515052132
V8.mp4,22,0,0,0.3609683565307886
V8.mp4,23,0,0,0.3614446367518003
V8.mp4,24,0,0,0.3552822658499107
V8.mp4,25,0,0,0.4007047254310122
V8.mp4,26,0,0,0.412706797784656
V8.mp4,27,0,0,0.348095226171125
V8.mp4,28,0,0,0.36360988557886825
V8.mp4,29,0,0,0.4541387696040538
V8.mp4,30,0,1,0.7445602153684118
V8.mp4,31,0,1,0.7863108896213714
V8.mp4,32,0,1,0.5905454716496169
V8.mp4,33,0,1,0.9201367934495356
V8.mp4,34,0,0,0.48805143531656225
V8.mp4,35,0,0,0.24799835761279157
V8.mp4,36,0,0,0.3477498280042051
V8.mp4,37,0,0,0.38026549863851833
V8.mp4,38,0,0,0.33791472702799463
V8.mp4,39,0,0,0.3973562038048676
V8.mp4,40,0,0,0.33906967801926835
V8.mp4,41,0,0,0.4190809014774884
V8.mp4,42,0,0,0.38392771463360814
V8.mp4,43,0,0,0.4367274387444301
V8.mp4,44,0,0,0.388374293372996
V8.mp4,45,0,0,0.357209651633522
V8.mp4,46,0,0,0.3686973561141886
V8.mp4,47,0,0,0.4250107354127702
V8.mp4,48,0,0,0.35612317425827317
V8.mp4,49,0,0,0.3743287733556784
V8.mp4,50,0,0,0.3798836892269515
V8.mp4,51,1,0,0.35780856893827384
V8.mp4,52,1,1,0.6876537621243487
V8.mp4,53,1,1,0.7323967383877908
V8.mp4,54,1,1,0.9141186161474567
V8.mp4,55,1,1,0.6842439083177667
V8.mp4,56,0,1,0.9824954612611859
V8.mp4,57,0,1,0.6499814815013273
V8.mp4,58,0,0,0.42553666853671923
V8.mp4,59,0,0,0.4129070890019574
V8.mp4,60,0,0,0.42684818084520015
V8.mp4,61,0,0,0.3445708254741665
V8.mp4,62,0,0,0.38526440391023503
V8.mp4,63,0,0,0.3806174098458848
V8.mp4,64,0,0,0.3756178451316602
V8.mp4,65,0,0,0.312574615790505
V8.mp4,66,0,0,0.3758426092389419
V8.mp4,67,0,0,0.4363286409172622
V8.mp4,68,0,0,0.4401183550437452
V8.mp4,69,0,0,0.35263950815677936
V8.mp4,70,0,0,0.4333069802415589
V8.mp4,71,0,0,0.19301900534689398
V8.mp4,72,0,1,0.5052323164483478
V8.mp4,73,0,0,0.27206348816280196
V8.mp4,74,0,0,0.3179001461070487
V8.mp4,75,0,0,0.30241383021463514
V8.mp4,76,0,0,0.3246116584416833
V8.mp4,77,0,0,0.3066437697472511
V8.mp4,78,0,0,0.32214753096305543
V8.mp4,79,0,0,0.36336412975498983
V8.mp4,80,0,0,0.38946338827061594
V8.mp4,81,0,0,0.4422074491049706
V8.mp4,82,0,0,0.47648986148270683
V8.mp4,83,0,0,0.43193466548190446
V8.mp4,84,0,0,0.46531222659168736
V8.mp4,85,0,0,0.41246804346183574
V8.mp4,86,0,0,0.3881221216395174
V8.mp4,87,0,0,0.42091728356899105
V8.mp4,88,0,0,0.3663887513343025
V8.mp4,89,0,0,0.4192828400645453
V8.mp4,90,0,0,0.4064257619652631
V8.mp4,91,0,1,0.5085488237741196
V8.mp4,92,0,1,0.511292092879166
V8.mp4,93,0,1,0.607591493935589
V8.mp4,94,0,1,0.5615976138962482
V8.mp4,95,0,1,0.7626445258339822
V8.mp4,96,0,1,0.6890140789518533
V8.mp4,97,0,1,0.5234385646588127
V8.mp4,98,0,1,0.7472394198279206
V8.mp4,99,0,1,0.6217638236817695
V8.mp4,100,0,1,0.847865328515863
V8.mp4,101,0,1,0.5609693445729371
V8.mp4,102,0,1,0.502013408067121
V8.mp4,103,0,0,0.48706413088077344
V8.mp4,104,0,0,0.47642374310303587
V8.mp4,105,0,0,0.47234262153068535
V8.mp4,106,0,1,0.5146008870869831
V8.mp4,107,0,1,0.5096846431833462
V8.mp4,108,0,1,0.5253851643736465
V8.mp4,109,0,1,0.6156874173790591
V8.mp4,110,0,1,0.5712804820917273
V8.mp4,111,0,1,0.7024666234294412
V8.mp4,112,0,1,0.5936036632325837
V8.mp4,113,0,1,0.5951491651338884
V8.mp4,114,0,1,0.5961381226989303
V8.mp4,115,0,1,0.7291394389579522
V8.mp4,116,0,1,0.5478237017848985
V8.mp4,117,0,1,0.7279312859361325
V8.mp4,118,0,1,0.5977338422826489
V8.mp4,119,0,1,0.8016910655977633
V8.mp4,120,0,1,0.5489968526839895
V8.mp4,121,0,0,0.4713850159580493
V8.mp4,122,0,0,0.4823513372042435
V8.mp4,123,0,0,0.40346985434561183
V8.mp4,124,0,0,0.4510237262717185
V8.mp4,125,0,0,0.4623496456985269
V8.mp4,126,0,0,0.40573163481423946
V8.mp4,127,0,0,0.4349641857799377
V9.mp4,1,0,0,0.4062797418733842
V9.mp4,2,0,0,0.45337332131658825
V9.mp4,3,0,1,0.5404432326571901
V9.mp4,4,0,1,0.5992422984419764
V9.mp4,5,0,1,0.7145490664333005
V9.mp4,6,0,1,0.7201780330761749
V9.mp4,7,0,1,0.7038653984515485
V9.mp4,8,0,1,0.6036522287375542
V9.mp4,9,0,1,0.6140415083785794
V9.mp4,10,0,1,0.6269872379878388
V9.mp4,11,0,1,0.5647897229037366
V9.mp4,12,0,1,0.6087312677809152
V9.mp4,13,0,1,0.6031524507766414
V9.mp4,14,0,1,0.6016529319322854
V9.mp4,15,0,1,0.5764907395397829
V9.mp4,16,0,1,0.5933428561743614
V9.mp4,17,0,1,0.6095307965748874
V9.mp4,18,0,1,0.6440275586368206
V9.mp4,19,0,1,0.6774751979377456
V9.mp4,20,0,1,0.6797705769070735
V9.mp4,21,0,1,0.6566121897899029
V9.mp4,22,0,1,0.6182361909918219
V9.mp4,23,0,1,0.5952164324237303
V9.mp4,24,0,1,0.5568517799092939
V9.mp4,25,0,1,0.5524448564012377
V9.mp4,26,0,1,0.575432047207737
V9.mp4,27,0,1,0.6005079848639431
V9.mp4,28,0,1,0.6106383394723953
V9.mp4,29,0,1,0.6191507462706318
V9.mp4,30,0,1,0.6384141874906569
V9.mp4,31,0,1,0.6526002600193341
V9.mp4,32,0,1,0.658196792097151
V9.mp4,33,0,1,0.6477655126968503
V9.mp4,34,0,1,0.647607450573098
V9.mp4,35,0,1,0.6552862704559765
V9.mp4,36,0,1,0.6836824947840681
V9.mp4,37,0,1,0.7348489415751666
V9.mp4,38,0,1,0.7677225529922919
V9.mp4,39,0,1,0.7835045358711933
V9.mp4,40,0,1,0.7726454073706687
V9.mp4,41,0,1,0.7595001870273244
V9.mp4,42,0,1,0.7466544915056942
V9.mp4,43,0,1,0.7431281450748447
V9.mp4,44,0,1,0.7365949541498178
V9.mp4,45,0,1,0.6901862685083421
V9.mp4,46,0,1,0.661197032726125
V9.mp4,47,0,1,0.6640981402336283
V9.mp4,48,0,1,0.6513008776774483
V9.mp4,49,0,1,0.662912905158586
V9.mp4,50,0,1,0.6661361753556767
V9.mp4,51,0,1,0.6522956885805272
V9.mp4,52,0,1,0.6712714461460646
V9.mp4,53,0,1,0.659719963909244
V9.mp4,54,0,1,0.6689660190423812
V9.mp4,55,0,1,0.6579858273974418
V9.mp4,56,0,1,0.6736921651221366
V9.mp4,57,0,1,0.6782268358772502
V9.mp4,58,0,1,0.6574458624183769
V9.mp4,59,0,1,0.639541283775132
V9.mp4,60,0,1,0.6075465997330813
V9.mp4,61,0,1,0.5230675179179174
V9.mp4,62,0,0,0.4434187039819323
V9.mp4,63,0,0,0.4377455274662319
V9.mp4,64,0,0,0.43028526489243907
V9.mp4,65,0,0,0.3854455303701155
V9.mp4,66,0,0,0.40591827075696196
V9.mp4,67,0,0,0.4911052749516195
V9.mp4,68,0,1,0.6244315016547184
V9.mp4,69,0,0,0.47864633126049644
V9.mp4,70,0,1,0.6316031609303202
V9.mp4,71,0,0,0.4627120416861929
V9.mp4,72,0,0,0.4317843945800164
V9.mp4,73,0,0,0.35349813696412663
V9.mp4,74,0,0,0.45792350430170825
V9.mp4,75,0,0,0.403473063990859
V9.mp4,76,0,0,0.33810015645311026
V9.mp4,77,0,0,0.38545651070463965
V9.mp4,78,0,0,0.45068796712935216
V9.mp4,79,0,1,0.5159833900205526
V9.mp4,80,0,1,0.5222989556440991
V9.mp4,81,0,1,0.5475414460406036
V9.mp4,82,0,1,0.5236993087979139
V9.mp4,83,0,0,0.4837173241146143
V9.mp4,84,0,0,0.41436763916341246
V9.mp4,85,0,0,0.39009695565309904
V9.mp4,86,0,0,0.41894761426966687
V9.mp4,87,0,0,0.4373849479545488
V9.mp4,88,0,0,0.43486565873110994
V9.mp4,89,0,0,0.4306241316057425
V9.mp4,90,0,0,0.3945327743667913
V9.mp4,91,0,0,0.3468794971218506
V9.mp4,92,0,0,0.32915261406263274
V9.mp4,93,0,0,0.32452151077020885
V9.mp4,94,0,0,0.33163396769163
V9.mp4,95,0,0,0.395274830810753
V9.mp4,96,0,0,0.41866853634490403
V9.mp4,97,0,0,0.477925184586807
V9.mp4,98,0,1,0.5195886004411122
V9.mp4,99,0,1,0.5541890703094958
V9.mp4,100,0,1,0.5969021194777571
V9.mp4,101,0,1,0.6454111448489941
V9.mp4,102,0,1,0.6597688214494571
V9.mp4,103,0,1,0.6587835664335463
V9.mp4,104,0,1,0.5744664609113315
V9.mp4,105,0,1,0.5248437417647466
V9.mp4,106,0,0,0.4878250514011682
V9.mp4,107,0,1,0.5386061983843039
V9.mp4,108,0,1,0.5415630721871957
V9.mp4,109,0,0,0.29709161302403697
V9.mp4,110,0,0,0.3987372181893668
V9.mp4,111,0,1,0.5201748752238134
V9.mp4,112,0,1,0.5463132675562947
V9.mp4,113,0,1,0.5173817530291479
V9.mp4,114,0,1,0.5766569003192886
V9.mp4,115,0,1,0.5081364574847614
V9.mp4,116,0,0,0.3425655284990848
V9.mp4,117,0,1,0.5926071726907639
V9.mp4,118,0,1,0.55885765051938
V9.mp4,119,0,1,0.5658466154360329
V9.mp4,120,0,0,0.4002707888922211
V9.mp4,121,0,0,0.19638633769334235
V9.mp4,122,0,0,0.4764856527604436
V9.mp4,123,0,0,0.4218977160894693
V9.mp4,124,0,0,0.367562113551812
V9.mp4,125,0,0,0.28218009852963505
V9.mp4,126,0,0,0.39013175527256594
V9.mp4,127,0,0,0.3944394079149746
V9.mp4,128,0,0,0.4369492963343488
V9.mp4,129,0,0,0.4830579729093622
V9.mp4,130,0,0,0.4488986985698074
V9.mp4,131,0,0,0.2827893737763033
V9.mp4,132,0,0,0.23690676432402455
V9.mp4,133,0,0,0.23796447540208956
V9.mp4,134,0,1,0.5142707026093548
V9.mp4,135,0,0,0.4743705542412824
V9.mp4,136,0,1,0.5021573909866859
V9.mp4,137,0,1,0.5007086241098481
V9.mp4,138,0,1,0.5142446855663505
V9.mp4,139,0,1,0.5066108938231432
V9.mp4,140,0,1,0.5144133381504171
V9.mp4,141,0,0,0.4835007722525013
V9.mp4,142,0,0,0.4770388108046598
V9.mp4,143,0,0,0.47259611116075967
V9.mp4,144,0,1,0.5042735625691049
V9.mp4,145,0,1,0.5010700896968489
V9.mp4,146,0,1,0.5128691098485242
V9.mp4,147,0,0,0.4981325049420472
V9.mp4,148,0,0,0.45170352607883396
V9.mp4,149,0,0,0.4649455423333418
V9.mp4,150,0,0,0.4634100758118848
V9.mp4,151,0,1,0.5099115503887025
V9.mp4,152,0,1,0.5193209866716842
V9.mp4,153,0,1,0.5201376323695754
V9.mp4,154,0,1,0.5400274811672164
V9.mp4,155,0,1,0.5020399998062642
V9.mp4,156,0,0,0.4804162326559777
V9.mp4,157,0,0,0.46232031581435695
V9.mp4,158,0,0,0.45137153407241315
V9.mp4,159,0,0,0.46337502519977186
V9.mp4,160,0,0,0.4190105005060301
V9.mp4,161,0,0,0.46293515295775783
V9.mp4,162,0,0,0.47027821094634104
V9.mp4,163,0,0,0.4798931249982483
V9.mp4,164,0,0,0.474330358854457
V9.mp4,165,0,0,0.4960234343321603
V9.mp4,166,0,0,0.4896394095654317
V9.mp4,167,0,0,0.4536854957077624
V9.mp4,168,0,0,0.4057627510660222
V9.mp4,169,0,0,0.3776633252334094
V9.mp4,170,0,0,0.351075807023944
V9.mp4,171,0,0,0.33863320735797686
V9.mp4,172,0,0,0.31378834804207245
V9.mp4,173,0,0,0.2996302536935268
V9.mp4,174,0,0,0.3111128426404366
V9.mp4,175,0,0,0.30526746336755967
V9.mp4,176,0,0,0.3160034404953738
V9.mp4,177,0,0,0.33288172301448676
V9.mp4,178,0,0,0.34835017154133807
V9.mp4,179,0,0,0.3516935871011454
V9.mp4,180,0,0,0.36393876035768014
V9.mp4,181,0,0,0.3665085736456871
V9.mp4,182,0,0,0.3534677133048264
V9.mp4,183,0,0,0.36342068356266827
V9.mp4,184,0,0,0.3445341877232451
V9.mp4,185,0,0,0.31664390063832293
V9.mp4,186,0,0,0.29435571106087993
V9.mp4,187,0,0,0.3048910786348
V9.mp4,188,0,0,0.32497862357302276
V9.mp4,189,0,0,0.31472517699056873
V9.mp4,190,0,0,0.3068830198719341
V9.mp4,191,0,0,0.28540253500147866
V9.mp4,192,0,0,0.2963801747508753
V9.mp4,193,0,0,0.30017079975306804
V9.mp4,194,0,0,0.32004134847204324
V9.mp4,195,0,0,0.3160261916790801
V9.mp4,196,0,0,0.30820323123397664
V9.mp4,197,0,0,0.30920508049977063
V9.mp4,198,0,0,0.32576429089722897
V9.mp4,199,0,0,0.3697162895610504
V9.mp4,200,0,0,0.36866179402107013
V9.mp4,201,0,0,0.3912815721954461
V9.mp4,202,0,0,0.33099803082115264
V9.mp4,203,0,0,0.31632165274990826
V9.mp4,204,0,0,0.31565510900563193
V9.mp4,205,0,0,0.31726864410498434
V9.mp4,206,0,0,0.30689676729728776
V9.mp4,207,0,0,0.3004532325839081
V9.mp4,208,0,0,0.3039404551373486
V9.mp4,209,0,0,0.2947518675750054
V9.mp4,210,0,0,0.2984453545887718
V9.mp4,211,0,0,0.29886658657606296
V9.mp4,212,0,0,0.31069612660418755
V9.mp4,213,0,0,0.3122154116238165
V9.mp4,214,0,0,0.3056171745236329
V9.mp4,215,0,0,0.30711184651168694
V9.mp4,216,0,0,0.31539742072182314
V9.mp4,217,0,0,0.3421255692167926
V9.mp4,218,0,0,0.31352555468430493
V9.mp4,219,0,0,0.36395377788634325
V9.mp4,220,0,0,0.38683941691280743
V9.mp4,221,0,0,0.4472134592565043
V9.mp4,222,0,0,0.37305978998981343
V9.mp4,223,0,0,0.41019167646842664
V9.mp4,224,0,0,0.3033522261973595
V9.mp4,225,0,0,0.2828215773385821
V9.mp4,226,0,0,0.2802189462338029
V9.mp4,227,0,0,0.3021915311646384
V9.mp4,228,0,0,0.2921071759919598
V9.mp4,229,0,0,0.26877789649861344
V9.mp4,230,0,0,0.28229896294017237
V9.mp4,231,0,0,0.2635346298054985
V9.mp4,232,0,0,0.2582171150199468
V9.mp4,233,0,0,0.269643453993608
V9.mp4,234,0,0,0.26579615735416356
V9.mp4,235,0,0,0.2699532233747554
V9.mp4,236,0,0,0.2841212077113263
V9.mp4,237,0,0,0.3037668842942642
V9.mp4,238,0,0,0.329232500237054
V9.mp4,239,0,0,0.3522137015034288
V9.mp4,240,0,1,0.7895922008441237
V9.mp4,241,1,0,0.38277783114528147
V9.mp4,242,1,1,0.561991366638192
V9.mp4,243,1,1,0.889615986390466
V9.mp4,244,1,1,0.9664557758599311
V9.mp4,245,1,1,0.9860533534476332
V9.mp4,246,0,1,0.9306092859394361
V9.mp4,247,0,1,0.8061364405952571
V9.mp4,248,0,0,0.3632119613622531
V9.mp4,249,0,0,0.2931928112224541
V9.mp4,250,0,0,0.2612543878361165
V9.mp4,251,0,0,0.2845219077464079
V9.mp4,252,0,0,0.2712523760498705
V9.mp4,253,0,0,0.30364353804055444
V9.mp4,254,0,0,0.3404161056878542
V9.mp4,255,0,0,0.35781356344168336
V9.mp4,256,0,0,0.3642311615848256
V9.mp4,257,0,0,0.31904620995809363
V9.mp4,258,0,0,0.28269489449295526
V9.mp4,259,0,0,0.30098009032146145
V9.mp4,260,0,0,0.2989645936165061
V9.mp4,261,0,0,0.31847424453501777
V9.mp4,262,0,0,0.29980181454179944
V9.mp4,263,0,0,0.32089935429450245
V9.mp4,264,0,0,0.3353540426350278
V9.mp4,265,0,0,0.3643384392033797
V9.mp4,266,0,0,0.3398056073320658
V9.mp4,267,0,0,0.3353768609316321
V9.mp4,268,0,0,0.2887239209784469
V9.mp4,269,0,0,0.25402187027318984
V9.mp4,270,0,0,0.2675293099730172
V9.mp4,271,0,0,0.28023620283558076
V9.mp4,272,0,0,0.3000891729487846
V9.mp4,273,0,0,0.2999659976003276
V9.mp4,274,0,0,0.31343870427117126
V9.mp4,275,0,0,0.29529007589123757
V9.mp4,276,0,0,0.2828618772227924
V9.mp4,277,0,0,0.32858458423534237
V9.mp4,278,0,0,0.3947294490447257
V9.mp4,279,0,0,0.4423448351830402
V9.mp4,280,0,0,0.40686475034107533
V9.mp4,281,0,0,0.3887561897376868
V9.mp4,282,0,0,0.39774942996689755
V9.mp4,283,0,1,0.5252235042968237
V9.mp4,284,0,0,0.3038934361814836
V9.mp4,285,0,0,0.4879823017013907
V9.mp4,286,0,1,0.6710136321204667
V9.mp4,287,0,1,0.8434970681399577
V9.mp4,288,0,1,0.8214217908464806
V9.mp4,289,0,1,0.7812570448500635
V9.mp4,290,0,1,0.5659427359227537
V9.mp4,291,0,0,0.30717996653855995
V9.mp4,292,0,0,0.3005759462298993
V9.mp4,293,0,0,0.27869062926279814
V9.mp4,294,0,0,0.2867656412647846
V9.mp4,295,0,0,0.2835234199415875
V9.mp4,296,0,0,0.2862236561440125
V9.mp4,297,0,0,0.27681989675063845
V9.mp4,298,0,0,0.2581730833002934
V9.mp4,299,0,0,0.25167858165933044
V9.mp4,300,0,0,0.239455502741577
V9.mp4,301,0,0,0.2346394953236559
V9.mp4,302,0,0,0.2346394953236559
V9.mp4,303,0,0,0.2346394953236559
