video_name,center_frame,true_label,pred_label,score
V1.mp4,1,0,0,0.1779475281812957
V1.mp4,2,0,0,0.21328914100491064
V1.mp4,3,0,0,0.28376081154286065
V1.mp4,4,0,0,0.3549057528467576
V1.mp4,5,0,1,0.5130107471234465
V1.mp4,6,0,0,0.3611542076728757
V1.mp4,7,0,0,0.33304716628044306
V1.mp4,8,0,0,0.3320754208158948
V1.mp4,9,0,0,0.34008577569445525
V1.mp4,10,0,0,0.3533939671395384
V1.mp4,11,0,0,0.33413344022977126
V1.mp4,12,0,0,0.30823907401562645
V1.mp4,13,0,0,0.29448145554802335
V1.mp4,14,0,0,0.2734738762221942
V1.mp4,15,0,0,0.2744494883833656
V1.mp4,16,0,0,0.2808993094675383
V1.mp4,17,0,0,0.2817544851892508
V1.mp4,18,0,0,0.28695298884120457
V1.mp4,19,0,0,0.2889763870111467
V1.mp4,20,0,0,0.30218535393564555
V1.mp4,21,0,0,0.27444118916743093
V1.mp4,22,0,0,0.27951462132515104
V1.mp4,23,0,0,0.2980765511851563
V1.mp4,24,0,0,0.3409031237088225
V1.mp4,25,0,0,0.33975877920255804
V1.mp4,26,0,0,0.4242268141834122
V1.mp4,27,0,0,0.37889547888041397
V1.mp4,28,0,0,0.27247275419860023
V1.mp4,29,0,0,0.35087578750601267
V1.mp4,30,0,0,0.28265394589635595
V1.mp4,31,0,0,0.2763323491139709
V1.mp4,32,0,0,0.3223267761799591
V1.mp4,33,0,0,0.3249994665859805
V1.mp4,34,0,0,0.3466611779721078
V1.mp4,35,0,0,0.34332920310712617
V1.mp4,36,0,0,0.36482279816536844
V1.mp4,37,0,0,0.38815489325150504
V1.mp4,38,0,0,0.4507098670383104
V1.mp4,39,0,0,0.4104041252298013
V1.mp4,40,0,0,0.3361316342522933
V1.mp4,41,0,0,0.30348943630157066
V1.mp4,42,0,0,0.28421021347391046
V1.mp4,43,0,0,0.2683462314104754
V1.mp4,44,0,0,0.296048744442727
V1.mp4,45,0,0,0.3244922494132753
V1.mp4,46,0,0,0.33406610828273614
V1.mp4,47,0,0,0.35853177896027166
V1.mp4,48,0,0,0.3624638185061392
V1.mp4,49,0,0,0.39827591728739786
V1.mp4,50,0,0,0.4190715936764589
V1.mp4,51,0,0,0.41364953692005973
V1.mp4,52,0,0,0.30746696839447857
V1.mp4,53,0,0,0.3625050203249752
V1.mp4,54,0,0,0.2893872160567785
V1.mp4,55,0,0,0.2687793630186372
V1.mp4,56,0,0,0.2623798939144366
V1.mp4,57,0,0,0.31237926130010873
V1.mp4,58,0,0,0.28789103938548055
V1.mp4,59,0,0,0.3011924347869006
V1.mp4,60,0,0,0.312970529094114
V1.mp4,61,0,0,0.34467202169931854
V1.mp4,62,0,0,0.30902232712360883
V1.mp4,63,0,0,0.3129549339432746
V1.mp4,64,0,0,0.29436918360192876
V1.mp4,65,0,0,0.29536867345858286
V1.mp4,66,0,0,0.2839474782202053
V1.mp4,67,0,0,0.31182105743839456
V1.mp4,68,0,0,0.32843212447211356
V1.mp4,69,0,0,0.3148218002264082
V1.mp4,70,0,0,0.3179074532014136
V1.mp4,71,0,0,0.3236061115895646
V1.mp4,72,0,0,0.36993334036605036
V1.mp4,73,0,0,0.29862080156509435
V1.mp4,74,0,0,0.27757355684365637
V1.mp4,75,0,0,0.2755305922645047
V1.mp4,76,0,0,0.30085210647666505
V1.mp4,77,0,0,0.28547614153911305
V1.mp4,78,0,0,0.28825408089036286
V1.mp4,79,0,0,0.2888258439806474
V1.mp4,80,0,0,0.2851755465146524
V1.mp4,81,0,0,0.29699509703250315
V1.mp4,82,0,0,0.3009636139380196
V1.mp4,83,0,0,0.3004605806784055
V1.mp4,84,0,0,0.30290593031301005
V1.mp4,85,0,0,0.34433808429775986
V1.mp4,86,0,0,0.33962811259582304
V1.mp4,87,0,0,0.3545192439774831
V1.mp4,88,0,0,0.3443947289645005
V1.mp4,89,0,0,0.3347999765364063
V1.mp4,90,0,0,0.303060966101981
V1.mp4,91,0,0,0.3131066722687075
V1.mp4,92,0,0,0.2960636482954851
V1.mp4,93,0,0,0.29487876525726636
V1.mp4,94,0,0,0.32734574463119853
V1.mp4,95,0,0,0.37217999111814526
V1.mp4,96,0,0,0.4642316409832352
V1.mp4,97,0,0,0.49545516823826075
V1.mp4,98,0,0,0.4751997094538749
V1.mp4,99,0,0,0.4501177401970213
V1.mp4,100,0,0,0.4184492170603312
V1.mp4,101,0,0,0.38783456632307123
V1.mp4,102,0,0,0.3142732002188976
V1.mp4,103,0,0,0.27741119065911857
V1.mp4,104,0,0,0.25821844778192043
V1.mp4,105,0,0,0.261965820104369
V1.mp4,106,0,0,0.283568595252379
V1.mp4,107,0,0,0.29190633685774364
V1.mp4,108,0,0,0.3028475816023307
V1.mp4,109,0,0,0.3178574096525854
V1.mp4,110,0,0,0.3289277479584793
V1.mp4,111,0,0,0.37018526233830984
V1.mp4,112,0,0,0.4058891491777271
V1.mp4,113,0,0,0.30864569442518214
V1.mp4,114,0,1,0.547615527571375
V1.mp4,115,0,1,0.5416481438226383
V1.mp4,116,0,1,0.723060178390749
V1.mp4,117,0,1,0.7920001021208879
V1.mp4,118,0,1,0.7721157340866565
V1.mp4,119,0,1,0.5540772324122973
V1.mp4,120,1,1,0.608647992665508
V1.mp4,121,1,1,0.506753914482132
V1.mp4,122,1,0,0.302430840645544
V1.mp4,123,1,0,0.35198439290793787
V1.mp4,124,1,0,0.31369390488207943
V1.mp4,125,0,0,0.2936626604592927
V1.mp4,126,0,0,0.26659122381079847
V1.mp4,127,0,0,0.25689496560207736
V1.mp4,128,0,0,0.24869782245208785
V1.mp4,129,0,0,0.250555981369356
V1.mp4,130,0,0,0.26876662067889945
V1.mp4,131,0,0,0.2906916621756372
V1.mp4,132,0,0,0.2854098846337479
V1.mp4,133,0,0,0.31326751249038604
V1.mp4,134,0,0,0.28388280304924723
V1.mp4,135,0,0,0.2690382002525205
V1.mp4,136,0,0,0.25983612374074594
V1.mp4,137,0,0,0.24976080151944063
V1.mp4,138,0,0,0.2878344332634127
V1.mp4,139,0,0,0.3383051691035949
V1.mp4,140,0,0,0.36191075943708617
V1.mp4,141,0,0,0.35209799195992797
V1.mp4,142,0,0,0.3199316873391363
V1.mp4,143,0,0,0.27942395985616747
V1.mp4,144,0,0,0.2482876532892999
V1.mp4,145,0,0,0.24805023536392207
V1.mp4,146,0,0,0.30768468038996977
V1.mp4,147,0,0,0.34131830579344286
V1.mp4,148,0,0,0.4251336716129878
V1.mp4,149,0,0,0.44651598547676713
V1.mp4,150,0,0,0.43074549910996135
V1.mp4,151,0,0,0.37097321215838147
V1.mp4,152,0,0,0.34764777343980524
V1.mp4,153,0,0,0.3224495644171577
V1.mp4,154,0,0,0.3242256771324827
V1.mp4,155,0,0,0.31549399162888125
V1.mp4,156,0,0,0.3368004575837513
V1.mp4,157,0,0,0.30994097342229976
V1.mp4,158,0,0,0.32138889403347537
V1.mp4,159,0,0,0.3415051936152734
V1.mp4,160,0,0,0.3916339630840139
V1.mp4,161,0,0,0.34218517082325933
V1.mp4,162,0,0,0.360775514350467
V1.mp4,163,0,0,0.3657163568167312
V1.mp4,164,0,0,0.38368882058753
V1.mp4,165,0,0,0.3319774688266137
V1.mp4,166,0,0,0.392443661149153
V1.mp4,167,0,0,0.3411724181697185
V1.mp4,168,0,0,0.3214855750501648
V1.mp4,169,0,0,0.3106473640040545
V1.mp4,170,0,0,0.3161328679922744
V1.mp4,171,0,0,0.32552953346145747
V1.mp4,172,0,0,0.33323395220855684
V1.mp4,173,0,0,0.33672317042739736
V1.mp4,174,0,0,0.3230250818433976
V1.mp4,175,0,0,0.3171559734926132
V1.mp4,176,0,0,0.29670267508137355
V1.mp4,177,0,0,0.30859993493779797
V1.mp4,178,0,0,0.31436574891626845
V1.mp4,179,0,0,0.312682121286809
V1.mp4,180,0,0,0.3170503001746141
V1.mp4,181,0,0,0.311293346195254
V1.mp4,182,0,0,0.31395277953410167
V1.mp4,183,0,0,0.3309073506088162
V1.mp4,184,0,0,0.32187835624313255
V1.mp4,185,0,0,0.3322564178451094
V1.mp4,186,0,0,0.27607906251922804
V1.mp4,187,0,0,0.26464136474114447
V1.mp4,188,0,0,0.2779133509119995
V1.mp4,189,0,0,0.2918169783119059
V1.mp4,190,0,0,0.30587324133906413
V1.mp4,191,0,0,0.30313266390810756
V1.mp4,192,0,0,0.31389765621959204
V1.mp4,193,0,0,0.33646841977151454
V1.mp4,194,0,0,0.3326808779904137
V1.mp4,195,0,0,0.3273660600599231
V1.mp4,196,0,0,0.31804595582284795
V1.mp4,197,0,0,0.3210660303004494
V1.mp4,198,0,0,0.3049728961161731
V1.mp4,199,0,0,0.3171899639406506
V1.mp4,200,0,0,0.3117961161877203
V1.mp4,201,0,0,0.3060801862552252
V1.mp4,202,0,0,0.30421961683934523
V1.mp4,203,0,0,0.34658942479241683
V1.mp4,204,0,0,0.38035902459163123
V1.mp4,205,0,0,0.3473440881452029
V1.mp4,206,0,0,0.31582847050227114
V1.mp4,207,0,0,0.3588759187357821
V1.mp4,208,0,0,0.3110593439843272
V1.mp4,209,0,0,0.3264489520951328
V1.mp4,210,0,0,0.34061052987530244
V1.mp4,211,0,0,0.33711625628841174
V1.mp4,212,0,0,0.3445656996195765
V1.mp4,213,0,0,0.3813100973574211
V1.mp4,214,0,0,0.33018591869449593
V1.mp4,215,0,0,0.3214441285788626
V1.mp4,216,0,0,0.3289400663755763
V1.mp4,217,0,0,0.30191619093812294
V1.mp4,218,0,0,0.3126800470915071
V1.mp4,219,0,0,0.28983452605945786
V1.mp4,220,0,0,0.2756001687859086
V1.mp4,221,0,0,0.2714547420038024
V1.mp4,222,0,0,0.3631241083670952
V1.mp4,223,0,0,0.32092801515294705
V1.mp4,224,0,0,0.2897066056867773
V1.mp4,225,0,0,0.33963996091492255
V1.mp4,226,0,0,0.29484602684072136
V1.mp4,227,0,0,0.36804899000339275
V1.mp4,228,0,0,0.310040398133656
V1.mp4,229,0,0,0.31727256949551247
V1.mp4,230,0,0,0.3414004096074467
V1.mp4,231,0,0,0.3864726437783513
V1.mp4,232,0,0,0.37778073982970767
V1.mp4,233,0,0,0.21585845028236564
V1.mp4,234,0,0,0.2900737456469971
V1.mp4,235,0,0,0.24769816607723955
V1.mp4,236,0,0,0.30871381569682915
V1.mp4,237,0,0,0.2892453960125945
V1.mp4,238,0,0,0.24235604432345126
V1.mp4,239,0,0,0.22471425617261065
V1.mp4,240,0,0,0.2738404323480653
V1.mp4,241,0,0,0.28703608533451247
V1.mp4,242,0,0,0.2847164391840588
V1.mp4,243,0,0,0.27164513521952827
V1.mp4,244,0,0,0.2726262541558921
V1.mp4,245,0,0,0.2817025218912325
V1.mp4,246,0,0,0.2817025070398947
V1.mp4,247,0,0,0.281702523414987
V1.mp4,248,0,0,0.2818155256363786
V1.mp4,249,0,0,0.278605427735113
V1.mp4,250,0,0,0.2794892302714309
V1.mp4,251,0,0,0.28765239637297
V1.mp4,252,0,0,0.28765239637297
V1.mp4,253,0,0,0.28765239637297
V1.mp4,254,0,0,0.28765239637297
V1.mp4,255,0,0,0.28765239637297
V1.mp4,256,0,0,0.28765239637297
V1.mp4,257,0,0,0.28765239637297
V1.mp4,258,0,0,0.28765239637297
V1.mp4,259,0,0,0.28765239637297
V1.mp4,260,0,0,0.28765239637297
V1.mp4,261,0,0,0.28765239637297
V1.mp4,262,0,0,0.28765239637297
V1.mp4,263,0,0,0.28765239637297
V1.mp4,264,0,0,0.28765239637297
V1.mp4,265,0,0,0.28765239637297
V1.mp4,266,0,0,0.28765239637297
V1.mp4,267,0,0,0.28765239637297
V1.mp4,268,0,0,0.28765239637297
V1.mp4,269,0,0,0.28765239637297
V1.mp4,270,0,0,0.28765239637297
V1.mp4,271,0,0,0.28765239637297
V1.mp4,272,0,0,0.28765239637297
V1.mp4,273,0,0,0.28765239637297
V1.mp4,274,0,0,0.28765239637297
V1.mp4,275,0,0,0.28765239637297
V1.mp4,276,0,0,0.28765239637297
V1.mp4,277,0,0,0.28765239637297
V1.mp4,278,0,0,0.28765239637297
V1.mp4,279,0,0,0.28765239637297
V1.mp4,280,0,0,0.28765239637297
V1.mp4,281,0,0,0.28765239637297
V1.mp4,282,0,0,0.28765239637297
V1.mp4,283,0,0,0.28765239637297
V1.mp4,284,0,0,0.28765239637297
V1.mp4,285,0,0,0.28765239637297
V10.mp4,1,0,0,0.2880003736048921
V10.mp4,2,0,0,0.3637017307423564
V10.mp4,3,0,1,0.5202920088420067
V10.mp4,4,0,1,0.5664343838417459
V10.mp4,5,0,1,0.8127569970491026
V10.mp4,6,0,1,0.8109089565221684
V10.mp4,7,0,1,0.7909468382880628
V10.mp4,8,0,1,0.7323286315654326
V10.mp4,9,0,1,0.7547589119750401
V10.mp4,10,0,1,0.6991722637996737
V10.mp4,11,0,1,0.621872222974758
V10.mp4,12,0,1,0.5329251488904666
V10.mp4,13,0,0,0.47774222900735913
V10.mp4,14,0,0,0.4288294047922019
V10.mp4,15,0,0,0.3429249753311918
V10.mp4,16,0,0,0.32829430110170155
V10.mp4,17,0,0,0.29590147144776885
V10.mp4,18,0,0,0.27224434235921513
V10.mp4,19,0,0,0.34139351082252356
V10.mp4,20,0,0,0.3764643947029806
V10.mp4,21,0,1,0.5585258736703247
V10.mp4,22,0,1,0.604799150348863
V10.mp4,23,0,1,0.5620927451420268
V10.mp4,24,0,0,0.38720089565513816
V10.mp4,25,0,0,0.34557470281599334
V10.mp4,26,0,0,0.3631662346328343
V10.mp4,27,0,0,0.35765975736005784
V10.mp4,28,0,0,0.3612282932993954
V10.mp4,29,0,0,0.37343631174373454
V10.mp4,30,0,0,0.406991622241146
V10.mp4,31,0,0,0.4095340798791026
V10.mp4,32,0,0,0.44837974182794765
V10.mp4,33,0,0,0.4267876871215484
V10.mp4,34,0,0,0.4087752953607799
V10.mp4,35,0,0,0.31117386051938317
V10.mp4,36,0,0,0.2771930749289789
V10.mp4,37,0,0,0.30232392091756605
V10.mp4,38,0,0,0.3040786036215146
V10.mp4,39,0,0,0.35863276701874414
V10.mp4,40,0,0,0.3677521694850621
V10.mp4,41,0,0,0.3694887616457121
V10.mp4,42,0,0,0.3624749247823047
V10.mp4,43,0,0,0.34964741675752126
V10.mp4,44,0,0,0.33724476017449273
V10.mp4,45,0,0,0.3623294119997052
V10.mp4,46,0,0,0.36217668714872214
V10.mp4,47,0,0,0.37690393557258034
V10.mp4,48,0,0,0.3743703403120228
V10.mp4,49,0,0,0.41027814306102206
V10.mp4,50,0,0,0.44104958152736495
V10.mp4,51,0,0,0.4676238259619411
V10.mp4,52,0,0,0.43560555113392796
V10.mp4,53,0,1,0.5024563505564588
V10.mp4,54,0,0,0.37309942758513026
V10.mp4,55,0,0,0.3836837433635564
V10.mp4,56,0,0,0.3696906909456552
V10.mp4,57,0,0,0.3411800067143555
V10.mp4,58,0,0,0.3345363171788655
V10.mp4,59,0,0,0.34076284486608777
V10.mp4,60,0,0,0.35735775945779613
V10.mp4,61,0,0,0.38047572641845623
V10.mp4,62,0,0,0.3742143566595862
V10.mp4,63,0,0,0.39241113983705334
V10.mp4,64,0,0,0.3625519963665266
V10.mp4,65,0,0,0.3085401466301538
V10.mp4,66,0,0,0.287083988513698
V10.mp4,67,0,0,0.2985517352884649
V10.mp4,68,0,0,0.2828416932297269
V10.mp4,69,0,0,0.30025610188687685
V10.mp4,70,0,0,0.29945931829694483
V10.mp4,71,0,0,0.308755995695402
V10.mp4,72,0,0,0.3337144414470412
V10.mp4,73,0,0,0.3632816644585608
V10.mp4,74,0,0,0.3823666966786834
V10.mp4,75,0,0,0.3670757408022743
V10.mp4,76,0,0,0.39649945985078616
V10.mp4,77,0,0,0.36047957097074323
V10.mp4,78,0,0,0.3269845301301206
V10.mp4,79,0,0,0.31445719964220775
V10.mp4,80,0,0,0.3128264738364283
V10.mp4,81,0,0,0.3164867375136057
V10.mp4,82,0,0,0.31637768713895537
V10.mp4,83,0,0,0.33142710630799177
V10.mp4,84,0,0,0.3270969644588425
V10.mp4,85,0,0,0.3262841957946556
V10.mp4,86,0,0,0.3477667067189035
V10.mp4,87,0,0,0.3252087370248647
V10.mp4,88,0,0,0.36373771619114487
V10.mp4,89,0,0,0.38595535365769706
V10.mp4,90,0,0,0.38349026105391193
V10.mp4,91,0,0,0.37526637534283386
V10.mp4,92,0,0,0.36979376231252636
V10.mp4,93,0,0,0.35205029871178617
V10.mp4,94,0,0,0.33126423275359823
V10.mp4,95,0,0,0.3236756853663305
V10.mp4,96,0,0,0.3321163038752449
V10.mp4,97,0,0,0.32537584626210836
V10.mp4,98,0,0,0.36690547236125154
V10.mp4,99,0,0,0.3515403782012552
V10.mp4,100,0,0,0.34746298913070917
V10.mp4,101,0,0,0.36576719716955297
V10.mp4,102,0,0,0.32809187506310156
V10.mp4,103,0,0,0.3343118086564594
V10.mp4,104,0,0,0.33930634958294265
V10.mp4,105,0,0,0.34628323291732344
V10.mp4,106,0,0,0.33039261139260007
V10.mp4,107,0,0,0.3224946502364064
V10.mp4,108,0,0,0.31809064549181065
V10.mp4,109,0,0,0.2795629880338755
V10.mp4,110,0,0,0.2796126693383092
V10.mp4,111,0,0,0.28132510085817525
V10.mp4,112,0,0,0.2655557733818584
V10.mp4,113,0,0,0.3007013926855285
V10.mp4,114,0,0,0.3041472535789125
V10.mp4,115,0,0,0.34753566575340256
V10.mp4,116,0,0,0.44643226352971105
V10.mp4,117,0,1,0.5414071292226303
V10.mp4,118,0,1,0.6885261639414706
V10.mp4,119,0,1,0.7617627571742559
V10.mp4,120,0,1,0.7887108406947838
V10.mp4,121,0,1,0.8132887407429104
V10.mp4,122,0,1,0.7994321474215333
V10.mp4,123,0,1,0.7687981268830159
V10.mp4,124,0,1,0.7411830321218091
V10.mp4,125,0,1,0.7179918480044293
V10.mp4,126,0,1,0.6716449037584125
V10.mp4,127,0,1,0.6500059640731759
V10.mp4,128,0,1,0.5582968285008453
V10.mp4,129,0,1,0.5991185903415175
V10.mp4,130,0,1,0.6582585053564481
V10.mp4,131,0,1,0.6508552274895335
V10.mp4,132,0,1,0.6829925554110976
V10.mp4,133,0,1,0.6936199569123422
V10.mp4,134,0,1,0.7014885024462887
V10.mp4,135,0,1,0.6950323041548604
V10.mp4,136,0,1,0.6935156588338335
V10.mp4,137,0,1,0.6752821209573725
V10.mp4,138,0,1,0.6648943118511556
V10.mp4,139,0,1,0.607658021632337
V10.mp4,140,0,1,0.5476850397258709
V10.mp4,141,0,0,0.4895754265554251
V10.mp4,142,0,1,0.5302930633490175
V10.mp4,143,0,0,0.45366941062689914
V10.mp4,144,0,1,0.5671920154499078
V10.mp4,145,0,1,0.5689772707328441
V10.mp4,146,0,0,0.42980325477707787
V10.mp4,147,0,0,0.35857676346389084
V10.mp4,148,0,0,0.3076574276904281
V10.mp4,149,0,0,0.29536211215422475
V10.mp4,150,0,0,0.31671545173590643
V10.mp4,151,0,0,0.33991486155804956
V10.mp4,152,0,0,0.3398802043793762
V10.mp4,153,0,0,0.33233733124114934
V10.mp4,154,0,0,0.32165621331345845
V10.mp4,155,0,0,0.33135741588804735
V10.mp4,156,0,0,0.3361136242583418
V10.mp4,157,0,0,0.34404754905084667
V10.mp4,158,0,0,0.32097944262131145
V10.mp4,159,0,0,0.3034088973434008
V10.mp4,160,0,0,0.3144647632021106
V10.mp4,161,0,0,0.31150524145609926
V10.mp4,162,0,0,0.3603968185884696
V10.mp4,163,0,0,0.37922741064611765
V10.mp4,164,0,0,0.40255405636553276
V10.mp4,165,0,0,0.41318236828018445
V10.mp4,166,0,0,0.4212132698868588
V10.mp4,167,0,0,0.4603417330181834
V10.mp4,168,0,1,0.5996712889289731
V10.mp4,169,0,1,0.6217328587643609
V10.mp4,170,0,1,0.6742950211879469
V10.mp4,171,0,1,0.6919595825148889
V10.mp4,172,0,1,0.7574256093112378
V10.mp4,173,0,1,0.7635158243827526
V10.mp4,174,0,1,0.7824480940464695
V10.mp4,175,0,1,0.7765990637104183
V10.mp4,176,0,1,0.7806658089485861
V10.mp4,177,0,1,0.693628241159335
V10.mp4,178,0,1,0.5654722872102625
V10.mp4,179,0,0,0.4401571849391761
V10.mp4,180,0,0,0.3973433718416751
V10.mp4,181,0,0,0.2870056532833056
V10.mp4,182,0,0,0.26922098582894466
V10.mp4,183,0,0,0.2751121993453267
V10.mp4,184,0,0,0.30296370629316705
V10.mp4,185,0,0,0.3121643808669378
V10.mp4,186,0,0,0.35058012124721205
V10.mp4,187,0,0,0.39311680225669976
V10.mp4,188,0,0,0.4688477120152486
V10.mp4,189,0,0,0.4725605446840047
V10.mp4,190,0,0,0.43156907410610695
V10.mp4,191,0,0,0.38088281472826546
V10.mp4,192,0,0,0.3244902343119116
V10.mp4,193,0,0,0.3088045646970227
V10.mp4,194,0,0,0.31399871946422486
V10.mp4,195,0,0,0.3347959279302544
V10.mp4,196,0,0,0.354498717379496
V10.mp4,197,0,0,0.36249392868466385
V10.mp4,198,0,0,0.38794062430957305
V10.mp4,199,0,0,0.39741217342796303
V10.mp4,200,0,0,0.42028265568898887
V10.mp4,201,0,0,0.46915969835655513
V10.mp4,202,0,1,0.5703093846805632
V10.mp4,203,0,1,0.6294208087663843
V10.mp4,204,0,1,0.6999294307976707
V10.mp4,205,0,1,0.8673648578594896
V10.mp4,206,0,1,0.5732502896880431
V10.mp4,207,0,1,0.8040129464155089
V10.mp4,208,0,1,0.8486820941821352
V10.mp4,209,0,1,0.9033677595075412
V10.mp4,210,0,1,0.8635895519411527
V10.mp4,211,0,1,0.9382663716944059
V10.mp4,212,0,1,0.7941772660597933
V10.mp4,213,0,0,0.24801896842212415
V10.mp4,214,0,0,0.4029457854718279
V10.mp4,215,0,0,0.45469471456142285
V10.mp4,216,0,0,0.46236019508282583
V10.mp4,217,0,1,0.54648970613192
V10.mp4,218,0,0,0.4828796635792192
V10.mp4,219,0,0,0.4734087226500867
V10.mp4,220,0,0,0.47147563175710505
V10.mp4,221,0,0,0.42530371988296584
V10.mp4,222,0,0,0.2900862251512954
V10.mp4,223,0,0,0.32460821696857717
V10.mp4,224,0,0,0.39162402776169547
V10.mp4,225,0,0,0.41193796603438104
V10.mp4,226,0,0,0.4659356305054015
V10.mp4,227,0,1,0.5210465804140131
V10.mp4,228,0,1,0.5916939001228286
V10.mp4,229,0,1,0.5760445442166805
V10.mp4,230,0,0,0.47256988621149293
V10.mp4,231,0,0,0.48143945910345154
V10.mp4,232,0,0,0.4950735884945565
V10.mp4,233,0,0,0.41152694594986733
V10.mp4,234,0,0,0.471181173619202
V10.mp4,235,0,1,0.6053593178672558
V10.mp4,236,0,1,0.7054894252084984
V10.mp4,237,0,1,0.7410762723537749
V10.mp4,238,0,1,0.7452813197948003
V10.mp4,239,0,1,0.7422656888535303
V10.mp4,240,0,1,0.6885781614946832
V10.mp4,241,0,1,0.6266718735505643
V10.mp4,242,0,1,0.5525659128111132
V10.mp4,243,0,0,0.4505019344045261
V10.mp4,244,0,0,0.4353067270412076
V10.mp4,245,0,0,0.45589292967694156
V10.mp4,246,0,0,0.48136477968501273
V10.mp4,247,0,1,0.522209062946122
V10.mp4,248,0,1,0.5483038635048888
V10.mp4,249,0,1,0.5030474123606701
V10.mp4,250,0,0,0.4340477900723145
V10.mp4,251,0,0,0.399811046817875
V10.mp4,252,0,0,0.3435975498196288
V10.mp4,253,0,0,0.3039465203499141
V10.mp4,254,0,0,0.27185008190659044
V10.mp4,255,0,0,0.26684992677976155
V10.mp4,256,0,0,0.28429340033990586
V10.mp4,257,0,0,0.3138118124265969
V10.mp4,258,0,0,0.33846662060499766
V10.mp4,259,0,0,0.37497223723176043
V10.mp4,260,0,0,0.34999146548891397
V10.mp4,261,0,0,0.3331924515829747
V10.mp4,262,0,0,0.30759330496459114
V10.mp4,263,0,0,0.2905978362005726
V10.mp4,264,0,0,0.29154747663547026
V10.mp4,265,0,0,0.30384316788430843
V10.mp4,266,0,0,0.2853174305850034
V10.mp4,267,0,0,0.2897471725688741
V10.mp4,268,0,0,0.2997288828357529
V10.mp4,269,0,0,0.32325435765034694
V10.mp4,270,0,0,0.3183022402931819
V10.mp4,271,0,0,0.3253248740348859
V10.mp4,272,0,0,0.3321803396539046
V10.mp4,273,0,0,0.35114098397544835
V10.mp4,274,0,0,0.37466540061365233
V10.mp4,275,0,0,0.42685491897270134
V10.mp4,276,0,0,0.4403949803325527
V10.mp4,277,0,0,0.4164068302494561
V10.mp4,278,0,0,0.3905990377870682
V10.mp4,279,0,0,0.3710128997507073
V10.mp4,280,0,0,0.3356113731410437
V10.mp4,281,0,0,0.3670875701681009
V10.mp4,282,0,0,0.3715453285850824
V10.mp4,283,0,0,0.3715225635925524
V10.mp4,284,0,0,0.3567367006340066
V10.mp4,285,0,0,0.33825945234241345
V10.mp4,286,0,0,0.3172439761177545
V10.mp4,287,0,0,0.33898772271276145
V10.mp4,288,0,0,0.3716493036795744
V10.mp4,289,0,0,0.4143092682729825
V10.mp4,290,0,0,0.4268724907699471
V10.mp4,291,0,0,0.3986660156589828
V10.mp4,292,0,0,0.3591393107833594
V10.mp4,293,0,0,0.35002186500464233
V10.mp4,294,0,0,0.36280030987900413
V10.mp4,295,0,0,0.35840990991394023
V10.mp4,296,0,0,0.39410465466761646
V10.mp4,297,0,0,0.3449874759364313
V10.mp4,298,0,0,0.3168364769141008
V10.mp4,299,0,0,0.29177123970687074
V10.mp4,300,0,0,0.28727808823397216
V10.mp4,301,0,0,0.2828925440084248
V10.mp4,302,0,0,0.3049101086617589
V10.mp4,303,0,0,0.3505408774911562
V10.mp4,304,0,0,0.37198026747244595
V10.mp4,305,0,0,0.37088604378724754
V10.mp4,306,0,0,0.38092788068891864
V10.mp4,307,0,0,0.3983939963264426
V10.mp4,308,0,0,0.4402204699519945
V10.mp4,309,0,0,0.4196032442525637
V10.mp4,310,0,0,0.37802461612250443
V10.mp4,311,0,0,0.3459758966382735
V10.mp4,312,0,0,0.3300472775040693
V10.mp4,313,0,0,0.306394628551609
V10.mp4,314,0,0,0.28249460854804465
V10.mp4,315,0,0,0.2508466695088992
V10.mp4,316,0,0,0.26161106589096966
V10.mp4,317,0,0,0.3045263257952666
V10.mp4,318,0,0,0.3258594854911291
V10.mp4,319,0,0,0.3929501024663707
V10.mp4,320,0,0,0.3807488249631487
V10.mp4,321,0,0,0.38587535686604385
V10.mp4,322,0,0,0.41791538646274357
V10.mp4,323,0,0,0.4509862374332592
V10.mp4,324,0,0,0.3990356988174734
V10.mp4,325,0,0,0.3124373536327207
V10.mp4,326,0,0,0.3187155799748552
V10.mp4,327,0,0,0.370239345456336
V10.mp4,328,0,0,0.47407893329781686
V10.mp4,329,0,1,0.5014905987419174
V10.mp4,330,0,1,0.5996622141521004
V10.mp4,331,0,0,0.4747367872926523
V10.mp4,332,0,0,0.3898578579839781
V10.mp4,333,0,0,0.4542605495183386
V10.mp4,334,0,1,0.5002474340331606
V10.mp4,335,0,1,0.5728778226665542
V10.mp4,336,0,1,0.5885367518074954
V10.mp4,337,0,1,0.6583084382590556
V10.mp4,338,0,1,0.7102031655427342
V10.mp4,339,0,1,0.7606833981177894
V10.mp4,340,0,1,0.7660912148682257
V10.mp4,341,0,1,0.7930422810995283
V10.mp4,342,0,1,0.7213634717905485
V10.mp4,343,0,1,0.6099835527654456
V10.mp4,344,0,1,0.5716102203661311
V10.mp4,345,0,1,0.5421063469151591
V10.mp4,346,0,1,0.5011108595057484
V10.mp4,347,0,0,0.4753976903722928
V10.mp4,348,0,0,0.4882376997736649
V10.mp4,349,0,0,0.4218231975832963
V10.mp4,350,0,0,0.40765307639396214
V10.mp4,351,0,0,0.41048928291475745
V10.mp4,352,0,0,0.3819007764957036
V10.mp4,353,0,0,0.34178361534080665
V10.mp4,354,0,0,0.3367061734217848
V10.mp4,355,0,0,0.314927519148416
V10.mp4,356,0,0,0.3373761576564512
V10.mp4,357,0,0,0.3028598543800252
V10.mp4,358,0,0,0.2931213571232823
V10.mp4,359,0,0,0.27973833875894016
V10.mp4,360,0,0,0.32884600149530263
V10.mp4,361,0,0,0.34452980906588837
V10.mp4,362,0,0,0.32828173755369616
V10.mp4,363,0,0,0.3122297142480439
V10.mp4,364,0,0,0.2840422721278251
V10.mp4,365,0,0,0.26369161024023
V10.mp4,366,0,0,0.2703620392350462
V10.mp4,367,0,0,0.28387545780428686
V10.mp4,368,0,0,0.331830583915897
V10.mp4,369,0,0,0.3381266366433502
V10.mp4,370,0,0,0.3922259822802883
V10.mp4,371,0,0,0.33127308802320327
V10.mp4,372,0,0,0.4712591904162335
V10.mp4,373,0,1,0.5766513031839109
V10.mp4,374,0,1,0.5286542018421939
V10.mp4,375,0,1,0.6643859516779469
V10.mp4,376,0,1,0.6944567387213983
V10.mp4,377,0,1,0.7111907210042754
V10.mp4,378,0,1,0.7032545020487763
V10.mp4,379,0,1,0.7069685627609341
V10.mp4,380,0,1,0.6367004782748981
V10.mp4,381,0,1,0.6611835703790611
V10.mp4,382,0,1,0.5127163768230958
V10.mp4,383,0,0,0.46780025140928005
V10.mp4,384,0,0,0.45748030810236867
V10.mp4,385,0,0,0.4049303369714848
V10.mp4,386,0,0,0.4156181771401147
V10.mp4,387,0,0,0.48045443494281165
V10.mp4,388,0,1,0.6844404737448859
V10.mp4,389,0,1,0.7228861637908818
V10.mp4,390,0,1,0.8951574038772815
V10.mp4,391,0,1,0.7959376295874755
V10.mp4,392,1,1,0.5774617707337166
V10.mp4,393,1,0,0.485345921978368
V10.mp4,394,1,0,0.4661487062138968
V10.mp4,395,1,0,0.4197164047342845
V10.mp4,396,1,0,0.34077519946113377
V10.mp4,397,0,0,0.41893207900313306
V10.mp4,398,0,1,0.5074727005266277
V10.mp4,399,0,1,0.5758222908205771
V10.mp4,400,0,1,0.5515770718806233
V10.mp4,401,0,1,0.6097422696532315
V10.mp4,402,0,1,0.6400799221394361
V10.mp4,403,0,1,0.6318886585608371
V10.mp4,404,0,1,0.6546962583693243
V10.mp4,405,0,1,0.6206656688149003
V10.mp4,406,0,1,0.5586912533458562
V10.mp4,407,0,1,0.5138654430822938
V10.mp4,408,0,0,0.4856737477369129
V10.mp4,409,0,0,0.4643921583257367
V10.mp4,410,0,0,0.4530309543291645
V10.mp4,411,0,0,0.48306728876020066
V10.mp4,412,0,0,0.49785136027365845
V10.mp4,413,0,1,0.5479073912612402
V10.mp4,414,0,1,0.5981600591535162
V10.mp4,415,0,1,0.6378230152120353
V10.mp4,416,0,1,0.6824716935256209
V10.mp4,417,0,1,0.6789335493499095
V10.mp4,418,0,1,0.6416325064928698
V10.mp4,419,0,1,0.6407424060896947
V10.mp4,420,0,1,0.6068917407016755
V10.mp4,421,0,1,0.569053988192011
V10.mp4,422,0,1,0.5305553884415597
V10.mp4,423,0,1,0.5115158785109691
V10.mp4,424,0,0,0.488144364479429
V10.mp4,425,0,0,0.4907515230361782
V10.mp4,426,0,1,0.5289270164452625
V10.mp4,427,0,1,0.5094343257627033
V10.mp4,428,0,0,0.48791107298860087
V10.mp4,429,0,0,0.4570824437871599
V10.mp4,430,0,0,0.3602656506832521
V10.mp4,431,0,0,0.3993165003330542
V10.mp4,432,0,0,0.4618333851732636
V10.mp4,433,0,0,0.42888252851195074
V10.mp4,434,0,0,0.4744103214855325
V10.mp4,435,0,0,0.3323868553668681
V10.mp4,436,0,0,0.2832464122136572
V10.mp4,437,0,0,0.2668449888811731
V10.mp4,438,0,0,0.27166313281577553
V10.mp4,439,0,0,0.2990078967184403
V10.mp4,440,0,0,0.344668555950035
V10.mp4,441,0,0,0.35895886106967206
V10.mp4,442,0,0,0.43027540050083773
V10.mp4,443,0,0,0.4582194121017361
V10.mp4,444,0,0,0.45208022964637756
V10.mp4,445,0,0,0.40061500479161044
V10.mp4,446,0,0,0.36578126019878426
V10.mp4,447,0,0,0.3380919107692581
V10.mp4,448,0,0,0.30979701720383407
V10.mp4,449,0,0,0.30492213358507747
V10.mp4,450,0,0,0.29650357033233404
V10.mp4,451,0,0,0.30828562710969387
V10.mp4,452,0,0,0.3047037342469644
V10.mp4,453,0,0,0.32587717727194915
V10.mp4,454,0,0,0.3198519022318661
V10.mp4,455,0,0,0.32046058633028546
V10.mp4,456,0,0,0.3232901106581955
V10.mp4,457,0,0,0.33869033838799306
V10.mp4,458,0,0,0.3328481428495102
V10.mp4,459,0,0,0.32381989530138966
V10.mp4,460,0,0,0.3041818574344371
V10.mp4,461,0,0,0.31134230634416304
V10.mp4,462,0,0,0.32045394867745225
V10.mp4,463,0,0,0.317250788664115
V10.mp4,464,0,0,0.3176232169038522
V10.mp4,465,0,0,0.3250787111779052
V10.mp4,466,0,0,0.3184005909011694
V10.mp4,467,0,0,0.27784487174623923
V10.mp4,468,0,0,0.29154269675197164
V10.mp4,469,0,0,0.2976738192195808
V10.mp4,470,0,0,0.30905994810780113
V10.mp4,471,0,0,0.28888531833418485
V10.mp4,472,0,0,0.28888531833418485
V10.mp4,473,0,0,0.28888531833418485
V10.mp4,474,0,0,0.28888531833418485
V10.mp4,475,0,0,0.28888531833418485
V10.mp4,476,0,0,0.28888531833418485
V10.mp4,477,0,0,0.28888531833418485
V10.mp4,478,0,0,0.28888531833418485
V10.mp4,479,0,0,0.28888531833418485
V10.mp4,480,0,0,0.28888531833418485
V10.mp4,481,0,0,0.28888531833418485
V10.mp4,482,0,0,0.28888531833418485
V10.mp4,483,0,0,0.28888531833418485
V10.mp4,484,0,0,0.28888531833418485
V10.mp4,485,0,0,0.28888531833418485
V10.mp4,486,0,0,0.28888531833418485
V10.mp4,487,0,0,0.28888531833418485
V11.mp4,1,0,0,0.2466465868124622
V11.mp4,2,0,0,0.2239015255720781
V11.mp4,3,0,0,0.2547022160786823
V11.mp4,4,0,0,0.42340592250098696
V11.mp4,5,0,0,0.46138506769950355
V11.mp4,6,0,0,0.35000181255483787
V11.mp4,7,0,0,0.3700875658596685
V11.mp4,8,0,0,0.4035950181543668
V11.mp4,9,0,0,0.42271200488874905
V11.mp4,10,0,0,0.4588443849374063
V11.mp4,11,0,0,0.4534614321698559
V11.mp4,12,0,1,0.5047336088083899
V11.mp4,13,0,1,0.5283745734916467
V11.mp4,14,0,1,0.5142949849521201
V11.mp4,15,0,1,0.5739193957661419
V11.mp4,16,0,1,0.57798124132726
V11.mp4,17,0,1,0.580116077833397
V11.mp4,18,0,1,0.5532924187454641
V11.mp4,19,0,1,0.5691375781078774
V11.mp4,20,0,1,0.5113186939836779
V11.mp4,21,0,1,0.5206529255717542
V11.mp4,22,0,0,0.4625298474634215
V11.mp4,23,0,0,0.4397374593765379
V11.mp4,24,0,0,0.4046876075775187
V11.mp4,25,0,0,0.4092149826701943
V11.mp4,26,0,0,0.4233321218451758
V11.mp4,27,0,0,0.4392385123747728
V11.mp4,28,0,0,0.4183533134857914
V11.mp4,29,0,0,0.38958185675386203
V11.mp4,30,0,0,0.31163473493806715
V11.mp4,31,0,0,0.29037190473679964
V11.mp4,32,0,0,0.29349739647001905
V11.mp4,33,0,0,0.2994518468564602
V11.mp4,34,0,0,0.3010451518523967
V11.mp4,35,0,0,0.3201261890616011
V11.mp4,36,0,0,0.298093051726182
V11.mp4,37,0,0,0.2916743384711609
V11.mp4,38,0,0,0.3052098769428569
V11.mp4,39,0,0,0.3141440120337573
V11.mp4,40,0,0,0.29153878755536
V11.mp4,41,0,0,0.36514246120507815
V11.mp4,42,0,0,0.4774737693653713
V11.mp4,43,0,0,0.42128883655702226
V11.mp4,44,0,1,0.6360318019915305
V11.mp4,45,0,1,0.7389024562751537
V11.mp4,46,0,1,0.7461560804469898
V11.mp4,47,0,1,0.7486831398558025
V11.mp4,48,0,1,0.7575039159866861
V11.mp4,49,0,1,0.7817043980739421
V11.mp4,50,0,1,0.8360338889388257
V11.mp4,51,0,1,0.9411882894527229
V11.mp4,52,0,1,0.9560552212600681
V11.mp4,53,0,1,0.9398160548477402
V11.mp4,54,0,0,0.39581409762579983
V11.mp4,55,0,0,0.38443871618245773
V11.mp4,56,0,0,0.286199768948199
V11.mp4,57,0,0,0.20854676560814092
V11.mp4,58,0,0,0.18039392207325275
V11.mp4,59,0,0,0.2013575517203263
V11.mp4,60,0,0,0.22027199508648115
V11.mp4,61,0,0,0.21292583651867084
V11.mp4,62,0,0,0.2066065215009597
V11.mp4,63,0,0,0.2134786543710417
V11.mp4,64,0,0,0.23711255131095837
V11.mp4,65,0,0,0.25681632995678216
V11.mp4,66,0,0,0.27456578688900596
V11.mp4,67,0,0,0.27515628179165386
V11.mp4,68,0,0,0.28271565090488127
V11.mp4,69,0,0,0.2226779166794183
V11.mp4,70,0,0,0.21955287923350453
V11.mp4,71,0,0,0.228682810723817
V11.mp4,72,0,0,0.23772693700237782
V11.mp4,73,0,0,0.2212741792878601
V11.mp4,74,0,0,0.22068952191838073
V11.mp4,75,0,0,0.20043128351614345
V11.mp4,76,0,0,0.1852811688684104
V11.mp4,77,0,0,0.18590127807459067
V11.mp4,78,0,0,0.20009461911485202
V11.mp4,79,0,0,0.2060809895651376
V11.mp4,80,0,0,0.22611298173091124
V11.mp4,81,0,0,0.22810314600465983
V11.mp4,82,0,0,0.21348284491893518
V11.mp4,83,0,0,0.2072584478330001
V11.mp4,84,0,0,0.2507107578389165
V11.mp4,85,0,0,0.24098707909147274
V11.mp4,86,0,0,0.216024411476794
V11.mp4,87,0,0,0.23666885092430726
V11.mp4,88,0,0,0.22718320319645557
V11.mp4,89,0,0,0.14575513679707713
V11.mp4,90,0,0,0.1570172777617492
V11.mp4,91,0,0,0.24108040197522063
V11.mp4,92,0,0,0.26171820092421366
V11.mp4,93,0,0,0.2611189254754918
V11.mp4,94,0,0,0.4345582243574803
V11.mp4,95,0,1,0.5464817329632222
V11.mp4,96,0,1,0.7084534180805915
V11.mp4,97,0,1,0.7142094867342057
V11.mp4,98,0,1,0.8390347012745354
V11.mp4,99,0,1,0.8391467239822225
V11.mp4,100,0,1,0.8102660440397164
V11.mp4,101,0,1,0.7138251880638523
V11.mp4,102,0,1,0.7606462929309656
V11.mp4,103,0,1,0.6086830337998368
V11.mp4,104,0,1,0.5194628518093303
V11.mp4,105,0,0,0.4614563030628445
V11.mp4,106,0,0,0.38171048499118404
V11.mp4,107,0,0,0.326497993829044
V11.mp4,108,0,0,0.4263228488203179
V11.mp4,109,0,0,0.48709772413313124
V11.mp4,110,0,1,0.5235252535493247
V11.mp4,111,0,1,0.5635845970100225
V11.mp4,112,0,0,0.44083065504794244
V11.mp4,113,0,0,0.3635771261088841
V11.mp4,114,0,0,0.3711325699286429
V11.mp4,115,0,0,0.470474701916655
V11.mp4,116,0,1,0.5745151831731975
V11.mp4,117,0,0,0.4190741491019394
V11.mp4,118,0,1,0.6643263537437115
V11.mp4,119,0,1,0.9020767080396757
V11.mp4,120,0,1,0.923140665871957
V11.mp4,121,0,1,0.9903621928178572
V11.mp4,122,0,1,0.8904329263880942
V11.mp4,123,0,1,0.6002577029736229
V11.mp4,124,0,0,0.3669518779115807
V11.mp4,125,0,0,0.3377120933233424
V11.mp4,126,1,0,0.2818645244751589
V11.mp4,127,1,0,0.24777631029550665
V11.mp4,128,1,0,0.264137559120966
V11.mp4,129,1,0,0.2740188132617826
V11.mp4,130,1,0,0.29623555151955516
V11.mp4,131,0,0,0.25929365494226925
V11.mp4,132,0,0,0.27904770273418356
V11.mp4,133,0,0,0.3000580042926051
V11.mp4,134,0,0,0.31938002155523887
V11.mp4,135,0,0,0.3060917955934938
V11.mp4,136,0,0,0.3215024162641409
V11.mp4,137,0,0,0.36062307231719604
V11.mp4,138,0,0,0.37945404361197255
V11.mp4,139,0,0,0.4391708846971202
V11.mp4,140,0,0,0.3679610022759624
V11.mp4,141,0,1,0.5128902001810518
V11.mp4,142,0,1,0.6144604754317413
V11.mp4,143,0,1,0.7263023071545348
V11.mp4,144,0,1,0.7759716427474229
V11.mp4,145,0,1,0.8054177827219705
V11.mp4,146,0,1,0.6598400382785952
V11.mp4,147,0,1,0.6257508832260844
V11.mp4,148,0,1,0.6377879257659627
V11.mp4,149,0,1,0.5171621756688531
V11.mp4,150,0,1,0.6932533152084575
V11.mp4,151,0,1,0.7232643858262947
V11.mp4,152,0,1,0.7086830268260231
V11.mp4,153,0,1,0.6797790890285732
V11.mp4,154,0,1,0.6797790890285732
V11.mp4,155,0,1,0.6797790890285732
V11.mp4,156,0,1,0.6797790890285732
V11.mp4,157,0,1,0.6797790890285732
V11.mp4,158,0,1,0.6797790890285732
V11.mp4,159,0,1,0.6797790890285732
V11.mp4,160,0,1,0.6797790890285732
V11.mp4,161,0,1,0.6797790890285732
V11.mp4,162,0,1,0.6797790890285732
V11.mp4,163,0,1,0.6797790890285732
V11.mp4,164,0,1,0.6797790890285732
V11.mp4,165,0,1,0.6797790890285732
V11.mp4,166,0,1,0.6797790890285732
V11.mp4,167,0,1,0.6797790890285732
V11.mp4,168,0,1,0.6797790890285732
V11.mp4,169,0,1,0.6797790890285732
V11.mp4,170,0,1,0.6797790890285732
V11.mp4,171,0,1,0.6797790890285732
V11.mp4,172,0,1,0.6797790890285732
V11.mp4,173,0,1,0.6797790890285732
V11.mp4,174,0,1,0.6797790890285732
V11.mp4,175,0,1,0.6797790890285732
V11.mp4,176,0,1,0.6797790890285732
V11.mp4,177,0,1,0.6797790890285732
V11.mp4,178,0,1,0.6797790890285732
V11.mp4,179,0,1,0.6797790890285732
V11.mp4,180,0,1,0.6797790890285732
V11.mp4,181,0,1,0.6797790890285731
V11.mp4,182,0,1,0.6797790890285731
V11.mp4,183,0,1,0.6797790890285731
V12.mp4,1,0,0,0.18571633612457875
V12.mp4,2,0,0,0.20638100262120349
V12.mp4,3,0,0,0.24716916680010612
V12.mp4,4,0,0,0.274826037189071
V12.mp4,5,0,0,0.3776985065114668
V12.mp4,6,0,0,0.2664774006869078
V12.mp4,7,0,0,0.25925880518860006
V12.mp4,8,0,0,0.2719193064581092
V12.mp4,9,0,0,0.2912898013608504
V12.mp4,10,0,0,0.28663150787910574
V12.mp4,11,0,0,0.2925789362976217
V12.mp4,12,0,0,0.23775622729608814
V12.mp4,13,0,0,0.2058079664873214
V12.mp4,14,0,0,0.24377131052217305
V12.mp4,15,0,0,0.19479332651233028
V12.mp4,16,0,0,0.3479271681956068
V12.mp4,17,0,0,0.3805880311201753
V12.mp4,18,0,0,0.2804067998182823
V12.mp4,19,0,0,0.32404124239192783
V12.mp4,20,0,0,0.2785412246089039
V12.mp4,21,0,0,0.2846120903232944
V12.mp4,22,0,0,0.2883952302957725
V12.mp4,23,0,0,0.29027316816902404
V12.mp4,24,0,0,0.3099262785290887
V12.mp4,25,0,0,0.3066934091036863
V12.mp4,26,0,0,0.31223089075994803
V12.mp4,27,0,0,0.3258858859422587
V12.mp4,28,0,0,0.3153263950937465
V12.mp4,29,0,0,0.3376327963757887
V12.mp4,30,0,0,0.3510902581951323
V12.mp4,31,0,0,0.348141666431893
V12.mp4,32,0,0,0.33072979954796755
V12.mp4,33,0,0,0.321407571590753
V12.mp4,34,0,0,0.3092327161450578
V12.mp4,35,0,0,0.2880420461472962
V12.mp4,36,0,0,0.30349419263033467
V12.mp4,37,0,0,0.3369680284122884
V12.mp4,38,0,0,0.4103300112965664
V12.mp4,39,0,0,0.42361029657470767
V12.mp4,40,0,0,0.46582700018786616
V12.mp4,41,0,1,0.5406326195289254
V12.mp4,42,0,1,0.5559082994880196
V12.mp4,43,0,1,0.5682560425627109
V12.mp4,44,0,1,0.5984588096735185
V12.mp4,45,0,1,0.6373204488912718
V12.mp4,46,0,1,0.6337228846452245
V12.mp4,47,0,1,0.592841419860575
V12.mp4,48,0,1,0.5314402385317891
V12.mp4,49,0,0,0.45613089110523947
V12.mp4,50,0,0,0.40966361104816473
V12.mp4,51,0,0,0.38245769285213876
V12.mp4,52,0,0,0.41708193561427703
V12.mp4,53,0,0,0.41789274771903256
V12.mp4,54,0,0,0.3995043801026757
V12.mp4,55,0,0,0.38512890499677555
V12.mp4,56,0,0,0.37030502025187695
V12.mp4,57,0,0,0.38760512412597725
V12.mp4,58,0,0,0.37904559425333134
V12.mp4,59,0,0,0.38198219572211367
V12.mp4,60,0,0,0.4284156422951901
V12.mp4,61,0,1,0.5668143060930053
V12.mp4,62,0,0,0.49695710234203444
V12.mp4,63,0,1,0.5370619483147874
V12.mp4,64,0,1,0.6900897654319542
V12.mp4,65,0,1,0.8243287441611682
V12.mp4,66,1,1,0.8756851679401605
V12.mp4,67,1,1,0.9390151888947131
V12.mp4,68,1,1,0.8423938564948547
V12.mp4,69,1,0,0.3588063582787658
V12.mp4,70,1,0,0.3275512922874589
V12.mp4,71,0,0,0.2953185217750213
V12.mp4,72,0,0,0.277356535809451
V12.mp4,73,0,0,0.35645388164343095
V12.mp4,74,0,1,0.5555035913066612
V12.mp4,75,0,0,0.4218042507862824
V12.mp4,76,0,1,0.5195726338231181
V12.mp4,77,0,1,0.5691362552900668
V12.mp4,78,0,1,0.6414560361971837
V12.mp4,79,0,1,0.5655662627032049
V12.mp4,80,0,1,0.8026640943956445
V12.mp4,81,0,1,0.7847263080943548
V12.mp4,82,0,1,0.7984246260586798
V12.mp4,83,0,1,0.8399204251468988
V12.mp4,84,0,1,0.9053214170647662
V12.mp4,85,0,1,0.7047227110513019
V12.mp4,86,0,1,0.7733837359734451
V12.mp4,87,0,1,0.7931393659261272
V12.mp4,88,0,1,0.5494904699577018
V12.mp4,89,0,0,0.3841472383771982
V12.mp4,90,0,0,0.3435541162546262
V12.mp4,91,0,0,0.3241242758311736
V12.mp4,92,0,0,0.3094396752629546
V12.mp4,93,0,0,0.32814686521449465
V12.mp4,94,0,0,0.3180087842855544
V12.mp4,95,0,0,0.31860378042708876
V12.mp4,96,0,0,0.33048916780147664
V12.mp4,97,0,0,0.3472002634359791
V12.mp4,98,0,0,0.41622172439263655
V12.mp4,99,0,0,0.4160747898549658
V12.mp4,100,0,0,0.43574500892784235
V12.mp4,101,0,0,0.4159201108880329
V12.mp4,102,0,0,0.4136417026563573
V12.mp4,103,0,0,0.3832474254150723
V12.mp4,104,0,0,0.42827349522930214
V12.mp4,105,0,0,0.4110032906121113
V12.mp4,106,0,0,0.37083012188571596
V12.mp4,107,0,0,0.353393496467365
V12.mp4,108,0,0,0.3465398734773819
V12.mp4,109,0,0,0.33237942625023975
V12.mp4,110,0,0,0.36733595579240713
V12.mp4,111,0,0,0.32218199308395695
V12.mp4,112,0,0,0.3920792252493314
V12.mp4,113,0,0,0.378335315692418
V12.mp4,114,0,0,0.42722583426831523
V12.mp4,115,0,0,0.4379982189132968
V12.mp4,116,0,0,0.3848345690653978
V12.mp4,117,0,0,0.3653740545082969
V12.mp4,118,0,0,0.36514118446745875
V12.mp4,119,0,0,0.36575857987179416
V12.mp4,120,0,0,0.29446131012389276
V12.mp4,121,0,0,0.342762705602571
V12.mp4,122,0,0,0.224068663509371
V12.mp4,123,0,0,0.2955942807077101
V12.mp4,124,0,0,0.36583949895529433
V12.mp4,125,0,0,0.32314980464512433
V12.mp4,126,0,0,0.3818178267154819
V12.mp4,127,0,0,0.40307247203220875
V12.mp4,128,0,0,0.410424328013296
V12.mp4,129,0,0,0.414794239260009
V12.mp4,130,0,0,0.414794239260009
V12.mp4,131,0,0,0.414794239260009
V12.mp4,132,0,0,0.414794239260009
V12.mp4,133,0,0,0.414794239260009
V12.mp4,134,0,0,0.414794239260009
V12.mp4,135,0,0,0.414794239260009
V12.mp4,136,0,0,0.414794239260009
V12.mp4,137,0,0,0.414794239260009
V12.mp4,138,0,0,0.414794239260009
V12.mp4,139,0,0,0.414794239260009
V12.mp4,140,0,0,0.414794239260009
V13.mp4,1,0,0,0.16714177316201204
V13.mp4,2,0,0,0.18679113940583142
V13.mp4,3,0,0,0.25038561008678323
V13.mp4,4,0,0,0.2947746801175729
V13.mp4,5,0,0,0.48184931936277975
V13.mp4,6,0,0,0.3276614618435401
V13.mp4,7,0,0,0.2959576061463171
V13.mp4,8,0,0,0.3151174945445357
V13.mp4,9,0,0,0.3171563137379855
V13.mp4,10,0,0,0.3491079464778183
V13.mp4,11,0,0,0.3383151862189822
V13.mp4,12,0,0,0.31432157570679564
V13.mp4,13,0,0,0.3137854456061413
V13.mp4,14,0,0,0.2820675672225298
V13.mp4,15,0,0,0.2597214947621624
V13.mp4,16,0,0,0.2463007915222071
V13.mp4,17,0,0,0.24116479167526017
V13.mp4,18,0,0,0.23736010485671247
V13.mp4,19,0,0,0.23915302744304356
V13.mp4,20,0,0,0.25221037618325204
V13.mp4,21,0,0,0.3359252569449946
V13.mp4,22,0,0,0.2729823468799567
V13.mp4,23,0,0,0.2894081563226411
V13.mp4,24,0,0,0.40616972077561686
V13.mp4,25,0,1,0.659265943904666
V13.mp4,26,0,1,0.8264896830078706
V13.mp4,27,0,1,0.9337797459464557
V13.mp4,28,0,1,0.8524923404772923
V13.mp4,29,0,0,0.40646167549216533
V13.mp4,30,0,0,0.3245507877772825
V13.mp4,31,0,0,0.2946586574221279
V13.mp4,32,0,0,0.2734927041289665
V13.mp4,33,0,0,0.24802428135842383
V13.mp4,34,0,0,0.2788022260503189
V13.mp4,35,0,0,0.2714578972779261
V13.mp4,36,0,0,0.264411019572898
V13.mp4,37,0,0,0.2634443578438024
V13.mp4,38,0,0,0.2758900130954568
V13.mp4,39,0,0,0.28047862680716495
V13.mp4,40,0,0,0.2591494142340959
V13.mp4,41,0,0,0.2722276847627228
V13.mp4,42,0,0,0.28046343631385096
V13.mp4,43,0,0,0.2966648415498554
V13.mp4,44,0,0,0.32855420614534697
V13.mp4,45,0,0,0.37064007278034466
V13.mp4,46,0,0,0.3607522147378786
V13.mp4,47,0,0,0.38042836510124317
V13.mp4,48,0,0,0.38885351006057844
V13.mp4,49,0,0,0.393256219895067
V13.mp4,50,0,0,0.4036622667206031
V13.mp4,51,0,0,0.39385871827710817
V13.mp4,52,0,0,0.4608823462717792
V13.mp4,53,0,1,0.574931228759041
V13.mp4,54,0,1,0.543200964483362
V13.mp4,55,0,1,0.5662256158493023
V13.mp4,56,0,1,0.5159707854136836
V13.mp4,57,0,1,0.5090380819002079
V13.mp4,58,0,0,0.394939551203774
V13.mp4,59,0,0,0.4136597797590761
V13.mp4,60,0,0,0.3134123541631749
V13.mp4,61,0,0,0.26361839459235253
V13.mp4,62,0,0,0.26287605926811297
V13.mp4,63,0,0,0.2946719364738858
V13.mp4,64,0,0,0.3181186469913649
V13.mp4,65,0,0,0.3213829518005512
V13.mp4,66,0,0,0.3227520840306433
V13.mp4,67,0,0,0.30990508699872993
V13.mp4,68,0,0,0.3157953060165645
V13.mp4,69,0,0,0.30421311183984057
V13.mp4,70,0,0,0.2892568436250765
V13.mp4,71,0,0,0.2885950111435805
V13.mp4,72,0,0,0.27956543898645897
V13.mp4,73,0,0,0.3019571762844957
V13.mp4,74,0,0,0.33303378508281634
V13.mp4,75,0,0,0.3435032920890387
V13.mp4,76,0,0,0.33277213181092313
V13.mp4,77,0,0,0.32013333589213894
V13.mp4,78,0,0,0.34080266609635956
V13.mp4,79,0,0,0.3736420479264024
V13.mp4,80,0,0,0.4198442147088643
V13.mp4,81,0,0,0.3770626040596147
V13.mp4,82,0,0,0.3823233865517468
V13.mp4,83,0,0,0.27058080446529026
V13.mp4,84,0,0,0.34501817057098844
V13.mp4,85,0,0,0.48225506487709646
V13.mp4,86,0,1,0.6146606405197296
V13.mp4,87,0,1,0.7068250231067953
V13.mp4,88,0,1,0.590260603007587
V13.mp4,89,0,0,0.4203301766805116
V13.mp4,90,0,0,0.3544912972875953
V13.mp4,91,0,0,0.3755351424205774
V13.mp4,92,0,0,0.3392827838811557
V13.mp4,93,0,0,0.312816484846891
V13.mp4,94,0,0,0.3160694008065499
V13.mp4,95,0,0,0.3009463225038453
V13.mp4,96,0,0,0.3704295881988702
V13.mp4,97,0,0,0.35475052946388846
V13.mp4,98,0,0,0.34659553286405154
V13.mp4,99,0,0,0.3355923529400573
V13.mp4,100,0,0,0.3916337976383516
V13.mp4,101,0,0,0.3924932634605324
V13.mp4,102,0,0,0.40272710102209114
V13.mp4,103,0,0,0.3847559698343708
V13.mp4,104,0,0,0.39696481441547826
V13.mp4,105,0,0,0.3028997017036071
V13.mp4,106,0,0,0.2957274961038889
V13.mp4,107,0,0,0.32371315286786756
V13.mp4,108,0,0,0.3448926440741156
V13.mp4,109,0,0,0.34527411563986177
V13.mp4,110,0,0,0.33849957006091314
V13.mp4,111,0,0,0.2909425447367961
V13.mp4,112,0,0,0.29243051986903706
V13.mp4,113,0,0,0.2909404581257892
V13.mp4,114,0,0,0.22896012401154184
V13.mp4,115,0,0,0.1626272840353959
V13.mp4,116,0,0,0.3512423972926213
V13.mp4,117,0,0,0.20801951885832076
V13.mp4,118,0,0,0.29337240950678006
V13.mp4,119,0,1,0.5228682431559668
V13.mp4,120,0,1,0.5957607769141454
V13.mp4,121,0,0,0.28007777319898786
V13.mp4,122,0,0,0.20693587611759245
V13.mp4,123,0,0,0.24289388546270013
V13.mp4,124,0,0,0.2326896910466612
V13.mp4,125,0,0,0.23042744980964952
V13.mp4,126,0,0,0.23573637915838633
V13.mp4,127,0,0,0.23982017348863527
V13.mp4,128,0,0,0.44254411126908516
V13.mp4,129,0,0,0.26536455561126787
V13.mp4,130,0,0,0.3099935725614108
V13.mp4,131,0,1,0.5270647081168114
V13.mp4,132,0,1,0.7490756746557043
V13.mp4,133,0,1,0.7578613807426761
V13.mp4,134,0,1,0.8823807721796592
V13.mp4,135,1,1,0.7716953506089853
V13.mp4,136,1,0,0.355846515036972
V13.mp4,137,1,0,0.3067230315926007
V13.mp4,138,1,0,0.2598266431749219
V13.mp4,139,1,0,0.2673409968754194
V13.mp4,140,0,0,0.24062135026252393
V13.mp4,141,0,0,0.27700484132538034
V13.mp4,142,0,0,0.24630170405691837
V13.mp4,143,0,0,0.21603839009792336
V13.mp4,144,0,0,0.1839945671071478
V13.mp4,145,0,0,0.17159308921266098
V13.mp4,146,0,0,0.18096257328167423
V13.mp4,147,0,0,0.18496052629094992
V13.mp4,148,0,0,0.1902120961140327
V13.mp4,149,0,0,0.1764160401793714
V13.mp4,150,0,0,0.18380856458643036
V13.mp4,151,0,0,0.17423667728860942
V13.mp4,152,0,0,0.15013834674724114
V13.mp4,153,0,0,0.15124804484645682
V13.mp4,154,0,0,0.15394386064666835
V13.mp4,155,0,0,0.14636672306035955
V13.mp4,156,0,0,0.14854237452722374
V13.mp4,157,0,0,0.13039259313525142
V13.mp4,158,0,0,0.17755767938801703
V13.mp4,159,0,0,0.1817825841123989
V13.mp4,160,0,0,0.19837941407307624
V13.mp4,161,0,0,0.13137942746864842
V13.mp4,162,0,0,0.24328509995696418
V13.mp4,163,0,0,0.42555124768067093
V13.mp4,164,0,0,0.38446280632819646
V13.mp4,165,0,0,0.3424542199819572
V13.mp4,166,0,0,0.440081730295319
V13.mp4,167,0,0,0.245740851015626
V13.mp4,168,0,0,0.12556361593415294
V13.mp4,169,0,0,0.12562279921857047
V13.mp4,170,0,0,0.13057904679681748
V13.mp4,171,0,0,0.09363295241577599
V13.mp4,172,0,0,0.1428661110165095
V13.mp4,173,0,0,0.13460090419171938
V13.mp4,174,0,0,0.10632287171714935
V13.mp4,175,0,0,0.25457972749426766
V13.mp4,176,0,0,0.25661410664498757
V13.mp4,177,0,0,0.25714868761386844
V13.mp4,178,0,0,0.2851236732272589
V13.mp4,179,0,0,0.2829833196313316
V13.mp4,180,0,0,0.26466810362297566
V13.mp4,181,0,0,0.2658103612947567
V13.mp4,182,0,0,0.24964830576769415
V13.mp4,183,0,0,0.18318310367880836
V13.mp4,184,0,0,0.18773278807670662
V13.mp4,185,0,0,0.2353330162058979
V13.mp4,186,0,0,0.3212987065361991
V13.mp4,187,0,0,0.3280304930118475
V13.mp4,188,0,0,0.31005598485464303
V13.mp4,189,0,0,0.32467574473459565
V13.mp4,190,0,0,0.24865292873628073
V13.mp4,191,0,0,0.25004896926627385
V13.mp4,192,0,0,0.24986960077044326
V13.mp4,193,0,0,0.2675225674144513
V13.mp4,194,0,0,0.2384054286981836
V13.mp4,195,0,0,0.31140554786620184
V13.mp4,196,0,0,0.2573651991587139
V13.mp4,197,0,0,0.1985940528708764
V13.mp4,198,0,0,0.1962544539494443
V13.mp4,199,0,0,0.21120079354700116
V13.mp4,200,0,0,0.2214324296529176
V13.mp4,201,0,0,0.24467601136498343
V13.mp4,202,0,0,0.25833318524494836
V13.mp4,203,0,0,0.25998635576336365
V13.mp4,204,0,0,0.28036544086705845
V13.mp4,205,0,0,0.29730042888080543
V13.mp4,206,0,0,0.2888301551374507
V13.mp4,207,0,0,0.27980969365844954
V13.mp4,208,0,0,0.2586838211504507
V13.mp4,209,0,0,0.24510292690486557
V13.mp4,210,0,0,0.24086854176417336
V13.mp4,211,0,0,0.2676628339081297
V13.mp4,212,0,0,0.2529859563489781
V13.mp4,213,0,0,0.2525456832277835
V13.mp4,214,0,0,0.2511895091074005
V13.mp4,215,0,0,0.2038381956802623
V13.mp4,216,0,0,0.23401865942266814
V13.mp4,217,0,0,0.17142007741772408
V13.mp4,218,0,0,0.1541920209756151
V13.mp4,219,0,0,0.17524918507140552
V13.mp4,220,0,0,0.17018984222254238
V13.mp4,221,0,0,0.18374577082490856
V13.mp4,222,0,0,0.17814325740558393
V13.mp4,223,0,0,0.16512798789152594
V13.mp4,224,0,0,0.16692206287899522
V13.mp4,225,0,0,0.15779312925602945
V13.mp4,226,0,0,0.18562603712319733
V13.mp4,227,0,0,0.15783997675599531
V13.mp4,228,0,0,0.1794424381985649
V13.mp4,229,0,0,0.3309756773805796
V13.mp4,230,0,0,0.3780418011937048
V13.mp4,231,0,0,0.3780418011937048
V13.mp4,232,0,0,0.3780418011937048
V13.mp4,233,0,0,0.3780418011937048
V13.mp4,234,0,0,0.3780418011937048
V13.mp4,235,0,0,0.3780418011937048
V13.mp4,236,0,0,0.3780418011937048
V13.mp4,237,0,0,0.3780418011937048
V13.mp4,238,0,0,0.3780418011937048
V13.mp4,239,0,0,0.3780418011937048
V13.mp4,240,0,0,0.3780418011937048
V14.mp4,1,0,0,0.13635900499791404
V14.mp4,2,0,0,0.15184205748355492
V14.mp4,3,0,0,0.18000834640864136
V14.mp4,4,0,0,0.21827124324599004
V14.mp4,5,0,0,0.2929276113620703
V14.mp4,6,0,0,0.2207355832665945
V14.mp4,7,0,0,0.22588110431079836
V14.mp4,8,0,0,0.25148511381136507
V14.mp4,9,0,0,0.2549565038010256
V14.mp4,10,0,0,0.24020795232778658
V14.mp4,11,0,0,0.21012854758422847
V14.mp4,12,0,0,0.21777322140892086
V14.mp4,13,0,0,0.2314015383190571
V14.mp4,14,0,0,0.24427253080379635
V14.mp4,15,0,0,0.2538202853621898
V14.mp4,16,0,0,0.18130182110705909
V14.mp4,17,0,0,0.11684914184841483
V14.mp4,18,0,0,0.15917979776319013
V14.mp4,19,0,0,0.2253351098306631
V14.mp4,20,0,0,0.22347957575089544
V14.mp4,21,0,0,0.2258104619722628
V14.mp4,22,0,0,0.2136900637149192
V14.mp4,23,0,0,0.20982814572785657
V14.mp4,24,0,0,0.20626995683530677
V14.mp4,25,0,0,0.2180382824279977
V14.mp4,26,0,0,0.2111083257880483
V14.mp4,27,0,0,0.20625111559075696
V14.mp4,28,0,0,0.2048793360369709
V14.mp4,29,0,0,0.19885092474495897
V14.mp4,30,0,0,0.21754107348726662
V14.mp4,31,0,0,0.18159147927798683
V14.mp4,32,0,0,0.19812878009469456
V14.mp4,33,0,0,0.16773131003674507
V14.mp4,34,0,0,0.14556594094238628
V14.mp4,35,0,0,0.19777098952319988
V14.mp4,36,0,0,0.22419881942324593
V14.mp4,37,0,0,0.2391012155218871
V14.mp4,38,0,0,0.23423509126810568
V14.mp4,39,0,0,0.21111525424472088
V14.mp4,40,0,0,0.1417343467224567
V14.mp4,41,0,0,0.12727767817099123
V14.mp4,42,0,0,0.15823371170514436
V14.mp4,43,0,0,0.19967780614186834
V14.mp4,44,0,0,0.2151226686798663
V14.mp4,45,0,0,0.2090151638000438
V14.mp4,46,0,0,0.22043517254411332
V14.mp4,47,0,0,0.2257761185383869
V14.mp4,48,0,0,0.22063469845655817
V14.mp4,49,0,0,0.20128571977284368
V14.mp4,50,0,0,0.214279832966456
V14.mp4,51,0,0,0.20858370971214915
V14.mp4,52,0,0,0.2165367092735918
V14.mp4,53,0,0,0.21346759201501073
V14.mp4,54,0,0,0.20359994645264026
V14.mp4,55,0,0,0.2203388156163292
V14.mp4,56,0,0,0.23341622043670524
V14.mp4,57,0,0,0.2278344856635349
V14.mp4,58,0,0,0.23137553832824642
V14.mp4,59,0,0,0.2307108296889439
V14.mp4,60,0,0,0.2222823728364017
V14.mp4,61,0,0,0.1954825063641571
V14.mp4,62,0,0,0.19005303436198598
V14.mp4,63,0,0,0.20000520732404703
V14.mp4,64,0,0,0.26354694213237984
V14.mp4,65,0,0,0.2697318380625518
V14.mp4,66,0,0,0.3543453195858053
V14.mp4,67,0,0,0.3336743134270694
V14.mp4,68,0,0,0.33524037284966185
V14.mp4,69,0,0,0.2539875808327899
V14.mp4,70,0,0,0.2655201793918837
V14.mp4,71,0,0,0.1903700822203078
V14.mp4,72,0,0,0.1832280568628314
V14.mp4,73,0,0,0.1372732619325131
V14.mp4,74,0,0,0.1311267509133997
V14.mp4,75,0,0,0.14015169727167492
V14.mp4,76,0,0,0.15891040153388514
V14.mp4,77,0,0,0.20090107067424656
V14.mp4,78,0,0,0.2072512011784208
V14.mp4,79,0,0,0.19193773685639404
V14.mp4,80,0,0,0.20108278206213342
V14.mp4,81,0,0,0.20392224670240328
V14.mp4,82,0,0,0.20602354418105087
V14.mp4,83,0,0,0.21302113409152337
V14.mp4,84,0,0,0.2030101107523514
V14.mp4,85,0,0,0.13181985034612131
V14.mp4,86,0,0,0.10435409412782294
V14.mp4,87,0,0,0.013758315338978538
V14.mp4,88,0,0,0.012705751116116756
V14.mp4,89,0,0,0.1020640657744808
V14.mp4,90,0,0,0.09740750849326842
V14.mp4,91,0,0,0.10415658518177587
V14.mp4,92,0,0,0.10195081228034593
V14.mp4,93,0,0,0.12480849408741067
V14.mp4,94,0,0,0.1771808199984588
V14.mp4,95,0,0,0.1836828895266675
V14.mp4,96,0,0,0.19649575305871425
V14.mp4,97,0,0,0.20019844550842622
V14.mp4,98,0,0,0.11535543648316293
V14.mp4,99,0,0,0.1114035572862815
V14.mp4,100,0,0,0.08477050952394886
V14.mp4,101,0,0,0.03101444038796443
V14.mp4,102,0,0,0.04849880474229533
V14.mp4,103,0,0,0.055679376537891
V14.mp4,104,0,0,0.07827460729796366
V14.mp4,105,0,0,0.13270794307379213
V14.mp4,106,0,0,0.1581896492227071
V14.mp4,107,0,0,0.1950884871022915
V14.mp4,108,0,0,0.18416807241420846
V14.mp4,109,0,0,0.19314437298987175
V14.mp4,110,0,0,0.2196296144790493
V14.mp4,111,0,0,0.19776384039801348
V14.mp4,112,0,0,0.19873631900607225
V14.mp4,113,0,0,0.2717549853324711
V14.mp4,114,0,0,0.2625544941696358
V14.mp4,115,0,0,0.2306758596680377
V14.mp4,116,0,0,0.1873197188020182
V14.mp4,117,0,0,0.18059749814984258
V14.mp4,118,0,0,0.2209654318845724
V14.mp4,119,0,0,0.2622901175659659
V14.mp4,120,0,0,0.23448104597506864
V14.mp4,121,0,0,0.27571180503593073
V14.mp4,122,0,0,0.3369500804189979
V14.mp4,123,0,1,0.6061045524221512
V14.mp4,124,0,0,0.1528816103290607
V14.mp4,125,0,1,0.6418031560568422
V14.mp4,126,0,1,0.8408476436344894
V14.mp4,127,0,1,0.9507211508351167
V14.mp4,128,0,1,0.9469065006382149
V14.mp4,129,0,1,0.9619231944862565
V14.mp4,130,0,0,0.4278537631373982
V14.mp4,131,0,0,0.26903736827304325
V14.mp4,132,0,0,0.26880287519259716
V14.mp4,133,0,0,0.22106257418483724
V14.mp4,134,0,0,0.1920352637537363
V14.mp4,135,1,0,0.186292134828186
V14.mp4,136,1,0,0.13868028020276119
V14.mp4,137,1,0,0.14429824404784752
V14.mp4,138,1,0,0.15760430729295336
V14.mp4,139,1,0,0.13791661303552713
V14.mp4,140,0,0,0.13851360143146987
V14.mp4,141,0,0,0.19416438475961476
V14.mp4,142,0,0,0.25208329211061625
V14.mp4,143,0,0,0.27118217656357485
V14.mp4,144,0,1,0.6212710198100628
V14.mp4,145,0,0,0.27556978432873913
V14.mp4,146,0,0,0.3586422505957175
V14.mp4,147,0,1,0.5722769565278977
V14.mp4,148,0,1,0.7682270947250417
V14.mp4,149,0,1,0.7513753614387958
V14.mp4,150,0,1,0.8663987760744053
V14.mp4,151,0,1,0.686622144565391
V14.mp4,152,0,0,0.42469732660606074
V14.mp4,153,0,0,0.2603951467978964
V14.mp4,154,0,0,0.22852162056854508
V14.mp4,155,0,0,0.24898113901551105
V14.mp4,156,0,0,0.2771511717271985
V14.mp4,157,0,0,0.28773821626539925
V14.mp4,158,0,0,0.3050589705606454
V14.mp4,159,0,0,0.30844181809892895
V14.mp4,160,0,0,0.3203585423260799
V14.mp4,161,0,0,0.2990996513568551
V14.mp4,162,0,0,0.2911835940587911
V14.mp4,163,0,0,0.26459789191605576
V14.mp4,164,0,0,0.32235046908759435
V14.mp4,165,0,0,0.2937956810547722
V14.mp4,166,0,0,0.2779862880208163
V14.mp4,167,0,0,0.27039842270407705
V14.mp4,168,0,0,0.26822303823563287
V14.mp4,169,0,0,0.2624554406354142
V14.mp4,170,0,0,0.28336444222262774
V14.mp4,171,0,0,0.2864010595792272
V14.mp4,172,0,0,0.28318101326961204
V14.mp4,173,0,0,0.2933986622354127
V14.mp4,174,0,0,0.27584697468447017
V14.mp4,175,0,0,0.26936524695649827
V14.mp4,176,0,0,0.2793365298902604
V14.mp4,177,0,0,0.2965278633814545
V14.mp4,178,0,0,0.3225300696356177
V14.mp4,179,0,0,0.32368854047868234
V14.mp4,180,0,0,0.3496573977985973
V14.mp4,181,0,0,0.3315392098775182
V14.mp4,182,0,0,0.27901709583768974
V14.mp4,183,0,0,0.306491066824686
V14.mp4,184,0,0,0.2617208195441607
V14.mp4,185,0,0,0.25783101104605366
V14.mp4,186,0,0,0.25783101104605366
V14.mp4,187,0,0,0.25783101104605366
V14.mp4,188,0,0,0.25783101104605366
V14.mp4,189,0,0,0.25783101104605366
V14.mp4,190,0,0,0.25783101104605366
V14.mp4,191,0,0,0.25783101104605366
V14.mp4,192,0,0,0.25783101104605366
V14.mp4,193,0,0,0.25783101104605366
V14.mp4,194,0,0,0.25783101104605366
V14.mp4,195,0,0,0.25783101104605366
V14.mp4,196,0,0,0.25783101104605366
V14.mp4,197,0,0,0.25783101104605366
V14.mp4,198,0,0,0.25783101104605366
V14.mp4,199,0,0,0.25783101104605366
V14.mp4,200,0,0,0.25783101104605366
V14.mp4,201,0,0,0.25783101104605366
V14.mp4,202,0,0,0.25783101104605366
V14.mp4,203,0,0,0.25783101104605366
V14.mp4,204,0,0,0.25783101104605366
V14.mp4,205,0,0,0.25783101104605366
V14.mp4,206,0,0,0.25783101104605366
V14.mp4,207,0,0,0.25783101104605366
V14.mp4,208,0,0,0.25783101104605366
V14.mp4,209,0,0,0.25783101104605366
V14.mp4,210,0,0,0.25783101104605366
V14.mp4,211,0,0,0.25783101104605366
V14.mp4,212,0,0,0.25783101104605366
V14.mp4,213,0,0,0.25783101104605366
V14.mp4,214,0,0,0.25783101104605366
V14.mp4,215,0,0,0.25783101104605366
V14.mp4,216,0,0,0.25783101104605366
V14.mp4,217,0,0,0.25783101104605366
V14.mp4,218,0,0,0.25783101104605366
V14.mp4,219,0,0,0.25783101104605366
V14.mp4,220,0,0,0.25783101104605366
V14.mp4,221,0,0,0.25783101104605366
V14.mp4,222,0,0,0.25783101104605366
V14.mp4,223,0,0,0.25783101104605366
V14.mp4,224,0,0,0.25783101104605366
V14.mp4,225,0,0,0.25783101104605366
V15.mp4,1,0,0,0.13503204426677767
V15.mp4,2,0,0,0.16763935780376765
V15.mp4,3,0,0,0.20657343396972705
V15.mp4,4,0,0,0.2840202799518039
V15.mp4,5,0,0,0.4007807155527672
V15.mp4,6,0,0,0.25720318669474895
V15.mp4,7,0,0,0.26722278239205255
V15.mp4,8,0,0,0.2455389648330819
V15.mp4,9,0,0,0.2255240889765635
V15.mp4,10,0,0,0.21552107378978488
V15.mp4,11,0,0,0.21132750451337562
V15.mp4,12,0,0,0.2162309923434954
V15.mp4,13,0,0,0.2297760793587871
V15.mp4,14,0,0,0.23177971960216598
V15.mp4,15,0,0,0.21928019427363654
V15.mp4,16,0,0,0.20132708204735364
V15.mp4,17,0,0,0.1959992247874099
V15.mp4,18,0,0,0.2083620166843366
V15.mp4,19,0,0,0.2131991901631292
V15.mp4,20,0,0,0.22015414693563545
V15.mp4,21,0,0,0.22762163761099258
V15.mp4,22,0,0,0.22188232744234335
V15.mp4,23,0,0,0.22012646383264803
V15.mp4,24,0,0,0.2078985345545145
V15.mp4,25,0,0,0.20303898898094896
V15.mp4,26,0,0,0.20268886829360172
V15.mp4,27,0,0,0.18484598737575714
V15.mp4,28,0,0,0.19483932254835568
V15.mp4,29,0,0,0.19487501862441683
V15.mp4,30,0,0,0.20458155494775562
V15.mp4,31,0,0,0.22074170859450468
V15.mp4,32,0,0,0.23162419664281161
V15.mp4,33,0,0,0.20629855108234693
V15.mp4,34,0,0,0.18719366160744597
V15.mp4,35,0,0,0.18871567703267153
V15.mp4,36,0,0,0.20300328982364474
V15.mp4,37,0,0,0.2487189180397805
V15.mp4,38,0,0,0.26221819618199427
V15.mp4,39,0,0,0.3461652881528673
V15.mp4,40,0,0,0.3026646819126245
V15.mp4,41,0,0,0.24210641177934608
V15.mp4,42,0,0,0.2882560427190605
V15.mp4,43,0,0,0.3691580503021296
V15.mp4,44,0,1,0.5941725507492885
V15.mp4,45,0,0,0.4342519152363869
V15.mp4,46,0,0,0.29103627336850324
V15.mp4,47,0,0,0.22569435397113297
V15.mp4,48,0,0,0.20635647664337145
V15.mp4,49,0,0,0.2218103879820149
V15.mp4,50,0,0,0.2114161138008154
V15.mp4,51,0,0,0.2119212785157311
V15.mp4,52,0,0,0.1905712981943607
V15.mp4,53,0,0,0.1808919307416641
V15.mp4,54,0,0,0.1812449624140133
V15.mp4,55,0,0,0.1993317453365287
V15.mp4,56,0,0,0.19469845925380863
V15.mp4,57,0,0,0.191101474324678
V15.mp4,58,0,0,0.1880530940863499
V15.mp4,59,0,0,0.1865102041164865
V15.mp4,60,0,0,0.19739116937140144
V15.mp4,61,0,0,0.18265449989677468
V15.mp4,62,0,0,0.1876185815195155
V15.mp4,63,0,0,0.1913579311297295
V15.mp4,64,0,0,0.19092532720371277
V15.mp4,65,0,0,0.21109209045117125
V15.mp4,66,0,0,0.18812651073795966
V15.mp4,67,0,0,0.22099489228906105
V15.mp4,68,0,0,0.2455897220670431
V15.mp4,69,0,0,0.2788081720620841
V15.mp4,70,0,0,0.2865003656574162
V15.mp4,71,0,0,0.33485150848227846
V15.mp4,72,0,0,0.19277057202267253
V15.mp4,73,0,0,0.24330822045752037
V15.mp4,74,0,0,0.2919232077758194
V15.mp4,75,0,0,0.3584246092846628
V15.mp4,76,0,0,0.4729793041000817
V15.mp4,77,0,0,0.480680800826345
V15.mp4,78,0,1,0.6833492237100637
V15.mp4,79,0,1,0.8894221147167198
V15.mp4,80,0,1,0.9821718722855427
V15.mp4,81,0,1,0.9934364688367757
V15.mp4,82,0,1,0.930229448706399
V15.mp4,83,0,0,0.3389815440792414
V15.mp4,84,0,0,0.2503221138225314
V15.mp4,85,1,0,0.2615732563707305
V15.mp4,86,1,0,0.27861972959696313
V15.mp4,87,1,0,0.2762835187603014
V15.mp4,88,1,0,0.3004762892997181
V15.mp4,89,1,0,0.24102074446698546
V15.mp4,90,0,0,0.19785219045765687
V15.mp4,91,0,0,0.1903585687417061
V15.mp4,92,0,0,0.20563848359302475
V15.mp4,93,0,0,0.21214236240234874
V15.mp4,94,0,0,0.19095276330743363
V15.mp4,95,0,0,0.327584871813461
V15.mp4,96,0,0,0.20177105217600466
V15.mp4,97,0,0,0.08067721450228899
V15.mp4,98,0,0,0.2720218841070384
V15.mp4,99,0,0,0.17274293257841564
V15.mp4,100,0,0,0.13410298327095152
V15.mp4,101,0,0,0.17010230039487118
V15.mp4,102,0,0,0.17388895730261125
V15.mp4,103,0,0,0.189805040772762
V15.mp4,104,0,0,0.1906097187043787
V15.mp4,105,0,0,0.20299857501167545
V15.mp4,106,0,0,0.2591030631006688
V15.mp4,107,0,0,0.29428346424072316
V15.mp4,108,0,0,0.20194823916236085
V15.mp4,109,0,0,0.3156015748586642
V15.mp4,110,0,0,0.3761262565449444
V15.mp4,111,0,0,0.3734756804875954
V15.mp4,112,0,1,0.5286538623972258
V15.mp4,113,0,1,0.6138856254804949
V15.mp4,114,0,0,0.24216361953481927
V15.mp4,115,0,0,0.12514899956648468
V15.mp4,116,0,0,0.20430502382069712
V15.mp4,117,0,0,0.257682155508376
V15.mp4,118,0,0,0.21581324909033572
V15.mp4,119,0,0,0.21102923971458723
V15.mp4,120,0,0,0.2352261326067797
V15.mp4,121,0,0,0.20375757549521945
V15.mp4,122,0,0,0.21620767435089386
V15.mp4,123,0,0,0.20650270057789552
V15.mp4,124,0,0,0.17865412830116237
V15.mp4,125,0,0,0.16741908612017736
V15.mp4,126,0,0,0.18493506948915892
V15.mp4,127,0,0,0.18103040162187053
V15.mp4,128,0,0,0.21129754688541266
V15.mp4,129,0,0,0.2693805634523852
V15.mp4,130,0,0,0.22497796357793065
V15.mp4,131,0,0,0.44084661836727834
V15.mp4,132,0,1,0.5220446025151975
V15.mp4,133,0,1,0.6627447735990064
V15.mp4,134,0,0,0.4907257876999768
V15.mp4,135,0,0,0.32496227971570096
V15.mp4,136,0,0,0.19883436810979946
V15.mp4,137,0,0,0.2302627032226044
V15.mp4,138,0,0,0.24720322431209432
V15.mp4,139,0,0,0.2629998899764662
V15.mp4,140,0,0,0.27425186496318466
V15.mp4,141,0,0,0.23434735223886308
V15.mp4,142,0,0,0.27543959284053393
V15.mp4,143,0,0,0.30257631726768697
V15.mp4,144,0,0,0.3225654496792675
V15.mp4,145,0,0,0.32139081323862584
V15.mp4,146,0,0,0.34833210501954665
V15.mp4,147,0,0,0.2574197404715414
V15.mp4,148,0,0,0.2435232608925202
V15.mp4,149,0,0,0.21487506198336828
V15.mp4,150,0,0,0.20675142126356164
V15.mp4,151,0,0,0.21276088935673745
V15.mp4,152,0,0,0.20592919804764992
V15.mp4,153,0,0,0.21078236512464443
V15.mp4,154,0,0,0.19653784814204753
V15.mp4,155,0,0,0.18975221661719868
V15.mp4,156,0,0,0.1948636016819582
V15.mp4,157,0,0,0.20808217028295625
V15.mp4,158,0,0,0.20873625652355363
V15.mp4,159,0,0,0.21010178896526718
V15.mp4,160,0,0,0.21509120058744813
V15.mp4,161,0,0,0.21445881221620647
V15.mp4,162,0,0,0.20866952521489224
V15.mp4,163,0,0,0.20660888876029895
V15.mp4,164,0,0,0.21541836245304608
V15.mp4,165,0,0,0.23443569350816001
V15.mp4,166,0,0,0.25743785582307
V15.mp4,167,0,0,0.260958521483572
V15.mp4,168,0,0,0.23547483976147554
V15.mp4,169,0,0,0.24569419510822432
V15.mp4,170,0,0,0.27687217126758634
V15.mp4,171,0,0,0.3091426726980949
V15.mp4,172,0,0,0.3201362102397324
V15.mp4,173,0,0,0.3201362102397324
V15.mp4,174,0,0,0.3201362102397324
V15.mp4,175,0,0,0.3201362102397324
V15.mp4,176,0,0,0.3201362102397324
V15.mp4,177,0,0,0.3201362102397324
V15.mp4,178,0,0,0.3201362102397324
V15.mp4,179,0,0,0.3201362102397324
V15.mp4,180,0,0,0.3201362102397324
V15.mp4,181,0,0,0.3201362102397324
V15.mp4,182,0,0,0.3201362102397324
V15.mp4,183,0,0,0.3201362102397324
V15.mp4,184,0,0,0.3201362102397324
V15.mp4,185,0,0,0.3201362102397324
V15.mp4,186,0,0,0.3201362102397324
V15.mp4,187,0,0,0.3201362102397324
V15.mp4,188,0,0,0.3201362102397324
V15.mp4,189,0,0,0.3201362102397324
V15.mp4,190,0,0,0.3201362102397324
V15.mp4,191,0,0,0.3201362102397324
V15.mp4,192,0,0,0.3201362102397324
V15.mp4,193,0,0,0.3201362102397324
V15.mp4,194,0,0,0.3201362102397324
V15.mp4,195,0,0,0.3201362102397324
V15.mp4,196,0,0,0.3201362102397324
V15.mp4,197,0,0,0.3201362102397324
V15.mp4,198,0,0,0.3201362102397324
V15.mp4,199,0,0,0.3201362102397324
V15.mp4,200,0,0,0.3201362102397324
V15.mp4,201,0,0,0.3201362102397324
V15.mp4,202,0,0,0.3201362102397324
V15.mp4,203,0,0,0.3201362102397324
V15.mp4,204,0,0,0.3201362102397324
V15.mp4,205,0,0,0.3201362102397324
V15.mp4,206,0,0,0.3201362102397324
V15.mp4,207,0,0,0.3201362102397324
V15.mp4,208,0,0,0.3201362102397324
V15.mp4,209,0,0,0.3201362102397324
V15.mp4,210,0,0,0.3201362102397324
V15.mp4,211,0,0,0.3201362102397324
V15.mp4,212,0,0,0.3201362102397324
V15.mp4,213,0,0,0.3201362102397324
V15.mp4,214,0,0,0.3201362102397324
V15.mp4,215,0,0,0.3201362102397324
V15.mp4,216,0,0,0.3201362102397324
V15.mp4,217,0,0,0.3201362102397324
V15.mp4,218,0,0,0.3201362102397324
V15.mp4,219,0,0,0.3201362102397324
V15.mp4,220,0,0,0.3201362102397324
V16.mp4,1,0,0,0.23636800002953745
V16.mp4,2,0,0,0.25054769599038246
V16.mp4,3,0,0,0.28642055851144865
V16.mp4,4,0,0,0.32071630788496597
V16.mp4,5,0,0,0.40908931886136424
V16.mp4,6,0,0,0.347829782154009
V16.mp4,7,0,0,0.33957080573724924
V16.mp4,8,0,0,0.35058968209213914
V16.mp4,9,0,0,0.3652535615003963
V16.mp4,10,0,0,0.3501725084497838
V16.mp4,11,0,0,0.3614949821431299
V16.mp4,12,0,0,0.34877399868529657
V16.mp4,13,0,0,0.3878881055172407
V16.mp4,14,0,0,0.35153147570160864
V16.mp4,15,0,0,0.3304408879899597
V16.mp4,16,0,0,0.3164592272778782
V16.mp4,17,0,0,0.34482479905663654
V16.mp4,18,0,0,0.3637865255201896
V16.mp4,19,0,0,0.3710378029267853
V16.mp4,20,0,0,0.41353062840281374
V16.mp4,21,0,0,0.2977082527877774
V16.mp4,22,0,0,0.3340815869457446
V16.mp4,23,0,0,0.3399122843591784
V16.mp4,24,0,0,0.2887577067541874
V16.mp4,25,0,0,0.42855671050477756
V16.mp4,26,0,0,0.36286866149141683
V16.mp4,27,0,0,0.26057961742503205
V16.mp4,28,0,0,0.27327958327676205
V16.mp4,29,0,0,0.2819472366773006
V16.mp4,30,0,0,0.34334157248480607
V16.mp4,31,0,0,0.35273826554542437
V16.mp4,32,0,0,0.35588074698838557
V16.mp4,33,0,0,0.334647232275826
V16.mp4,34,0,0,0.3220517044880652
V16.mp4,35,0,0,0.33996362791441104
V16.mp4,36,0,0,0.3482049462236859
V16.mp4,37,0,0,0.40734592261752295
V16.mp4,38,0,0,0.4180273000033376
V16.mp4,39,0,0,0.404862996325093
V16.mp4,40,0,0,0.3758667847610786
V16.mp4,41,0,0,0.3762227250328894
V16.mp4,42,0,0,0.3716954463442551
V16.mp4,43,0,0,0.3754216477422872
V16.mp4,44,0,0,0.3501302335239308
V16.mp4,45,0,0,0.34543267058035326
V16.mp4,46,0,0,0.339594429733173
V16.mp4,47,0,0,0.3243679805084273
V16.mp4,48,0,0,0.3187757025614006
V16.mp4,49,0,0,0.30402000967080894
V16.mp4,50,0,0,0.2982026266156456
V16.mp4,51,0,0,0.3218735408370025
V16.mp4,52,0,0,0.3419199083373972
V16.mp4,53,0,0,0.3640632607741343
V16.mp4,54,0,0,0.37426909814860027
V16.mp4,55,0,0,0.376088699641866
V16.mp4,56,0,0,0.36258800800912294
V16.mp4,57,0,0,0.37995392468460687
V16.mp4,58,0,0,0.4076758846538861
V16.mp4,59,0,0,0.3996602387894295
V16.mp4,60,0,0,0.37245650219401627
V16.mp4,61,0,0,0.37281361718109685
V16.mp4,62,0,0,0.38303525626217894
V16.mp4,63,0,0,0.38697610477835337
V16.mp4,64,0,0,0.4035808270112726
V16.mp4,65,0,0,0.43322785969043176
V16.mp4,66,0,1,0.6691106700708217
V16.mp4,67,0,0,0.42279477521123393
V16.mp4,68,0,0,0.4461907453111533
V16.mp4,69,0,1,0.543110592251916
V16.mp4,70,0,1,0.6957707754134523
V16.mp4,71,0,1,0.711662184286811
V16.mp4,72,0,1,0.8415907777891466
V16.mp4,73,0,1,0.8292249131537861
V16.mp4,74,0,0,0.3937893231960419
V16.mp4,75,0,0,0.27653294153035113
V16.mp4,76,0,0,0.26407452915113294
V16.mp4,77,0,0,0.2659884308250097
V16.mp4,78,0,0,0.2599371552148541
V16.mp4,79,0,0,0.2571767711207587
V16.mp4,80,0,0,0.28343884475714737
V16.mp4,81,0,0,0.3140592675475319
V16.mp4,82,0,0,0.2870436776360694
V16.mp4,83,0,0,0.3040718898562242
V16.mp4,84,0,0,0.3090869629573514
V16.mp4,85,0,0,0.3199706383702643
V16.mp4,86,0,0,0.3111942552603733
V16.mp4,87,0,0,0.32415264042073616
V16.mp4,88,0,0,0.3188587788147522
V16.mp4,89,0,0,0.3015880902058515
V16.mp4,90,0,0,0.31690371066904083
V16.mp4,91,0,0,0.2973258140941179
V16.mp4,92,0,0,0.29202479884172855
V16.mp4,93,0,0,0.27148904644106775
V16.mp4,94,0,0,0.2977630801927255
V16.mp4,95,0,0,0.33407832605669113
V16.mp4,96,0,0,0.378604287263665
V16.mp4,97,0,0,0.38882358928351396
V16.mp4,98,0,0,0.4857850737349132
V16.mp4,99,0,0,0.4626164502227737
V16.mp4,100,0,0,0.41821496151593496
V16.mp4,101,0,0,0.38024784058356464
V16.mp4,102,0,0,0.31531321596363104
V16.mp4,103,0,0,0.2868962030862456
V16.mp4,104,0,0,0.28309283143539726
V16.mp4,105,0,0,0.30032276823733833
V16.mp4,106,0,0,0.29833427552908803
V16.mp4,107,0,0,0.2858922908686403
V16.mp4,108,0,0,0.27235961453366014
V16.mp4,109,0,0,0.26161679873171595
V16.mp4,110,0,0,0.2572604500630779
V16.mp4,111,0,0,0.28018191026151706
V16.mp4,112,0,0,0.34356537619575866
V16.mp4,113,0,0,0.36441373513681263
V16.mp4,114,0,0,0.4588559200481252
V16.mp4,115,0,0,0.4210970842760326
V16.mp4,116,0,0,0.3669262241643193
V16.mp4,117,0,0,0.29412472041333837
V16.mp4,118,0,0,0.28402270195699925
V16.mp4,119,0,0,0.2812394050864462
V16.mp4,120,0,0,0.2896159066216422
V16.mp4,121,0,0,0.3079970559488858
V16.mp4,122,0,0,0.3348420222695631
V16.mp4,123,0,0,0.33868918621499483
V16.mp4,124,0,0,0.31734709786566173
V16.mp4,125,0,0,0.35122732880518936
V16.mp4,126,0,0,0.353281184191097
V16.mp4,127,0,0,0.34778658907635324
V16.mp4,128,0,0,0.3467057035575992
V16.mp4,129,0,0,0.31556242113833216
V16.mp4,130,0,0,0.3026278272061206
V16.mp4,131,0,0,0.3065826424682471
V16.mp4,132,0,0,0.32804255135282007
V16.mp4,133,0,0,0.3592212443817016
V16.mp4,134,0,0,0.37499859538380764
V16.mp4,135,0,0,0.3858571463659549
V16.mp4,136,0,0,0.3372759332142183
V16.mp4,137,0,0,0.39181555971012366
V16.mp4,138,0,0,0.4705902974749141
V16.mp4,139,0,1,0.5073491220480822
V16.mp4,140,0,1,0.5485068975222772
V16.mp4,141,0,0,0.49542873053545794
V16.mp4,142,0,0,0.45658811574034386
V16.mp4,143,0,0,0.43843199867355953
V16.mp4,144,0,0,0.39418155012478145
V16.mp4,145,0,0,0.3877618243271919
V16.mp4,146,0,0,0.3570651736355928
V16.mp4,147,0,0,0.32938083874759233
V16.mp4,148,0,0,0.31547917067403436
V16.mp4,149,0,0,0.32465110717821416
V16.mp4,150,0,0,0.30443086956224297
V16.mp4,151,0,0,0.2809170414182624
V16.mp4,152,0,0,0.4045344857610859
V16.mp4,153,0,0,0.31836259562973573
V16.mp4,154,0,0,0.24107036824594985
V16.mp4,155,0,1,0.5943576350584874
V16.mp4,156,1,1,0.6096387156050092
V16.mp4,157,1,1,0.7998660028920151
V16.mp4,158,1,1,0.7860475419988312
V16.mp4,159,1,1,0.8743311791486204
V16.mp4,160,1,0,0.47005198661430414
V16.mp4,161,0,0,0.43075691238470043
V16.mp4,162,0,0,0.46262292664438576
V16.mp4,163,0,0,0.40421827432691
V16.mp4,164,0,0,0.3581889890187594
V16.mp4,165,0,0,0.3556494311807834
V16.mp4,166,0,0,0.3813709130822297
V16.mp4,167,0,0,0.32475222592576203
V16.mp4,168,0,0,0.3277379701839044
V16.mp4,169,0,0,0.3267568279540835
V16.mp4,170,0,0,0.3315386935289935
V16.mp4,171,0,0,0.33577464939908
V16.mp4,172,0,0,0.3551254823669257
V16.mp4,173,0,0,0.36126798349589584
V16.mp4,174,0,0,0.3780269943735931
V16.mp4,175,0,0,0.36903729914685535
V16.mp4,176,0,0,0.41632355935106746
V16.mp4,177,0,0,0.3822967531704957
V16.mp4,178,0,0,0.33330550915782775
V16.mp4,179,0,0,0.3199487518504209
V16.mp4,180,0,0,0.33894510555243434
V16.mp4,181,0,0,0.36029454594243604
V16.mp4,182,0,0,0.4442446778067873
V16.mp4,183,0,0,0.3920465919218666
V16.mp4,184,0,0,0.40570048556255056
V16.mp4,185,0,0,0.43812619522900836
V16.mp4,186,0,1,0.6088852945255874
V16.mp4,187,0,1,0.5731462509408002
V16.mp4,188,0,1,0.6756129143289598
V16.mp4,189,0,1,0.6380563175676667
V16.mp4,190,0,1,0.538246836394781
V16.mp4,191,0,0,0.3830719399162758
V16.mp4,192,0,0,0.3445803660175551
V16.mp4,193,0,0,0.3497634470089572
V16.mp4,194,0,0,0.34316497287413256
V16.mp4,195,0,0,0.3850643524401841
V16.mp4,196,0,0,0.4326304636391142
V16.mp4,197,0,0,0.43495392537328675
V16.mp4,198,0,0,0.3547188829196838
V16.mp4,199,0,0,0.3257735678220192
V16.mp4,200,0,0,0.36457537297560144
V16.mp4,201,0,0,0.47746678114841756
V16.mp4,202,0,1,0.5468375421431557
V16.mp4,203,0,1,0.6453473552879403
V16.mp4,204,0,1,0.565811225393412
V16.mp4,205,0,0,0.4808190995012194
V16.mp4,206,0,0,0.4042867824380962
V16.mp4,207,0,0,0.42464547891148113
V16.mp4,208,0,0,0.4226464016162673
V16.mp4,209,0,0,0.4356069005260459
V16.mp4,210,0,0,0.4256855496576321
V16.mp4,211,0,0,0.4325860779717045
V16.mp4,212,0,0,0.42152883620287906
V16.mp4,213,0,0,0.43582646027489885
V16.mp4,214,0,0,0.38171656028254447
V16.mp4,215,0,0,0.41545572753883214
V16.mp4,216,0,0,0.41843098714277777
V16.mp4,217,0,0,0.37611978945767577
V16.mp4,218,0,0,0.3329634695576175
V16.mp4,219,0,0,0.3446623999531042
V16.mp4,220,0,0,0.3662100860212785
V16.mp4,221,0,0,0.37448325887023215
V16.mp4,222,0,0,0.397618484834419
V16.mp4,223,0,0,0.40782498606875117
V16.mp4,224,0,0,0.41704370820723274
V16.mp4,225,0,0,0.3565392005850455
V16.mp4,226,0,0,0.392311303668358
V16.mp4,227,0,0,0.37281518997004004
V16.mp4,228,0,0,0.35341144964485016
V16.mp4,229,0,0,0.35686750627639785
V16.mp4,230,0,0,0.3261458533970708
V16.mp4,231,0,0,0.3187247293627786
V16.mp4,232,0,0,0.3459712105211952
V16.mp4,233,0,0,0.305552547059424
V16.mp4,234,0,0,0.305552547059424
V16.mp4,235,0,0,0.305552547059424
V16.mp4,236,0,0,0.305552547059424
V16.mp4,237,0,0,0.305552547059424
V16.mp4,238,0,0,0.305552547059424
V16.mp4,239,0,0,0.305552547059424
V16.mp4,240,0,0,0.305552547059424
V16.mp4,241,0,0,0.305552547059424
V16.mp4,242,0,0,0.305552547059424
V16.mp4,243,0,0,0.305552547059424
V16.mp4,244,0,0,0.305552547059424
V16.mp4,245,0,0,0.305552547059424
V17.mp4,1,0,0,0.1902912371876268
V17.mp4,2,0,0,0.22047855983737835
V17.mp4,3,0,0,0.3138149619562721
V17.mp4,4,0,0,0.3387315805568798
V17.mp4,5,0,1,0.5809160520794594
V17.mp4,6,0,0,0.40394741258343475
V17.mp4,7,0,0,0.3486264617569928
V17.mp4,8,0,0,0.3252710385745759
V17.mp4,9,0,0,0.351463008301716
V17.mp4,10,0,0,0.30322201992434905
V17.mp4,11,0,0,0.2901674410843481
V17.mp4,12,0,0,0.3057619085577411
V17.mp4,13,0,0,0.28319246664074343
V17.mp4,14,0,0,0.27026661782101236
V17.mp4,15,0,0,0.283276498873598
V17.mp4,16,0,0,0.3224951917915057
V17.mp4,17,0,0,0.3575091461945072
V17.mp4,18,0,0,0.37631680036481857
V17.mp4,19,0,0,0.3851360067075785
V17.mp4,20,0,0,0.376767702604198
V17.mp4,21,0,0,0.3170044916894785
V17.mp4,22,0,0,0.32862076474115337
V17.mp4,23,0,0,0.36773355407229064
V17.mp4,24,0,0,0.3487382345161526
V17.mp4,25,0,0,0.4109825723466534
V17.mp4,26,0,0,0.4409703291244003
V17.mp4,27,0,0,0.49286092038513823
V17.mp4,28,0,0,0.4668535241965348
V17.mp4,29,0,1,0.5891876746722443
V17.mp4,30,0,0,0.40197625246396046
V17.mp4,31,0,0,0.3505505900280122
V17.mp4,32,0,0,0.330102552083368
V17.mp4,33,0,0,0.30070001598639795
V17.mp4,34,0,0,0.3064394487275579
V17.mp4,35,0,0,0.30973422181931065
V17.mp4,36,0,0,0.29569953426250445
V17.mp4,37,0,0,0.3129946047454502
V17.mp4,38,0,0,0.2944461654517845
V17.mp4,39,0,0,0.30198651468362114
V17.mp4,40,0,0,0.3154987876316479
V17.mp4,41,0,0,0.35076253245628136
V17.mp4,42,0,0,0.32757809044741465
V17.mp4,43,0,0,0.3222474448151533
V17.mp4,44,0,0,0.31537398479681916
V17.mp4,45,0,0,0.3078779430913628
V17.mp4,46,0,0,0.31072676367239077
V17.mp4,47,0,0,0.30179000219993257
V17.mp4,48,0,0,0.3049684458098437
V17.mp4,49,0,0,0.3064718064318486
V17.mp4,50,0,0,0.31779882609877397
V17.mp4,51,0,0,0.34342787001910674
V17.mp4,52,0,0,0.3514694599217492
V17.mp4,53,0,0,0.3326701684288284
V17.mp4,54,0,0,0.33663838713072947
V17.mp4,55,0,0,0.33821257262894533
V17.mp4,56,0,0,0.35479950286767536
V17.mp4,57,0,0,0.3791272903180736
V17.mp4,58,0,0,0.38533320988694614
V17.mp4,59,0,0,0.4017441451314317
V17.mp4,60,0,0,0.3695150588397105
V17.mp4,61,0,0,0.29932611026863537
V17.mp4,62,0,0,0.3004727297571566
V17.mp4,63,0,0,0.3092102831728436
V17.mp4,64,0,0,0.3192865789998236
V17.mp4,65,0,0,0.3197893662374208
V17.mp4,66,0,0,0.3472546502161406
V17.mp4,67,0,0,0.33370718310251296
V17.mp4,68,0,0,0.31514263931270753
V17.mp4,69,0,0,0.31107437401370275
V17.mp4,70,0,0,0.30474919050532784
V17.mp4,71,0,0,0.3053394325989938
V17.mp4,72,0,0,0.3073997217034059
V17.mp4,73,0,0,0.3388399677497185
V17.mp4,74,0,0,0.30378312095227933
V17.mp4,75,0,0,0.324024597393173
V17.mp4,76,0,0,0.3369338024290185
V17.mp4,77,0,0,0.32997854560178436
V17.mp4,78,0,0,0.3279098488540882
V17.mp4,79,0,0,0.330621045283197
V17.mp4,80,0,0,0.3250792579786986
V17.mp4,81,0,0,0.3257576419070543
V17.mp4,82,0,0,0.3607678612668994
V17.mp4,83,0,0,0.38657846765430043
V17.mp4,84,0,0,0.3721852940495571
V17.mp4,85,0,0,0.3593607661992787
V17.mp4,86,0,0,0.3430986380697106
V17.mp4,87,0,0,0.34515473337349306
V17.mp4,88,0,0,0.34102433788659947
V17.mp4,89,0,0,0.34029069470848294
V17.mp4,90,0,0,0.3281294176262743
V17.mp4,91,0,0,0.3269020177999097
V17.mp4,92,0,0,0.34429761855680047
V17.mp4,93,0,0,0.3986395505889956
V17.mp4,94,0,0,0.38563671799252774
V17.mp4,95,0,0,0.4524668613684167
V17.mp4,96,0,0,0.38639389842605715
V17.mp4,97,0,0,0.3273072713284523
V17.mp4,98,0,0,0.2926519993628942
V17.mp4,99,0,0,0.3122970843571457
V17.mp4,100,0,0,0.32760180895142343
V17.mp4,101,0,0,0.34620387923207313
V17.mp4,102,0,0,0.31750230325573325
V17.mp4,103,0,0,0.324052038795017
V17.mp4,104,0,0,0.32799761502470604
V17.mp4,105,0,0,0.3249918705584168
V17.mp4,106,0,0,0.32627943482938343
V17.mp4,107,0,0,0.3461551061579524
V17.mp4,108,0,0,0.3387338538059711
V17.mp4,109,0,0,0.3086748895220117
V17.mp4,110,0,0,0.30740429968844246
V17.mp4,111,0,0,0.28118530215928483
V17.mp4,112,0,0,0.27883537880966136
V17.mp4,113,0,0,0.3213025065938445
V17.mp4,114,0,0,0.3201862248159011
V17.mp4,115,0,0,0.34398294343423613
V17.mp4,116,0,0,0.3276317796032388
V17.mp4,117,0,0,0.3226790317078887
V17.mp4,118,0,0,0.2981222913460288
V17.mp4,119,0,0,0.3088686474777793
V17.mp4,120,0,0,0.3027486451349441
V17.mp4,121,0,0,0.3055990099932778
V17.mp4,122,0,0,0.28298209754942366
V17.mp4,123,0,0,0.4714604120825891
V17.mp4,124,0,0,0.4524040220307177
V17.mp4,125,0,0,0.36103265577158056
V17.mp4,126,0,1,0.7042005155097322
V17.mp4,127,0,1,0.8739949730976816
V17.mp4,128,1,1,0.9670692759857737
V17.mp4,129,1,1,0.960306234243729
V17.mp4,130,1,1,0.9762253866335447
V17.mp4,131,1,1,0.615831095227674
V17.mp4,132,1,0,0.44844883969206784
V17.mp4,133,0,0,0.34097996121940766
V17.mp4,134,0,0,0.3340813646709834
V17.mp4,135,0,0,0.2852208080241309
V17.mp4,136,0,0,0.322279607935131
V17.mp4,137,0,0,0.3124263517985851
V17.mp4,138,0,0,0.30786168819171345
V17.mp4,139,0,0,0.26742202532983433
V17.mp4,140,0,0,0.2776650344901781
V17.mp4,141,0,0,0.2819920377397678
V17.mp4,142,0,0,0.2798470608616865
V17.mp4,143,0,0,0.2939805944605385
V17.mp4,144,0,0,0.2918519687782599
V17.mp4,145,0,0,0.30080716612321495
V17.mp4,146,0,0,0.29921364900046127
V17.mp4,147,0,0,0.2734199044485913
V17.mp4,148,0,0,0.2590849579398145
V17.mp4,149,0,0,0.24337646518764408
V17.mp4,150,0,0,0.23797639685239175
V17.mp4,151,0,0,0.26028038787705404
V17.mp4,152,0,0,0.3011036408635692
V17.mp4,153,0,0,0.3889218099241708
V17.mp4,154,0,0,0.30968681417184757
V17.mp4,155,0,0,0.4585782588344405
V17.mp4,156,0,1,0.5589119534653817
V17.mp4,157,0,1,0.6740597235277132
V17.mp4,158,0,0,0.34976248154909007
V17.mp4,159,0,0,0.35169356621944026
V17.mp4,160,0,0,0.3425897415044246
V17.mp4,161,0,0,0.33369926764501573
V17.mp4,162,0,0,0.37809414518871587
V17.mp4,163,0,0,0.31243944036813565
V17.mp4,164,0,0,0.2937540532777184
V17.mp4,165,0,0,0.28185237447658007
V17.mp4,166,0,0,0.27386590556460677
V17.mp4,167,0,0,0.28551210036246666
V17.mp4,168,0,0,0.33785665753163735
V17.mp4,169,0,0,0.2766615885901463
V17.mp4,170,0,0,0.18438605086219326
V17.mp4,171,0,0,0.3296411084351982
V17.mp4,172,0,0,0.3169704294765113
V17.mp4,173,0,0,0.3381324700523009
V17.mp4,174,0,0,0.3404012511403715
V17.mp4,175,0,0,0.3634042529255208
V17.mp4,176,0,0,0.31832926136802636
V17.mp4,177,0,0,0.2823584756304157
V17.mp4,178,0,0,0.27801345106812775
V17.mp4,179,0,0,0.2517364518618923
V17.mp4,180,0,0,0.25267574630832296
V17.mp4,181,0,0,0.2522181334915538
V17.mp4,182,0,0,0.25884796307427527
V17.mp4,183,0,0,0.2558954487642243
V17.mp4,184,0,0,0.26675406165863763
V17.mp4,185,0,0,0.27909946515091877
V17.mp4,186,0,0,0.31230355661356457
V17.mp4,187,0,0,0.3307846602676797
V17.mp4,188,0,0,0.32105466682654005
V17.mp4,189,0,0,0.30607189411869706
V17.mp4,190,0,0,0.29732806429177877
V17.mp4,191,0,0,0.30368054199761085
V17.mp4,192,0,0,0.2925033028007154
V17.mp4,193,0,0,0.40614975175328083
V17.mp4,194,0,0,0.307073712274228
V17.mp4,195,0,0,0.136141110535732
V17.mp4,196,0,0,0.3713143962793012
V17.mp4,197,0,0,0.36385276078121226
V17.mp4,198,0,0,0.37379379967037124
V17.mp4,199,0,0,0.35287993546920715
V17.mp4,200,0,0,0.33338879896187285
V17.mp4,201,0,0,0.2922241191142265
V17.mp4,202,0,0,0.2753932812786637
V17.mp4,203,0,0,0.2704862736041111
V17.mp4,204,0,0,0.25499511354313625
V17.mp4,205,0,0,0.2861745358376727
V17.mp4,206,0,0,0.2996815882752711
V17.mp4,207,0,0,0.2777106257743162
V17.mp4,208,0,0,0.2777106768777235
V17.mp4,209,0,0,0.27771061669510244
V17.mp4,210,0,0,0.27720844542919615
V17.mp4,211,0,0,0.29236837962033063
V17.mp4,212,0,0,0.2722962771169754
V17.mp4,213,0,0,0.23289048882769842
V17.mp4,214,0,0,0.2752140545931606
V17.mp4,215,0,0,0.28912608221762076
V17.mp4,216,0,0,0.28912608221762076
V17.mp4,217,0,0,0.28912608221762076
V17.mp4,218,0,0,0.28912608221762076
V17.mp4,219,0,0,0.28912608221762076
V17.mp4,220,0,0,0.28912608221762076
V17.mp4,221,0,0,0.28912608221762076
V17.mp4,222,0,0,0.28912608221762076
V17.mp4,223,0,0,0.28912608221762076
V17.mp4,224,0,0,0.28912608221762076
V17.mp4,225,0,0,0.28912608221762076
V18.mp4,1,0,0,0.18559700808262672
V18.mp4,2,0,0,0.20466378081066564
V18.mp4,3,0,0,0.2522497391311749
V18.mp4,4,0,0,0.30036903010247684
V18.mp4,5,0,0,0.3976631330335485
V18.mp4,6,0,0,0.2768341054776744
V18.mp4,7,0,0,0.2803727259017684
V18.mp4,8,0,0,0.2977920131511281
V18.mp4,9,0,0,0.3156691374227687
V18.mp4,10,0,0,0.29006271681621726
V18.mp4,11,0,0,0.2970419787772551
V18.mp4,12,0,0,0.27597028686480507
V18.mp4,13,0,0,0.2654716497259506
V18.mp4,14,0,0,0.3051880185014178
V18.mp4,15,0,0,0.24693488399033275
V18.mp4,16,0,0,0.26759753043548185
V18.mp4,17,0,0,0.29690929288700235
V18.mp4,18,0,0,0.34270650801667757
V18.mp4,19,0,0,0.30621858160230164
V18.mp4,20,0,0,0.41152287082106886
V18.mp4,21,0,0,0.322584973277932
V18.mp4,22,0,0,0.26755681123650105
V18.mp4,23,0,0,0.24834961095140076
V18.mp4,24,0,0,0.27686207892931514
V18.mp4,25,0,0,0.25528709147424006
V18.mp4,26,0,0,0.26886154985540445
V18.mp4,27,0,0,0.295190622667923
V18.mp4,28,0,0,0.3604926073339368
V18.mp4,29,0,0,0.3354041455311427
V18.mp4,30,0,0,0.39158728574827395
V18.mp4,31,0,0,0.42976032097952627
V18.mp4,32,0,0,0.43073130821454564
V18.mp4,33,0,0,0.35731332415886
V18.mp4,34,0,0,0.3598928413382678
V18.mp4,35,0,0,0.31003795457020966
V18.mp4,36,0,0,0.2791857998886292
V18.mp4,37,0,0,0.25698249858992345
V18.mp4,38,0,0,0.26821226567444395
V18.mp4,39,0,0,0.35123133423916636
V18.mp4,40,0,0,0.4522564717394416
V18.mp4,41,0,0,0.49983947171409954
V18.mp4,42,0,1,0.6281800187310181
V18.mp4,43,0,0,0.3470836953863098
V18.mp4,44,0,0,0.27250635918996496
V18.mp4,45,0,0,0.24616086472570586
V18.mp4,46,0,0,0.26415691756447296
V18.mp4,47,0,0,0.22432847146851112
V18.mp4,48,0,0,0.2648511405084033
V18.mp4,49,0,0,0.2535169359483852
V18.mp4,50,0,0,0.25809697132997306
V18.mp4,51,0,0,0.28601317388006464
V18.mp4,52,0,0,0.2782633826543259
V18.mp4,53,0,0,0.27817570496984073
V18.mp4,54,0,0,0.29910192756785886
V18.mp4,55,0,0,0.3220367541315778
V18.mp4,56,0,0,0.3112120256392082
V18.mp4,57,0,0,0.3410979973393754
V18.mp4,58,0,0,0.2880684783564952
V18.mp4,59,0,0,0.2613386998074114
V18.mp4,60,0,0,0.2650865283785693
V18.mp4,61,0,0,0.25082173455341883
V18.mp4,62,0,0,0.22947609836456162
V18.mp4,63,0,0,0.23544125517273842
V18.mp4,64,0,0,0.25218931731589106
V18.mp4,65,0,0,0.24509181900823507
V18.mp4,66,0,0,0.2796300044605054
V18.mp4,67,0,0,0.29198764965447244
V18.mp4,68,0,0,0.29029311277819647
V18.mp4,69,0,0,0.30671631839716745
V18.mp4,70,0,0,0.40473590669854137
V18.mp4,71,0,0,0.2894467518765593
V18.mp4,72,0,1,0.5614966524529456
V18.mp4,73,0,1,0.8695821968437668
V18.mp4,74,0,1,0.9243368018906472
V18.mp4,75,1,1,0.9691000669920302
V18.mp4,76,1,1,0.8301021604149476
V18.mp4,77,1,0,0.4352609994377363
V18.mp4,78,1,0,0.23456734568356946
V18.mp4,79,1,0,0.2621589020838913
V18.mp4,80,0,0,0.27191404343215686
V18.mp4,81,0,0,0.27056328287519615
V18.mp4,82,0,0,0.27005158756646475
V18.mp4,83,0,0,0.2707072890954163
V18.mp4,84,0,0,0.2677770003427415
V18.mp4,85,0,0,0.2331903042358768
V18.mp4,86,0,0,0.26668410384774854
V18.mp4,87,0,0,0.274463830837096
V18.mp4,88,0,0,0.2731767816412633
V18.mp4,89,0,0,0.30706712962965754
V18.mp4,90,0,0,0.35767179227463186
V18.mp4,91,0,0,0.32063040030433604
V18.mp4,92,0,0,0.2609448202031555
V18.mp4,93,0,0,0.23163462074280752
V18.mp4,94,0,0,0.24463142275722416
V18.mp4,95,0,0,0.2622846084401301
V18.mp4,96,0,0,0.2899468823374149
V18.mp4,97,0,0,0.31506203757732254
V18.mp4,98,0,0,0.3080557766093091
V18.mp4,99,0,0,0.29806826465105873
V18.mp4,100,0,0,0.27911286034971555
V18.mp4,101,0,0,0.2694552462849259
V18.mp4,102,0,0,0.2671804517351194
V18.mp4,103,0,0,0.2565493134279802
V18.mp4,104,0,0,0.2777881550523145
V18.mp4,105,0,0,0.27933834878422104
V18.mp4,106,0,0,0.29939836845632045
V18.mp4,107,0,0,0.33641708331601317
V18.mp4,108,0,0,0.3579215280615444
V18.mp4,109,0,0,0.37464016816424506
V18.mp4,110,0,0,0.46715842799766877
V18.mp4,111,0,0,0.467984872159717
V18.mp4,112,0,0,0.3256461587982761
V18.mp4,113,0,0,0.2952701798881603
V18.mp4,114,0,0,0.24919751069911256
V18.mp4,115,0,0,0.22398126158065207
V18.mp4,116,0,0,0.2836055672011904
V18.mp4,117,0,0,0.2957184056603517
V18.mp4,118,0,0,0.30540617219800953
V18.mp4,119,0,0,0.33334105846350803
V18.mp4,120,0,0,0.35643166332389487
V18.mp4,121,0,0,0.3754535265521294
V18.mp4,122,0,0,0.37445438068351283
V18.mp4,123,0,0,0.3039045810553586
V18.mp4,124,0,0,0.41083941463808793
V18.mp4,125,0,0,0.45634202092349185
V18.mp4,126,0,0,0.452061352775416
V18.mp4,127,0,0,0.4647078870356564
V18.mp4,128,0,0,0.41354120474031125
V18.mp4,129,0,0,0.38594119537976485
V18.mp4,130,0,0,0.44707288085110725
V18.mp4,131,0,0,0.42120279536609256
V18.mp4,132,0,0,0.4823065987529324
V18.mp4,133,0,1,0.615530352555616
V18.mp4,134,0,1,0.7456302623009577
V18.mp4,135,0,1,0.5954977445440522
V18.mp4,136,0,1,0.7422724879108072
V18.mp4,137,0,0,0.49045320988869734
V18.mp4,138,0,0,0.3397792429840242
V18.mp4,139,0,0,0.34911415554719516
V18.mp4,140,0,0,0.38584302685490884
V18.mp4,141,0,0,0.3187933909999199
V18.mp4,142,0,0,0.3273164891927339
V18.mp4,143,0,0,0.3187964576124155
V18.mp4,144,0,0,0.29361566764039476
V18.mp4,145,0,0,0.2583275780628974
V18.mp4,146,0,0,0.3113906053069238
V18.mp4,147,0,0,0.31819382495295695
V18.mp4,148,0,0,0.3184305270464862
V18.mp4,149,0,0,0.3409554672334851
V18.mp4,150,0,0,0.3851608374012515
V18.mp4,151,0,0,0.48301268745858245
V18.mp4,152,0,0,0.3657013835415034
V18.mp4,153,0,0,0.2207622521894039
V18.mp4,154,0,0,0.39752146295084334
V18.mp4,155,0,1,0.5022509765190977
V18.mp4,156,0,1,0.6212306608820273
V18.mp4,157,0,1,0.8577477934064922
V18.mp4,158,0,1,0.7696180203252634
V18.mp4,159,0,0,0.20262366734651924
V18.mp4,160,0,0,0.18384062230485693
V18.mp4,161,0,0,0.46395217114619025
V18.mp4,162,0,0,0.37129993860013455
V18.mp4,163,0,0,0.4266723104355402
V18.mp4,164,0,0,0.39355160965488656
V18.mp4,165,0,0,0.3896643460016278
V18.mp4,166,0,0,0.3833004812166854
V18.mp4,167,0,0,0.40721362689656554
V18.mp4,168,0,0,0.38612073767619437
V18.mp4,169,0,0,0.3743626020663421
V18.mp4,170,0,0,0.38929489538423195
V18.mp4,171,0,0,0.3816664079561016
V18.mp4,172,0,0,0.35113977302541244
V18.mp4,173,0,0,0.376300337301126
V18.mp4,174,0,0,0.38685971429574517
V18.mp4,175,0,0,0.30712608530943536
V18.mp4,176,0,0,0.2597422362902841
V18.mp4,177,0,0,0.3234284244885975
V18.mp4,178,0,0,0.3508747238167314
V18.mp4,179,0,0,0.31202061738377934
V18.mp4,180,0,0,0.3095859951912017
V18.mp4,181,0,0,0.22140636484986562
V18.mp4,182,0,0,0.20362056953281266
V18.mp4,183,0,0,0.24776125726065149
V18.mp4,184,0,0,0.23162708416482847
V18.mp4,185,0,0,0.21283448754115059
V18.mp4,186,0,0,0.23216073325404413
V18.mp4,187,0,0,0.23982243171894066
V18.mp4,188,0,0,0.2295092280285652
V18.mp4,189,0,0,0.22950929005123347
V18.mp4,190,0,0,0.22950933670077964
V18.mp4,191,0,0,0.23350184628573378
V18.mp4,192,0,0,0.24242920027469633
V18.mp4,193,0,0,0.24951006447580162
V18.mp4,194,0,0,0.27052555344002155
V18.mp4,195,0,0,0.21866128639538612
V18.mp4,196,0,0,0.14296716479180183
V18.mp4,197,0,1,0.6111087483316817
V18.mp4,198,0,1,0.8856977971457489
V18.mp4,199,0,1,0.8856977971457489
V18.mp4,200,0,1,0.8856977971457489
V18.mp4,201,0,1,0.8856977971457489
V18.mp4,202,0,1,0.8856977971457489
V18.mp4,203,0,1,0.8856977971457489
V18.mp4,204,0,1,0.8856977971457489
V18.mp4,205,0,1,0.8856977971457489
V18.mp4,206,0,1,0.8856977971457489
V18.mp4,207,0,1,0.8856977971457489
V18.mp4,208,0,1,0.8856977971457489
V18.mp4,209,0,1,0.8856977971457489
V18.mp4,210,0,1,0.8856977971457489
V18.mp4,211,0,1,0.8856977971457489
V18.mp4,212,0,1,0.8856977971457489
V18.mp4,213,0,1,0.8856977971457489
V18.mp4,214,0,1,0.8856977971457489
V19.mp4,1,0,0,0.15804107431546882
V19.mp4,2,0,0,0.1840757379128306
V19.mp4,3,0,0,0.22880444660520097
V19.mp4,4,0,0,0.26752146657825787
V19.mp4,5,0,0,0.41283208158131685
V19.mp4,6,0,0,0.2521209590117903
V19.mp4,7,0,0,0.2584590406828004
V19.mp4,8,0,0,0.2662899510567546
V19.mp4,9,0,0,0.27592960692611734
V19.mp4,10,0,0,0.24260936031051167
V19.mp4,11,0,0,0.25574535534905285
V19.mp4,12,0,0,0.2860336665557173
V19.mp4,13,0,0,0.29303390415533354
V19.mp4,14,0,0,0.28413408850121136
V19.mp4,15,0,0,0.25781622011814176
V19.mp4,16,0,0,0.2513776772797862
V19.mp4,17,0,0,0.2430530484043267
V19.mp4,18,0,0,0.2690759243710683
V19.mp4,19,0,0,0.26317675793636625
V19.mp4,20,0,0,0.41625164278063725
V19.mp4,21,0,0,0.29268630267574675
V19.mp4,22,0,0,0.32336149665051817
V19.mp4,23,0,0,0.496866315487453
V19.mp4,24,0,0,0.49300314193760414
V19.mp4,25,0,1,0.7462767798799742
V19.mp4,26,0,1,0.7328035464156912
V19.mp4,27,0,1,0.5065102728159028
V19.mp4,28,0,0,0.13937435128048528
V19.mp4,29,0,0,0.2091370371163916
V19.mp4,30,0,0,0.19331009502977622
V19.mp4,31,0,0,0.22665654622205178
V19.mp4,32,0,0,0.23803166470130943
V19.mp4,33,0,0,0.28604321993359566
V19.mp4,34,0,0,0.24270294894315197
V19.mp4,35,0,0,0.27427466823385444
V19.mp4,36,0,0,0.33216217913440865
V19.mp4,37,0,0,0.4064312375354228
V19.mp4,38,0,0,0.42975986778605907
V19.mp4,39,0,1,0.5047265162422115
V19.mp4,40,0,0,0.3675858241747508
V19.mp4,41,0,0,0.289923893890477
V19.mp4,42,0,0,0.36548827357325614
V19.mp4,43,0,0,0.4742725786874553
V19.mp4,44,0,1,0.5854964362142235
V19.mp4,45,0,1,0.5984082039896074
V19.mp4,46,0,1,0.5305910749404528
V19.mp4,47,0,0,0.30586586789579046
V19.mp4,48,0,0,0.29688112404280975
V19.mp4,49,0,0,0.30538828946391006
V19.mp4,50,0,0,0.3429429068665452
V19.mp4,51,0,0,0.33076996758255983
V19.mp4,52,0,0,0.36348490535917755
V19.mp4,53,0,0,0.25367842506475335
V19.mp4,54,0,0,0.2408032847808409
V19.mp4,55,0,0,0.2600172535616433
V19.mp4,56,0,0,0.29032354371177665
V19.mp4,57,0,0,0.3018050640766128
V19.mp4,58,0,0,0.3137693044315176
V19.mp4,59,0,0,0.34516919263129825
V19.mp4,60,0,0,0.2671161388946964
V19.mp4,61,0,0,0.21735663151655646
V19.mp4,62,0,0,0.18672943972514908
V19.mp4,63,0,0,0.22641890384160926
V19.mp4,64,0,0,0.35346078738396297
V19.mp4,65,0,1,0.5257437337476393
V19.mp4,66,0,0,0.43684545079137316
V19.mp4,67,0,1,0.7780762575392546
V19.mp4,68,0,0,0.46764880904018974
V19.mp4,69,0,0,0.28820437675382304
V19.mp4,70,0,0,0.24021764831989975
V19.mp4,71,0,0,0.2264883099052043
V19.mp4,72,0,0,0.25726010738925376
V19.mp4,73,0,0,0.2875639863755002
V19.mp4,74,0,0,0.25131641593850473
V19.mp4,75,0,0,0.30634266454345427
V19.mp4,76,0,0,0.4127202897448211
V19.mp4,77,0,0,0.43325405657550076
V19.mp4,78,0,1,0.5848563901141278
V19.mp4,79,0,1,0.672348085966073
V19.mp4,80,0,1,0.7682496603754899
V19.mp4,81,0,1,0.6532993257588571
V19.mp4,82,0,1,0.8346369988599233
V19.mp4,83,1,1,0.6977836348233768
V19.mp4,84,1,0,0.39425340605155856
V19.mp4,85,1,0,0.31585928210359093
V19.mp4,86,1,0,0.33150576210930716
V19.mp4,87,1,0,0.3329988441763065
V19.mp4,88,0,0,0.4170345254020585
V19.mp4,89,0,0,0.23914348450230338
V19.mp4,90,0,0,0.4400448870492753
V19.mp4,91,0,0,0.4629792843961889
V19.mp4,92,0,0,0.48002709031880253
V19.mp4,93,0,0,0.3888259692076791
V19.mp4,94,0,1,0.6650449530766256
V19.mp4,95,0,0,0.29484985137126785
V19.mp4,96,0,0,0.2948547231271726
V19.mp4,97,0,0,0.30385946915244383
V19.mp4,98,0,0,0.3037390690516456
V19.mp4,99,0,0,0.27070832567610337
V19.mp4,100,0,0,0.2854355699253648
V19.mp4,101,0,0,0.2927189861111739
V19.mp4,102,0,0,0.28913990015666774
V19.mp4,103,0,0,0.23679276341426067
V19.mp4,104,0,0,0.24186599217256544
V19.mp4,105,0,0,0.2614776156921204
V19.mp4,106,0,0,0.25935750872191116
V19.mp4,107,0,0,0.2994047751904595
V19.mp4,108,0,0,0.33078283358836935
V19.mp4,109,0,0,0.30288626421839343
V19.mp4,110,0,0,0.29720544988651226
V19.mp4,111,0,0,0.31013925364768785
V19.mp4,112,0,0,0.35287573452152593
V19.mp4,113,0,0,0.37280934209321
V19.mp4,114,0,0,0.47594316187259006
V19.mp4,115,0,0,0.41337023951719154
V19.mp4,116,0,0,0.4062926315879425
V19.mp4,117,0,1,0.5276808773599818
V19.mp4,118,0,0,0.3600206693847479
V19.mp4,119,0,0,0.46415502040794643
V19.mp4,120,0,0,0.45840472024187123
V19.mp4,121,0,0,0.450025456895117
V19.mp4,122,0,0,0.3684834065875373
V19.mp4,123,0,0,0.4070320606637155
V19.mp4,124,0,0,0.4834611056786289
V19.mp4,125,0,1,0.5727706208825075
V19.mp4,126,0,1,0.5807712900141536
V19.mp4,127,0,1,0.6945979624351373
V19.mp4,128,0,0,0.4328822573858152
V19.mp4,129,0,0,0.377423678678795
V19.mp4,130,0,0,0.42519627486409534
V19.mp4,131,0,1,0.5184485517727502
V19.mp4,132,0,1,0.6273942552343899
V19.mp4,133,0,0,0.4749339607878224
V19.mp4,134,0,0,0.35910180192479446
V19.mp4,135,0,0,0.3314953943688789
V19.mp4,136,0,0,0.3595195291380408
V19.mp4,137,0,0,0.38941889270311
V19.mp4,138,0,0,0.38484459626013146
V19.mp4,139,0,0,0.41150842810981686
V19.mp4,140,0,0,0.4453717414153019
V19.mp4,141,0,0,0.4563068608430593
V19.mp4,142,0,0,0.49564639095520086
V19.mp4,143,0,0,0.4362515567379525
V19.mp4,144,0,0,0.4144442627916258
V19.mp4,145,0,0,0.410685886302288
V19.mp4,146,0,0,0.4082286993001213
V19.mp4,147,0,0,0.41542430304039246
V19.mp4,148,0,0,0.4652818621036803
V19.mp4,149,0,0,0.4808873696694986
V19.mp4,150,0,0,0.47977677634871957
V19.mp4,151,0,0,0.4669351771316007
V19.mp4,152,0,0,0.45392893113356403
V19.mp4,153,0,0,0.42655980765531365
V19.mp4,154,0,0,0.4247982920809623
V19.mp4,155,0,0,0.4298023673105137
V19.mp4,156,0,0,0.46663130235747513
V19.mp4,157,0,1,0.507053737465738
V19.mp4,158,0,1,0.6196335601801982
V19.mp4,159,0,1,0.5856281204842706
V19.mp4,160,0,1,0.6009116808596128
V19.mp4,161,0,0,0.3574000706516913
V19.mp4,162,0,0,0.33973231439375323
V19.mp4,163,0,0,0.3451418996756582
V19.mp4,164,0,0,0.34200836420827485
V19.mp4,165,0,0,0.33661521897549485
V19.mp4,166,0,0,0.33699140604949107
V19.mp4,167,0,0,0.3272170587925557
V19.mp4,168,0,0,0.29856197348498775
V19.mp4,169,0,0,0.29125031563703235
V19.mp4,170,0,0,0.28020292193041
V19.mp4,171,0,0,0.29473900670598074
V19.mp4,172,0,0,0.3219491810064999
V19.mp4,173,0,0,0.37714565372360176
V19.mp4,174,0,0,0.3033630496634614
V19.mp4,175,0,0,0.3486633269600756
V19.mp4,176,0,0,0.39381238506949373
V19.mp4,177,0,1,0.5059724084627995
V19.mp4,178,0,0,0.465706847035319
V19.mp4,179,0,1,0.7109791280248922
V19.mp4,180,0,0,0.3326253194792734
V19.mp4,181,0,0,0.2631067298010545
V19.mp4,182,0,0,0.2688954572392852
V19.mp4,183,0,0,0.2606643604888621
V19.mp4,184,0,0,0.2852714796775367
V19.mp4,185,0,0,0.267094579535114
V19.mp4,186,0,0,0.2590115838526779
V19.mp4,187,0,0,0.2589928400259176
V19.mp4,188,0,0,0.25558022781360806
V19.mp4,189,0,0,0.27589359167970645
V19.mp4,190,0,0,0.2529086564850396
V19.mp4,191,0,0,0.2361256277110998
V19.mp4,192,0,0,0.2480947810365216
V19.mp4,193,0,0,0.3411314549276484
V19.mp4,194,0,0,0.3758165979271746
V19.mp4,195,0,1,0.5117846367620875
V19.mp4,196,0,0,0.46633159914617606
V19.mp4,197,0,0,0.3147935170057984
V19.mp4,198,0,0,0.23798454456955065
V19.mp4,199,0,0,0.24983789541563378
V19.mp4,200,0,0,0.2708092589498869
V19.mp4,201,0,0,0.2981763129053115
V19.mp4,202,0,0,0.31092834534039654
V19.mp4,203,0,0,0.32192310932994955
V19.mp4,204,0,0,0.37634450818324017
V19.mp4,205,0,0,0.40059657224231865
V19.mp4,206,0,0,0.4527049598436548
V19.mp4,207,0,0,0.3775347720254214
V19.mp4,208,0,0,0.41550965270600476
V19.mp4,209,0,0,0.42317436043524376
V19.mp4,210,0,0,0.44506719737859857
V19.mp4,211,0,0,0.4170961049429493
V19.mp4,212,0,0,0.4650875103206418
V19.mp4,213,0,0,0.404116632921991
V19.mp4,214,0,0,0.36220667494181474
V19.mp4,215,0,0,0.33509876831058466
V19.mp4,216,0,0,0.3545847559458395
V19.mp4,217,0,0,0.34645575341339213
V19.mp4,218,0,0,0.38217222454822364
V19.mp4,219,0,0,0.39208166401937267
V19.mp4,220,0,0,0.3981995986067341
V19.mp4,221,0,0,0.3728090827097438
V19.mp4,222,0,0,0.41688204031718856
V19.mp4,223,0,0,0.43958130931284134
V19.mp4,224,0,1,0.5258518554852387
V19.mp4,225,0,1,0.539220420975444
V19.mp4,226,0,1,0.5890149173732131
V19.mp4,227,0,0,0.3725338341437926
V19.mp4,228,0,0,0.3078334270383013
V19.mp4,229,0,0,0.28150991195457714
V19.mp4,230,0,0,0.2890301568472382
V19.mp4,231,0,0,0.28033332819609696
V19.mp4,232,0,0,0.26394761111528436
V19.mp4,233,0,0,0.28325256760715156
V19.mp4,234,0,0,0.2832525461434785
V19.mp4,235,0,0,0.28324507388601816
V19.mp4,236,0,0,0.2833425219599735
V19.mp4,237,0,0,0.28342895549798547
V19.mp4,238,0,0,0.2833716054192159
V19.mp4,239,0,0,0.2836019695876942
V19.mp4,240,0,0,0.2823010571527602
V19.mp4,241,0,0,0.28017638764325375
V19.mp4,242,0,0,0.2841223298514988
V19.mp4,243,0,0,0.2849725393693908
V19.mp4,244,0,0,0.2809575849658362
V19.mp4,245,0,0,0.2833665580674229
V19.mp4,246,0,0,0.2854510200359464
V19.mp4,247,0,0,0.2852782482954595
V19.mp4,248,0,0,0.2824010647432351
V19.mp4,249,0,0,0.2852509990369779
V19.mp4,250,0,0,0.28725203609542116
V19.mp4,251,0,0,0.28725203609542116
V19.mp4,252,0,0,0.28725203609542116
V19.mp4,253,0,0,0.28725203609542116
V19.mp4,254,0,0,0.28725203609542116
V19.mp4,255,0,0,0.28725203609542116
V19.mp4,256,0,0,0.28725203609542116
V19.mp4,257,0,0,0.28725203609542116
V19.mp4,258,0,0,0.28725203609542116
V19.mp4,259,0,0,0.28725203609542116
V19.mp4,260,0,0,0.28725203609542116
V19.mp4,261,0,0,0.28725203609542116
V19.mp4,262,0,0,0.28725203609542116
V19.mp4,263,0,0,0.28725203609542116
V19.mp4,264,0,0,0.28725203609542116
V19.mp4,265,0,0,0.28725203609542116
V19.mp4,266,0,0,0.28725203609542116
V19.mp4,267,0,0,0.28725203609542116
V19.mp4,268,0,0,0.28725203609542116
V19.mp4,269,0,0,0.28725203609542116
V19.mp4,270,0,0,0.28725203609542116
V19.mp4,271,0,0,0.28725203609542116
V19.mp4,272,0,0,0.28725203609542116
V19.mp4,273,0,0,0.28725203609542116
V19.mp4,274,0,0,0.28725203609542116
V19.mp4,275,0,0,0.28725203609542116
V2.mp4,1,0,0,0.19198420143461467
V2.mp4,2,0,0,0.2107789399157572
V2.mp4,3,0,0,0.2615325080814413
V2.mp4,4,0,0,0.31140989938173
V2.mp4,5,0,1,0.5071672662833583
V2.mp4,6,0,0,0.3526703182491339
V2.mp4,7,0,0,0.3080004304432337
V2.mp4,8,0,0,0.3016461490235353
V2.mp4,9,0,0,0.2915438297334871
V2.mp4,10,0,0,0.26562325795926883
V2.mp4,11,0,0,0.25702855613817727
V2.mp4,12,0,0,0.2553362083623132
V2.mp4,13,0,0,0.2557122016393842
V2.mp4,14,0,0,0.25589887222284863
V2.mp4,15,0,0,0.269783235025347
V2.mp4,16,0,0,0.279817871737951
V2.mp4,17,0,0,0.36033702450521254
V2.mp4,18,0,0,0.30477208384147125
V2.mp4,19,0,0,0.3149881023470459
V2.mp4,20,0,0,0.3246951514845716
V2.mp4,21,0,1,0.5356048491487652
V2.mp4,22,0,1,0.5361389210822333
V2.mp4,23,0,1,0.8360126246630435
V2.mp4,24,0,1,0.84521194608535
V2.mp4,25,0,1,0.67091491693298
V2.mp4,26,0,0,0.47723099185195866
V2.mp4,27,0,1,0.5159974496187113
V2.mp4,28,0,0,0.47382213460910516
V2.mp4,29,0,0,0.36912585040265006
V2.mp4,30,0,0,0.3091926078864357
V2.mp4,31,0,0,0.2798945382846257
V2.mp4,32,0,0,0.28570096469535944
V2.mp4,33,0,0,0.2835071180497666
V2.mp4,34,0,0,0.2788132998801957
V2.mp4,35,0,0,0.24977202171048973
V2.mp4,36,0,0,0.2755399117067952
V2.mp4,37,0,0,0.2146332933268479
V2.mp4,38,0,0,0.2582073751196755
V2.mp4,39,0,0,0.25431273333454396
V2.mp4,40,0,0,0.22596014700301578
V2.mp4,41,0,0,0.23527455686198373
V2.mp4,42,0,0,0.24998783630962337
V2.mp4,43,0,0,0.3258543617553819
V2.mp4,44,0,0,0.2740772176578572
V2.mp4,45,0,0,0.09387949873393168
V2.mp4,46,0,0,0.12650066083308287
V2.mp4,47,0,0,0.24153352232665135
V2.mp4,48,0,0,0.24444986784871311
V2.mp4,49,0,0,0.15768063065946047
V2.mp4,50,0,0,0.19072244788473128
V2.mp4,51,0,0,0.16538145362686762
V2.mp4,52,0,0,0.10828851790356234
V2.mp4,53,0,0,0.14746385778044263
V2.mp4,54,0,0,0.2307247689921205
V2.mp4,55,0,0,0.294544955102195
V2.mp4,56,0,0,0.30233939238846935
V2.mp4,57,0,0,0.2972364070433164
V2.mp4,58,0,0,0.28479625443828405
V2.mp4,59,0,0,0.3750621423622843
V2.mp4,60,0,0,0.4410898887093701
V2.mp4,61,0,0,0.4550968956072311
V2.mp4,62,0,0,0.4886548078077289
V2.mp4,63,0,0,0.3668847305215997
V2.mp4,64,0,0,0.30860728833214307
V2.mp4,65,0,0,0.26969249080470237
V2.mp4,66,0,0,0.27248485425906815
V2.mp4,67,0,0,0.29307805233287
V2.mp4,68,0,0,0.2971811978121447
V2.mp4,69,0,0,0.31057636884247564
V2.mp4,70,0,0,0.31527773224310546
V2.mp4,71,0,0,0.3865598681715353
V2.mp4,72,0,0,0.3934358223161019
V2.mp4,73,0,0,0.42070802061257745
V2.mp4,74,0,0,0.44420516593665
V2.mp4,75,0,0,0.3605045254903552
V2.mp4,76,0,0,0.32376741560941724
V2.mp4,77,0,0,0.29180286755202883
V2.mp4,78,0,0,0.4870284627434611
V2.mp4,79,0,0,0.23337768923200874
V2.mp4,80,0,0,0.38793813502986046
V2.mp4,81,1,1,0.538862237005165
V2.mp4,82,1,1,0.7540619106933047
V2.mp4,83,1,1,0.7545221060257032
V2.mp4,84,1,1,0.9491965023700326
V2.mp4,85,1,1,0.849832594751005
V2.mp4,86,0,0,0.4819150203035799
V2.mp4,87,0,0,0.47552065865901577
V2.mp4,88,0,0,0.4109745760858403
V2.mp4,89,0,0,0.3432312784496978
V2.mp4,90,0,0,0.28856091524918226
V2.mp4,91,0,0,0.3085425080998613
V2.mp4,92,0,0,0.313099019898333
V2.mp4,93,0,0,0.29996920590707044
V2.mp4,94,0,0,0.3015263136401396
V2.mp4,95,0,0,0.2932862937179809
V2.mp4,96,0,0,0.30811057242393974
V2.mp4,97,0,0,0.2979487579728819
V2.mp4,98,0,0,0.30502167138305775
V2.mp4,99,0,0,0.3053326363502605
V2.mp4,100,0,0,0.36252742053446074
V2.mp4,101,0,0,0.3184037863530576
V2.mp4,102,0,0,0.28957625730368663
V2.mp4,103,0,0,0.29598541021283215
V2.mp4,104,0,0,0.31531310327616124
V2.mp4,105,0,0,0.3180624913465183
V2.mp4,106,0,0,0.3220196616402619
V2.mp4,107,0,0,0.36341269381215296
V2.mp4,108,0,0,0.3204448192104532
V2.mp4,109,0,0,0.38559773392199304
V2.mp4,110,0,0,0.4828374467250785
V2.mp4,111,0,0,0.33208271710311
V2.mp4,112,0,1,0.5366147651313378
V2.mp4,113,0,1,0.5738567217548869
V2.mp4,114,0,1,0.6737133192444044
V2.mp4,115,0,1,0.6390529210220984
V2.mp4,116,0,1,0.7043554799408773
V2.mp4,117,0,0,0.4442619726690257
V2.mp4,118,0,0,0.32657630119939335
V2.mp4,119,0,0,0.42611546129694033
V2.mp4,120,0,0,0.3213327079053693
V2.mp4,121,0,0,0.3107260415982518
V2.mp4,122,0,0,0.30806403423611384
V2.mp4,123,0,0,0.3170696904474229
V2.mp4,124,0,0,0.3070975891477324
V2.mp4,125,0,0,0.34034281131444166
V2.mp4,126,0,0,0.3552325099829277
V2.mp4,127,0,0,0.3445761802627007
V2.mp4,128,0,0,0.3246946910767467
V2.mp4,129,0,0,0.3398721926057328
V2.mp4,130,0,0,0.37063656162042624
V2.mp4,131,0,0,0.3836744684340802
V2.mp4,132,0,0,0.39953870945399855
V2.mp4,133,0,0,0.32696386224323903
V2.mp4,134,0,0,0.2979040768200607
V2.mp4,135,0,0,0.29392023250340904
V2.mp4,136,0,0,0.3016329012917231
V2.mp4,137,0,0,0.31338070814633084
V2.mp4,138,0,0,0.30553420182333146
V2.mp4,139,0,0,0.2965684066468451
V2.mp4,140,0,0,0.3094378378868288
V2.mp4,141,0,0,0.2917820645344415
V2.mp4,142,0,0,0.30916772313106505
V2.mp4,143,0,0,0.32462701053868176
V2.mp4,144,0,0,0.34410496618180497
V2.mp4,145,0,0,0.33729977657886057
V2.mp4,146,0,0,0.33865839797721403
V2.mp4,147,0,0,0.32492428919900174
V2.mp4,148,0,0,0.3010079305990315
V2.mp4,149,0,0,0.2857119813295681
V2.mp4,150,0,0,0.2790902566593683
V2.mp4,151,0,0,0.26981309356501787
V2.mp4,152,0,0,0.26671330188911724
V2.mp4,153,0,0,0.27449188802215685
V2.mp4,154,0,0,0.31717053573652143
V2.mp4,155,0,0,0.32566601924445804
V2.mp4,156,0,0,0.34193199569303806
V2.mp4,157,0,0,0.3602238103984628
V2.mp4,158,0,0,0.35399224940335006
V2.mp4,159,0,0,0.3664902043015278
V2.mp4,160,0,1,0.5075471379847679
V2.mp4,161,0,0,0.4974801750871735
V2.mp4,162,0,1,0.6411911216700159
V2.mp4,163,0,1,0.5530940274632753
V2.mp4,164,0,1,0.5067894901924658
V2.mp4,165,0,0,0.33676184180316615
V2.mp4,166,0,0,0.35354684245974055
V2.mp4,167,0,0,0.3598238038869113
V2.mp4,168,0,0,0.3644345316743775
V2.mp4,169,0,0,0.4042294496289361
V2.mp4,170,0,0,0.3895734488120377
V2.mp4,171,0,0,0.3997164575997004
V2.mp4,172,0,0,0.4165502133979877
V2.mp4,173,0,0,0.40790970662746934
V2.mp4,174,0,0,0.38851329129479767
V2.mp4,175,0,0,0.3701513887936308
V2.mp4,176,0,0,0.36022246483887377
V2.mp4,177,0,0,0.3528956073308412
V2.mp4,178,0,0,0.35652190748066254
V2.mp4,179,0,0,0.3676124629336257
V2.mp4,180,0,0,0.38554453660554844
V2.mp4,181,0,0,0.4126191244591266
V2.mp4,182,0,0,0.39676889378681024
V2.mp4,183,0,0,0.39337863720946536
V2.mp4,184,0,0,0.384823470710357
V2.mp4,185,0,0,0.37213367734860814
V2.mp4,186,0,0,0.4093398654821531
V2.mp4,187,0,0,0.4521532559636579
V2.mp4,188,0,0,0.4643616748375578
V2.mp4,189,0,0,0.46529852325610105
V2.mp4,190,0,0,0.4174867212006473
V2.mp4,191,0,0,0.39303192967723255
V2.mp4,192,0,0,0.3931998780744577
V2.mp4,193,0,0,0.3885570706927065
V2.mp4,194,0,0,0.40252235090732297
V2.mp4,195,0,0,0.417949309027093
V2.mp4,196,0,0,0.4285789374810938
V2.mp4,197,0,0,0.40000713115262376
V2.mp4,198,0,0,0.40377095833124205
V2.mp4,199,0,0,0.4031877209678171
V2.mp4,200,0,0,0.39887507085273094
V2.mp4,201,0,0,0.3767098889439645
V2.mp4,202,0,0,0.37345505580327776
V2.mp4,203,0,0,0.3511884316213772
V2.mp4,204,0,0,0.3474189372217113
V2.mp4,205,0,0,0.3281884273756332
V2.mp4,206,0,0,0.31238097388410824
V2.mp4,207,0,0,0.30121456650624745
V2.mp4,208,0,0,0.31381848723283867
V2.mp4,209,0,0,0.31620525083290674
V2.mp4,210,0,0,0.31634923833156364
V2.mp4,211,0,0,0.328434150670187
V2.mp4,212,0,0,0.33647464937686433
V2.mp4,213,0,0,0.3310478123326548
V2.mp4,214,0,0,0.3239656027760111
V2.mp4,215,0,0,0.3095286097776842
V2.mp4,216,0,0,0.303509834548432
V2.mp4,217,0,0,0.29672383526680013
V2.mp4,218,0,0,0.28984350576446616
V2.mp4,219,0,0,0.3011572533836648
V2.mp4,220,0,0,0.29753638473275446
V2.mp4,221,0,0,0.293690082971527
V2.mp4,222,0,0,0.27914618402727404
V2.mp4,223,0,0,0.28891890119091895
V2.mp4,224,0,0,0.33665421304195214
V2.mp4,225,0,0,0.38912966699863955
V2.mp4,226,0,0,0.2835752427237312
V2.mp4,227,0,0,0.3767556974592868
V2.mp4,228,0,0,0.4466653414994992
V2.mp4,229,0,1,0.5610837719420027
V2.mp4,230,0,1,0.50507089734625
V2.mp4,231,0,1,0.7876789985159846
V2.mp4,232,0,1,0.5245428111635189
V2.mp4,233,0,0,0.37128609157949916
V2.mp4,234,0,0,0.2940696030693481
V2.mp4,235,0,0,0.35747827292928697
V2.mp4,236,0,0,0.3744254604419611
V2.mp4,237,0,0,0.3780144812253795
V2.mp4,238,0,0,0.41835155197818263
V2.mp4,239,0,0,0.3826520837150196
V2.mp4,240,0,0,0.3826520837150196
V2.mp4,241,0,0,0.3826520837150196
V2.mp4,242,0,0,0.3826520837150196
V2.mp4,243,0,0,0.3826520837150196
V2.mp4,244,0,0,0.3826520837150196
V2.mp4,245,0,0,0.3826520837150196
V2.mp4,246,0,0,0.3826520837150196
V2.mp4,247,0,0,0.3826520837150196
V2.mp4,248,0,0,0.3826520837150196
V2.mp4,249,0,0,0.3826520837150196
V2.mp4,250,0,0,0.3826520837150196
V2.mp4,251,0,0,0.3826520837150196
V2.mp4,252,0,0,0.3826520837150196
V2.mp4,253,0,0,0.3826520837150196
V2.mp4,254,0,0,0.3826520837150196
V2.mp4,255,0,0,0.3826520837150196
V2.mp4,256,0,0,0.3826520837150196
V2.mp4,257,0,0,0.3826520837150196
V2.mp4,258,0,0,0.3826520837150196
V2.mp4,259,0,0,0.3826520837150196
V2.mp4,260,0,0,0.3826520837150196
V2.mp4,261,0,0,0.3826520837150196
V2.mp4,262,0,0,0.3826520837150196
V2.mp4,263,0,0,0.3826520837150196
V20.mp4,1,0,0,0.17969446866807484
V20.mp4,2,0,0,0.20421983634022675
V20.mp4,3,0,0,0.26669792388259467
V20.mp4,4,0,0,0.317168045059293
V20.mp4,5,0,0,0.44873890550430745
V20.mp4,6,0,0,0.2969378525426125
V20.mp4,7,0,0,0.2752152398933422
V20.mp4,8,0,0,0.27221705181074957
V20.mp4,9,0,0,0.2650755882992168
V20.mp4,10,0,0,0.285702390301593
V20.mp4,11,0,0,0.31506891349651994
V20.mp4,12,0,0,0.3183834890843174
V20.mp4,13,0,0,0.3254808609087207
V20.mp4,14,0,0,0.3100244294629332
V20.mp4,15,0,0,0.27726020742751195
V20.mp4,16,0,0,0.19856268720475234
V20.mp4,17,0,0,0.26822636503465547
V20.mp4,18,0,0,0.2504360902720606
V20.mp4,19,0,0,0.2809819420906293
V20.mp4,20,0,0,0.40470557292843423
V20.mp4,21,0,0,0.4238196715300271
V20.mp4,22,0,0,0.4267034269887959
V20.mp4,23,0,0,0.2964858759587852
V20.mp4,24,0,0,0.15057984833408947
V20.mp4,25,0,0,0.24414393458183192
V20.mp4,26,0,0,0.23120052994529713
V20.mp4,27,0,0,0.24420402974371994
V20.mp4,28,0,0,0.2495455079829564
V20.mp4,29,0,0,0.24960086291932448
V20.mp4,30,0,0,0.28480027567436866
V20.mp4,31,0,0,0.2668704724729313
V20.mp4,32,0,0,0.11790618855995623
V20.mp4,33,0,0,0.25223961114791077
V20.mp4,34,0,0,0.2919805777663375
V20.mp4,35,0,0,0.24619219876834142
V20.mp4,36,0,0,0.21817838311748902
V20.mp4,37,0,0,0.23187661719129699
V20.mp4,38,0,0,0.3978293612761249
V20.mp4,39,0,0,0.37819325791765734
V20.mp4,40,0,0,0.2793615019759708
V20.mp4,41,0,0,0.2620276791465447
V20.mp4,42,0,0,0.24708990605231573
V20.mp4,43,0,0,0.2599956410359859
V20.mp4,44,0,0,0.26680501656233474
V20.mp4,45,0,0,0.2576470914292087
V20.mp4,46,0,0,0.2676326101885794
V20.mp4,47,0,0,0.25101772729564553
V20.mp4,48,0,0,0.22116966820627793
V20.mp4,49,0,0,0.3042495374139909
V20.mp4,50,0,0,0.2918603393201303
V20.mp4,51,0,0,0.3109108570037451
V20.mp4,52,0,0,0.3211279197251751
V20.mp4,53,0,0,0.28769132260350744
V20.mp4,54,0,0,0.3014679554900674
V20.mp4,55,0,0,0.27490243060158953
V20.mp4,56,0,0,0.2489081966807609
V20.mp4,57,0,0,0.2955936238693667
V20.mp4,58,0,0,0.2574112366118896
V20.mp4,59,0,0,0.28995247103861743
V20.mp4,60,0,0,0.337172824881661
V20.mp4,61,0,0,0.20397276154574032
V20.mp4,62,0,0,0.19818964358222693
V20.mp4,63,0,0,0.27837779305416044
V20.mp4,64,0,0,0.2912913092051334
V20.mp4,65,0,0,0.3192039393759635
V20.mp4,66,0,0,0.325622155123624
V20.mp4,67,0,0,0.2822450489187942
V20.mp4,68,0,0,0.23429149144572656
V20.mp4,69,0,0,0.243519394148892
V20.mp4,70,0,0,0.2981083640028848
V20.mp4,71,0,0,0.3036112270728561
V20.mp4,72,0,0,0.27765974003687993
V20.mp4,73,0,0,0.27944351221931046
V20.mp4,74,0,0,0.2960855459969323
V20.mp4,75,0,0,0.33791614770144757
V20.mp4,76,0,0,0.334598177436616
V20.mp4,77,0,0,0.27397436351243937
V20.mp4,78,0,0,0.3943014039847824
V20.mp4,79,0,0,0.39647297066407383
V20.mp4,80,0,0,0.32000433070314493
V20.mp4,81,0,0,0.28182394285034984
V20.mp4,82,0,0,0.264032948879431
V20.mp4,83,0,0,0.27738820275661374
V20.mp4,84,0,0,0.2934545004055813
V20.mp4,85,0,0,0.27901568517963976
V20.mp4,86,0,0,0.205038279126237
V20.mp4,87,0,0,0.23139716203719285
V20.mp4,88,0,0,0.2382365599997913
V20.mp4,89,0,0,0.30406074290816376
V20.mp4,90,0,0,0.3453212786564788
V20.mp4,91,0,0,0.3878714868065463
V20.mp4,92,0,0,0.42047160274498896
V20.mp4,93,0,0,0.46694158625490145
V20.mp4,94,0,0,0.4257409193637343
V20.mp4,95,0,0,0.36987540762991095
V20.mp4,96,0,0,0.34394953342288836
V20.mp4,97,0,0,0.3362097792402811
V20.mp4,98,0,0,0.3316355964894983
V20.mp4,99,0,0,0.3277699129767989
V20.mp4,100,0,0,0.27240694533440585
V20.mp4,101,0,0,0.26600965293365225
V20.mp4,102,0,0,0.28554520455167604
V20.mp4,103,0,0,0.3304086565927356
V20.mp4,104,0,0,0.2840623371309379
V20.mp4,105,0,0,0.3821936652293231
V20.mp4,106,0,0,0.42785998705576483
V20.mp4,107,0,0,0.4941335777155881
V20.mp4,108,0,0,0.4606975852453663
V20.mp4,109,0,1,0.5229135336079489
V20.mp4,110,0,0,0.3825059716650073
V20.mp4,111,0,0,0.3357512197189991
V20.mp4,112,0,0,0.40366650448327185
V20.mp4,113,0,0,0.3319820291779858
V20.mp4,114,0,0,0.3819887729712284
V20.mp4,115,0,0,0.39722378156985605
V20.mp4,116,0,0,0.43327192417660665
V20.mp4,117,0,0,0.35375123736704145
V20.mp4,118,0,0,0.36197814372338705
V20.mp4,119,0,0,0.4243915829079498
V20.mp4,120,0,1,0.7471521084545645
V20.mp4,121,0,1,0.7685275186053723
V20.mp4,122,1,1,0.9414549788546237
V20.mp4,123,1,1,0.839874632284488
V20.mp4,124,1,1,0.6549010616837074
V20.mp4,125,1,0,0.4237558336867656
V20.mp4,126,1,0,0.427107591806062
V20.mp4,127,0,0,0.36484169669451216
V20.mp4,128,0,0,0.3304442527831061
V20.mp4,129,0,0,0.31677526072444306
V20.mp4,130,0,0,0.3480120123863525
V20.mp4,131,0,0,0.3279568137078854
V20.mp4,132,0,0,0.3108506642388069
V20.mp4,133,0,0,0.29279518641099633
V20.mp4,134,0,0,0.30528028042240485
V20.mp4,135,0,0,0.3004955059027953
V20.mp4,136,0,0,0.29883218997892624
V20.mp4,137,0,0,0.30686336058237546
V20.mp4,138,0,0,0.2933787104919387
V20.mp4,139,0,0,0.3042112360075403
V20.mp4,140,0,0,0.3053466441916627
V20.mp4,141,0,0,0.31330485074337316
V20.mp4,142,0,0,0.3091184027255022
V20.mp4,143,0,0,0.3436558701169164
V20.mp4,144,0,0,0.3402284007804001
V20.mp4,145,0,0,0.3067772842706255
V20.mp4,146,0,0,0.2879638192883272
V20.mp4,147,0,0,0.2984367002889142
V20.mp4,148,0,0,0.2955365592075773
V20.mp4,149,0,0,0.27817358005009285
V20.mp4,150,0,0,0.29214584649227715
V20.mp4,151,0,0,0.3152715622650685
V20.mp4,152,0,0,0.318198364683414
V20.mp4,153,0,0,0.30246488684484235
V20.mp4,154,0,0,0.32193122498043003
V20.mp4,155,0,0,0.40173207544524
V20.mp4,156,0,0,0.42950176861043426
V20.mp4,157,0,0,0.3573422370326356
V20.mp4,158,0,1,0.597497398646638
V20.mp4,159,0,1,0.5940260714614222
V20.mp4,160,0,1,0.7144137223343223
V20.mp4,161,0,1,0.6779079768835377
V20.mp4,162,0,1,0.7353575903942993
V20.mp4,163,0,0,0.42408580547986574
V20.mp4,164,0,0,0.3630028499620006
V20.mp4,165,0,0,0.3257468411905008
V20.mp4,166,0,0,0.2757567927142168
V20.mp4,167,0,0,0.26025738245650254
V20.mp4,168,0,0,0.28238673712845563
V20.mp4,169,0,0,0.30530685492220394
V20.mp4,170,0,0,0.28450414044554817
V20.mp4,171,0,0,0.3202883173471714
V20.mp4,172,0,0,0.33759032168727215
V20.mp4,173,0,0,0.35000210071916943
V20.mp4,174,0,0,0.36157109243988333
V20.mp4,175,0,0,0.39589523757209033
V20.mp4,176,0,0,0.40291196777469834
V20.mp4,177,0,0,0.3748373397889786
V20.mp4,178,0,0,0.3591023621147291
V20.mp4,179,0,0,0.35338237565554254
V20.mp4,180,0,0,0.3457816976201027
V20.mp4,181,0,0,0.3604802133865669
V20.mp4,182,0,0,0.38124669373841813
V20.mp4,183,0,0,0.3389041438504905
V20.mp4,184,0,0,0.3443048175411707
V20.mp4,185,0,0,0.3778127966955926
V20.mp4,186,0,0,0.41280177954718417
V20.mp4,187,0,0,0.4127934763000293
V20.mp4,188,0,0,0.399694064839167
V20.mp4,189,0,0,0.3309504390117075
V20.mp4,190,0,0,0.29726223582456074
V20.mp4,191,0,0,0.295134892429902
V20.mp4,192,0,0,0.3100405403496905
V20.mp4,193,0,0,0.3444863410041668
V20.mp4,194,0,0,0.37797657150887126
V20.mp4,195,0,0,0.37134143866405606
V20.mp4,196,0,0,0.38686810408609545
V20.mp4,197,0,0,0.3812768286319817
V20.mp4,198,0,0,0.3917928650665738
V20.mp4,199,0,0,0.36617165341424246
V20.mp4,200,0,0,0.4038619677639025
V20.mp4,201,0,0,0.37644375577600525
V20.mp4,202,0,0,0.36279869472073856
V20.mp4,203,0,0,0.3335605255411152
V20.mp4,204,0,0,0.34858149677844313
V20.mp4,205,0,0,0.31506453127837963
V20.mp4,206,0,0,0.30849641894104024
V20.mp4,207,0,0,0.3033382648288865
V20.mp4,208,0,0,0.294313411849035
V20.mp4,209,0,0,0.2903393474702724
V20.mp4,210,0,0,0.30613241824342874
V20.mp4,211,0,0,0.31167272329268275
V20.mp4,212,0,0,0.32083547506670274
V20.mp4,213,0,0,0.28564442788116357
V20.mp4,214,0,0,0.2987529214107392
V20.mp4,215,0,0,0.31109129300377913
V20.mp4,216,0,0,0.31000435851585784
V20.mp4,217,0,0,0.3006755493933371
V20.mp4,218,0,0,0.31278171424970835
V20.mp4,219,0,0,0.32122504695482235
V20.mp4,220,0,0,0.3244959086461656
V20.mp4,221,0,0,0.31322383334191894
V20.mp4,222,0,0,0.31852087602031576
V20.mp4,223,0,0,0.3231024761229284
V20.mp4,224,0,0,0.3580178476097004
V20.mp4,225,0,0,0.31913850529342397
V20.mp4,226,0,0,0.31393250090814856
V20.mp4,227,0,0,0.30968347915967787
V20.mp4,228,0,0,0.31265809952311563
V20.mp4,229,0,0,0.28681849770318385
V20.mp4,230,0,0,0.32242212329615916
V20.mp4,231,0,0,0.3370062874878824
V20.mp4,232,0,0,0.3242255474128942
V20.mp4,233,0,0,0.3014168874375993
V20.mp4,234,0,0,0.28877418488419465
V20.mp4,235,0,0,0.28044434959586706
V20.mp4,236,0,0,0.2904463181803794
V20.mp4,237,0,0,0.29002135417971475
V20.mp4,238,0,0,0.2965744701126104
V20.mp4,239,0,0,0.30678554820128684
V20.mp4,240,0,0,0.3392890871889577
V20.mp4,241,0,0,0.35078454022000405
V20.mp4,242,0,0,0.35860484752299904
V20.mp4,243,0,0,0.3228100961401795
V20.mp4,244,0,0,0.3020864237065366
V20.mp4,245,0,0,0.29065329390224487
V20.mp4,246,0,0,0.2961914482501422
V20.mp4,247,0,0,0.33607256432624183
V20.mp4,248,0,0,0.3526012780811708
V20.mp4,249,0,0,0.3552481256149135
V20.mp4,250,0,0,0.323246048057474
V20.mp4,251,0,0,0.3163425633539991
V20.mp4,252,0,0,0.30503183006065343
V20.mp4,253,0,0,0.32007010574119743
V20.mp4,254,0,0,0.26716371793063487
V20.mp4,255,0,0,0.2666306344339737
V20.mp4,256,0,0,0.2666306344339737
V20.mp4,257,0,0,0.2666306344339737
V20.mp4,258,0,0,0.2666306344339737
V20.mp4,259,0,0,0.2666306344339737
V20.mp4,260,0,0,0.2666306344339737
V20.mp4,261,0,0,0.2666306344339737
V20.mp4,262,0,0,0.2666306344339737
V20.mp4,263,0,0,0.2666306344339737
V20.mp4,264,0,0,0.2666306344339737
V20.mp4,265,0,0,0.2666306344339737
V20.mp4,266,0,0,0.2666306344339737
V20.mp4,267,0,0,0.2666306344339737
V20.mp4,268,0,0,0.2666306344339737
V20.mp4,269,0,0,0.2666306344339737
V20.mp4,270,0,0,0.2666306344339737
V20.mp4,271,0,0,0.2666306344339737
V20.mp4,272,0,0,0.2666306344339737
V20.mp4,273,0,0,0.2666306344339737
V20.mp4,274,0,0,0.2666306344339737
V20.mp4,275,0,0,0.2666306344339737
V20.mp4,276,0,0,0.2666306344339737
V20.mp4,277,0,0,0.2666306344339737
V20.mp4,278,0,0,0.2666306344339737
V20.mp4,279,0,0,0.2666306344339737
V20.mp4,280,0,0,0.2666306344339737
V20.mp4,281,0,0,0.2666306344339737
V3.mp4,1,0,0,0.2767840873042005
V3.mp4,2,0,0,0.2514132822220717
V3.mp4,3,0,0,0.4726954574683008
V3.mp4,4,0,0,0.36333927710132496
V3.mp4,5,0,0,0.42119383024564505
V3.mp4,6,0,0,0.3109933671671743
V3.mp4,7,0,0,0.3352351054268836
V3.mp4,8,0,0,0.3071314090896689
V3.mp4,9,0,0,0.2750908457658346
V3.mp4,10,0,0,0.3131833178678189
V3.mp4,11,0,0,0.3091638156591477
V3.mp4,12,0,0,0.28547734208035463
V3.mp4,13,0,0,0.3126547195668535
V3.mp4,14,0,0,0.40832045590231786
V3.mp4,15,0,0,0.3563077715583662
V3.mp4,16,0,0,0.4867882002417719
V3.mp4,17,0,0,0.42508937820442866
V3.mp4,18,0,0,0.4443036848625894
V3.mp4,19,0,0,0.34891116062337807
V3.mp4,20,0,0,0.3189399076067155
V3.mp4,21,0,0,0.32073982233651566
V3.mp4,22,0,0,0.27994102158349177
V3.mp4,23,0,0,0.31229822052340594
V3.mp4,24,0,0,0.197462842729979
V3.mp4,25,0,0,0.3214414679571026
V3.mp4,26,0,0,0.33301024602408885
V3.mp4,27,0,1,0.6102851879117512
V3.mp4,28,0,0,0.3116656000236557
V3.mp4,29,0,0,0.48731857518467986
V3.mp4,30,0,0,0.36325595348781353
V3.mp4,31,0,0,0.49745809273151637
V3.mp4,32,0,0,0.44705184980212176
V3.mp4,33,0,0,0.3731314931887048
V3.mp4,34,0,0,0.3306683989774059
V3.mp4,35,0,0,0.3248542061865737
V3.mp4,36,0,0,0.37470184231875237
V3.mp4,37,0,0,0.3409877040095322
V3.mp4,38,0,0,0.403089518448344
V3.mp4,39,0,0,0.34599452120002194
V3.mp4,40,0,0,0.29794229734907296
V3.mp4,41,0,0,0.3838744694241171
V3.mp4,42,0,0,0.38994637032601565
V3.mp4,43,0,1,0.5004576769518846
V3.mp4,44,0,0,0.3889697476566733
V3.mp4,45,0,0,0.44011967586169215
V3.mp4,46,0,0,0.3161745360701815
V3.mp4,47,0,0,0.19455034580379849
V3.mp4,48,0,0,0.3250001633520156
V3.mp4,49,0,0,0.3370637366248673
V3.mp4,50,0,0,0.34750618929751625
V3.mp4,51,0,0,0.3896398046426349
V3.mp4,52,0,0,0.3374131564824509
V3.mp4,53,0,0,0.31556858043201874
V3.mp4,54,0,0,0.3270312627263855
V3.mp4,55,0,0,0.3372961242052711
V3.mp4,56,0,0,0.46656056588117595
V3.mp4,57,0,0,0.37639676868655997
V3.mp4,58,0,0,0.34765295434082916
V3.mp4,59,0,0,0.3891602868142172
V3.mp4,60,0,0,0.3920491960204271
V3.mp4,61,0,0,0.4793769832962155
V3.mp4,62,0,1,0.8006716350826264
V3.mp4,63,0,1,0.6423871676901858
V3.mp4,64,0,0,0.3289402373238455
V3.mp4,65,0,0,0.33068548923932367
V3.mp4,66,0,0,0.34440235407869507
V3.mp4,67,0,0,0.3559507363094705
V3.mp4,68,0,0,0.40683905644051516
V3.mp4,69,0,1,0.9832680652495144
V3.mp4,70,0,1,0.982355681753902
V3.mp4,71,0,1,0.9999999747620345
V3.mp4,72,0,1,0.9999805835486743
V3.mp4,73,1,1,0.999999588625679
V3.mp4,74,1,1,0.9999999999959575
V3.mp4,75,1,1,0.9999999999999405
V3.mp4,76,1,1,0.9999991608773973
V3.mp4,77,1,1,0.9999965106997278
V3.mp4,78,0,1,0.9877321735674579
V3.mp4,79,0,1,0.9925016483318839
V3.mp4,80,0,1,0.9391748695218964
V3.mp4,81,0,1,0.9998468288106871
V3.mp4,82,0,1,0.5216376429278416
V3.mp4,83,0,1,0.5202099179158283
V3.mp4,84,0,1,0.6351763594970645
V3.mp4,85,0,0,0.47786076869131844
V3.mp4,86,0,1,0.5372792940263262
V3.mp4,87,0,0,0.35684989911109566
V3.mp4,88,0,0,0.41214906069386276
V3.mp4,89,0,1,0.5052513029011512
V3.mp4,90,0,0,0.39498507167279445
V3.mp4,91,0,0,0.4263400296496708
V3.mp4,92,0,0,0.3857239312388111
V3.mp4,93,0,0,0.3618538904814661
V3.mp4,94,0,0,0.34674904024129416
V3.mp4,95,0,0,0.3448191079956119
V3.mp4,96,0,0,0.359771552949997
V3.mp4,97,0,0,0.3584649680388206
V3.mp4,98,0,0,0.29052308155078616
V3.mp4,99,0,0,0.30658945162986845
V3.mp4,100,0,1,0.5044266811861161
V3.mp4,101,0,0,0.34772524898844065
V3.mp4,102,0,0,0.36897188223365573
V3.mp4,103,0,0,0.33895301701923836
V3.mp4,104,0,0,0.32877106877804374
V3.mp4,105,0,0,0.3255062218739747
V3.mp4,106,0,0,0.41271769340864517
V3.mp4,107,0,0,0.35783627449584204
V3.mp4,108,0,1,0.5921342067855222
V3.mp4,109,0,0,0.36595941585096287
V3.mp4,110,0,0,0.3242554566857366
V3.mp4,111,0,0,0.35395243047975916
V3.mp4,112,0,0,0.33743350809082534
V3.mp4,113,0,0,0.3578955684550892
V3.mp4,114,0,0,0.3825930685734492
V3.mp4,115,0,0,0.31268763482618794
V3.mp4,116,0,0,0.3305526115333215
V3.mp4,117,0,0,0.33646855482117566
V3.mp4,118,0,0,0.3384969707584748
V3.mp4,119,0,0,0.36205259739661577
V3.mp4,120,0,0,0.35925984029190045
V3.mp4,121,0,0,0.4153445576951426
V3.mp4,122,0,0,0.38017637840402796
V3.mp4,123,0,0,0.4388170819520802
V3.mp4,124,0,0,0.436735589390885
V3.mp4,125,0,1,0.5231948061763688
V3.mp4,126,0,0,0.43811763967072237
V3.mp4,127,0,0,0.47856799322606675
V3.mp4,128,0,1,0.5735796346959752
V3.mp4,129,0,1,0.5445096645696053
V3.mp4,130,0,1,0.7694091185148388
V3.mp4,131,0,1,0.5346942250975676
V3.mp4,132,0,0,0.4648523109398831
V3.mp4,133,0,1,0.5452970570679274
V3.mp4,134,0,0,0.47965615818896007
V3.mp4,135,0,1,0.6368253759480225
V3.mp4,136,0,1,0.5700518489433506
V3.mp4,137,0,1,0.5220348150054744
V3.mp4,138,0,1,0.5481657657235476
V3.mp4,139,0,0,0.47715754755162365
V3.mp4,140,0,0,0.43786249657559245
V3.mp4,141,0,0,0.41340048728553264
V3.mp4,142,0,0,0.4556840241140956
V3.mp4,143,0,0,0.40848585009258764
V3.mp4,144,0,0,0.4235159215695197
V3.mp4,145,0,0,0.38694696445176485
V3.mp4,146,0,0,0.3979188550694297
V3.mp4,147,0,0,0.4595928643082377
V3.mp4,148,0,0,0.44068553100625923
V3.mp4,149,0,1,0.5139595410547629
V3.mp4,150,0,0,0.45526301016034193
V3.mp4,151,0,0,0.4617263691543322
V4.mp4,1,0,0,0.19921946675042165
V4.mp4,2,0,0,0.21063965349985464
V4.mp4,3,0,0,0.35405897655704194
V4.mp4,4,0,0,0.35129987784891903
V4.mp4,5,0,0,0.314997136122101
V4.mp4,6,0,0,0.34232858663021304
V4.mp4,7,0,0,0.27700333881112976
V4.mp4,8,0,0,0.2903837907347041
V4.mp4,9,0,0,0.25870345083884516
V4.mp4,10,0,0,0.22561471142275052
V4.mp4,11,0,0,0.25803052040638913
V4.mp4,12,0,0,0.2517123526439512
V4.mp4,13,0,0,0.2929038501219571
V4.mp4,14,0,0,0.25742672025410185
V4.mp4,15,0,0,0.2870858616439371
V4.mp4,16,0,0,0.29800761858468466
V4.mp4,17,0,0,0.2977431773795292
V4.mp4,18,0,0,0.29767883564578734
V4.mp4,19,0,0,0.2840190346487877
V4.mp4,20,0,0,0.2843213083049618
V4.mp4,21,0,0,0.285165209668974
V4.mp4,22,0,0,0.2546622503009412
V4.mp4,23,0,0,0.2535934302340993
V4.mp4,24,0,0,0.22282764983779085
V4.mp4,25,0,0,0.2582263880635802
V4.mp4,26,0,0,0.2567149411120249
V4.mp4,27,0,0,0.27267426200953837
V4.mp4,28,0,0,0.2836399031344038
V4.mp4,29,0,0,0.2719995235768311
V4.mp4,30,0,0,0.3014191652415542
V4.mp4,31,0,0,0.2726145644580668
V4.mp4,32,0,0,0.29430226218346367
V4.mp4,33,0,0,0.2708040862795512
V4.mp4,34,0,0,0.4243972264320893
V4.mp4,35,1,1,0.9983215387791691
V4.mp4,36,1,1,0.9895327317939883
V4.mp4,37,1,1,0.5548654954348079
V4.mp4,38,1,1,0.6599859065924063
V4.mp4,39,1,1,0.6268966863124663
V4.mp4,40,0,1,0.8169576002648389
V4.mp4,41,0,0,0.32373889292738844
V4.mp4,42,0,0,0.1708094620036674
V4.mp4,43,0,0,0.24593904306260536
V4.mp4,44,0,0,0.2953165609068665
V4.mp4,45,0,0,0.2514640372971458
V4.mp4,46,0,0,0.27713327734534
V4.mp4,47,0,0,0.25915860970007193
V4.mp4,48,0,0,0.263026877542688
V4.mp4,49,0,0,0.28204210431212645
V4.mp4,50,0,0,0.25615415073902
V4.mp4,51,0,0,0.3298211930933731
V4.mp4,52,0,0,0.22768633514016232
V4.mp4,53,0,0,0.3030739250958258
V4.mp4,54,0,0,0.24449811790098197
V4.mp4,55,0,0,0.22684899092973673
V4.mp4,56,0,0,0.26435277183449407
V4.mp4,57,0,0,0.18853834151738025
V4.mp4,58,0,0,0.2665795516081259
V4.mp4,59,0,0,0.3013669267020937
V4.mp4,60,0,0,0.23752831503393684
V4.mp4,61,0,0,0.2768903400770745
V4.mp4,62,0,0,0.3311380354930875
V4.mp4,63,0,0,0.3267237353008337
V4.mp4,64,0,0,0.33861139913194704
V4.mp4,65,0,0,0.2871716316053558
V4.mp4,66,0,0,0.2756427286595732
V4.mp4,67,0,0,0.3912887155130648
V4.mp4,68,0,0,0.2798924414465972
V4.mp4,69,0,0,0.2644827859846617
V4.mp4,70,0,0,0.28242465992503013
V4.mp4,71,0,0,0.25619590105040996
V4.mp4,72,0,0,0.269401458661817
V4.mp4,73,0,0,0.2677534774593042
V4.mp4,74,0,0,0.24342734542678796
V4.mp4,75,0,0,0.2471192919715293
V4.mp4,76,0,0,0.23101034757852484
V5.mp4,1,0,0,0.24790535196019325
V5.mp4,2,0,0,0.25818494209924864
V5.mp4,3,0,0,0.47312564347357094
V5.mp4,4,0,1,0.5318417925364184
V5.mp4,5,0,1,0.5380734385592836
V5.mp4,6,0,1,0.5635066085648287
V5.mp4,7,0,1,0.9999999700244346
V5.mp4,8,0,1,0.8291699064503625
V5.mp4,9,0,1,0.5542203221332694
V5.mp4,10,0,1,0.9064970234961384
V5.mp4,11,0,1,0.6884627075541817
V5.mp4,12,0,0,0.30275417526693404
V5.mp4,13,0,1,0.6314647549574117
V5.mp4,14,0,1,0.5154818692923516
V5.mp4,15,0,1,0.8319315623843269
V5.mp4,16,0,1,0.6119144233926619
V5.mp4,17,0,1,0.6757789855545004
V5.mp4,18,0,0,0.41463287780257063
V5.mp4,19,0,0,0.38801337154629517
V5.mp4,20,0,0,0.42386886849529115
V5.mp4,21,0,0,0.3650507656293973
V5.mp4,22,0,0,0.3473189443488989
V5.mp4,23,0,0,0.32806462260444696
V5.mp4,24,0,0,0.40712992545485877
V5.mp4,25,0,0,0.37046534276521176
V5.mp4,26,0,1,0.5171823243177075
V5.mp4,27,0,0,0.3901061138118528
V5.mp4,28,0,0,0.46598564580552926
V5.mp4,29,0,0,0.3521889663203234
V5.mp4,30,0,0,0.4955981937287917
V5.mp4,31,0,0,0.440136264266142
V5.mp4,32,0,1,0.6567384310579747
V5.mp4,33,0,0,0.4226323587540874
V5.mp4,34,0,0,0.3960272647442687
V5.mp4,35,0,0,0.3071463450569737
V5.mp4,36,0,0,0.3411320590276212
V5.mp4,37,0,0,0.3426901491338134
V5.mp4,38,0,0,0.3579697091185581
V5.mp4,39,0,0,0.3749814247783391
V5.mp4,40,0,0,0.42456978460275274
V5.mp4,41,0,0,0.4034201230534546
V5.mp4,42,0,0,0.4238178718797423
V5.mp4,43,0,0,0.39029718636900496
V5.mp4,44,0,0,0.4703135794442486
V5.mp4,45,0,0,0.4685024066211198
V5.mp4,46,0,1,0.5332070003202256
V5.mp4,47,0,1,0.6980145941851106
V5.mp4,48,0,1,0.6658931982941051
V5.mp4,49,0,1,0.5090084245366994
V5.mp4,50,0,1,0.6238457741564274
V5.mp4,51,0,1,0.6064646861425177
V5.mp4,52,0,1,0.534705573142987
V5.mp4,53,0,1,0.5862337737518031
V5.mp4,54,0,1,0.5717552054187179
V5.mp4,55,0,1,0.6811341118338416
V5.mp4,56,0,1,0.5169024592066628
V5.mp4,57,0,1,0.5661731981423137
V5.mp4,58,0,1,0.999999999993263
V5.mp4,59,1,1,0.9999999999956322
V5.mp4,60,1,1,0.999999999995627
V5.mp4,61,1,1,0.9999999999956588
V5.mp4,62,1,1,0.9999999999960814
V5.mp4,63,1,1,0.9999999999942335
V5.mp4,64,0,1,0.9472107865447474
V5.mp4,65,0,1,0.7342534996661678
V5.mp4,66,0,1,0.869139074911386
V5.mp4,67,0,0,0.3588819565068036
V5.mp4,68,0,0,0.357492431184312
V5.mp4,69,0,0,0.3454638049995042
V5.mp4,70,0,0,0.3442799920648995
V5.mp4,71,0,0,0.3125881085640684
V5.mp4,72,0,0,0.36799636877081127
V5.mp4,73,0,0,0.33131533448118095
V5.mp4,74,0,0,0.43166597915522303
V5.mp4,75,0,0,0.42392159859995726
V5.mp4,76,0,0,0.36256113940583307
V5.mp4,77,0,1,0.5355808632696357
V5.mp4,78,0,0,0.4403992782920238
V5.mp4,79,0,1,0.5977497618972563
V5.mp4,80,0,0,0.3292541220122449
V5.mp4,81,0,0,0.40560817358340634
V5.mp4,82,0,0,0.439288661518971
V5.mp4,83,0,1,0.5821247733158179
V5.mp4,84,0,1,0.5700163706279696
V5.mp4,85,0,1,0.5317266668603977
V5.mp4,86,0,1,0.565768451559978
V5.mp4,87,0,1,0.5961240185026788
V5.mp4,88,0,1,0.6034709266279363
V5.mp4,89,0,1,0.5680218475599123
V5.mp4,90,0,1,0.6249089478102993
V5.mp4,91,0,1,0.6035262136041892
V5.mp4,92,0,1,0.7233440319762149
V5.mp4,93,0,1,0.6569768638268797
V5.mp4,94,0,1,0.5353863528417757
V5.mp4,95,0,0,0.49068357902578447
V5.mp4,96,0,0,0.48347083983694894
V5.mp4,97,0,0,0.449181504305893
V5.mp4,98,0,0,0.4826622473841957
V5.mp4,99,0,0,0.2729816144393225
V6.mp4,1,0,0,0.25917116399132933
V6.mp4,2,0,0,0.27341559979102387
V6.mp4,3,0,0,0.45622258789589215
V6.mp4,4,0,0,0.41974378835872533
V6.mp4,5,0,0,0.3212632072854996
V6.mp4,6,0,0,0.3782524108816297
V6.mp4,7,0,0,0.2925440986007243
V6.mp4,8,0,0,0.31384277540631916
V6.mp4,9,0,0,0.3064371007758489
V6.mp4,10,0,0,0.3292436660686639
V6.mp4,11,0,0,0.3156960761743651
V6.mp4,12,0,0,0.2947995493099769
V6.mp4,13,0,0,0.3050279485663107
V6.mp4,14,0,0,0.30279559303685905
V6.mp4,15,0,0,0.31432375637178006
V6.mp4,16,0,0,0.29861749241163554
V6.mp4,17,0,0,0.33152739403038195
V6.mp4,18,0,0,0.3290487545442937
V6.mp4,19,0,0,0.2977423318336555
V6.mp4,20,0,0,0.36274957010389414
V6.mp4,21,0,0,0.2853002067561665
V6.mp4,22,0,0,0.3382138227619257
V6.mp4,23,0,0,0.32973061792178465
V6.mp4,24,0,0,0.37435547906266664
V6.mp4,25,0,0,0.3433072012801999
V6.mp4,26,0,0,0.3674087661022389
V6.mp4,27,0,0,0.35854227960955576
V6.mp4,28,0,0,0.30524601142283203
V6.mp4,29,0,0,0.34771665346142155
V6.mp4,30,0,0,0.2999845919461108
V6.mp4,31,0,0,0.31424049005839205
V6.mp4,32,0,0,0.2910941602966782
V6.mp4,33,0,0,0.30583078421615023
V6.mp4,34,0,0,0.30332953811745766
V6.mp4,35,0,0,0.31286626652574856
V6.mp4,36,0,0,0.3319486663051382
V6.mp4,37,0,0,0.3696739388345538
V6.mp4,38,0,0,0.43690468255706816
V6.mp4,39,0,0,0.35328531561222476
V6.mp4,40,0,0,0.3547225404763957
V6.mp4,41,0,0,0.3677016788128266
V6.mp4,42,0,0,0.3400037889567381
V6.mp4,43,0,0,0.34506104916595237
V6.mp4,44,0,0,0.2922767170691319
V6.mp4,45,0,0,0.25659575825743997
V6.mp4,46,0,0,0.2999063812316207
V6.mp4,47,0,0,0.24877554398464807
V6.mp4,48,0,0,0.3284579393909583
V6.mp4,49,0,0,0.32049291087089005
V6.mp4,50,0,0,0.349139232119038
V6.mp4,51,0,0,0.37703388150881534
V6.mp4,52,0,0,0.31473685872441354
V6.mp4,53,0,0,0.2987930272584461
V6.mp4,54,0,0,0.2553463910033984
V6.mp4,55,0,0,0.24036011210900726
V6.mp4,56,1,0,0.26374460355770996
V6.mp4,57,1,0,0.4237396522517087
V6.mp4,58,1,1,0.9999539050643796
V6.mp4,59,1,1,0.9999724377870205
V6.mp4,60,1,1,0.9974117846619285
V6.mp4,61,0,1,0.9482818737666366
V6.mp4,62,0,1,0.7950956521011733
V6.mp4,63,0,0,0.45930716214833045
V6.mp4,64,0,0,0.49798153709966503
V6.mp4,65,0,0,0.29955803144939863
V6.mp4,66,0,1,0.5159106636970682
V6.mp4,67,0,1,0.5543974463146105
V6.mp4,68,0,0,0.3852254000515497
V6.mp4,69,0,0,0.36362228134278857
V6.mp4,70,0,0,0.33710970272788093
V6.mp4,71,0,0,0.2947095235344049
V6.mp4,72,0,0,0.35648125324973545
V6.mp4,73,0,0,0.3383879985384228
V6.mp4,74,0,0,0.3779481495073422
V6.mp4,75,0,0,0.34495271434124564
V6.mp4,76,0,0,0.4478220601993699
V6.mp4,77,0,1,0.5196940173160336
V6.mp4,78,0,1,0.6404366208432022
V6.mp4,79,0,0,0.3324867239009542
V6.mp4,80,0,0,0.3222872031004477
V6.mp4,81,0,0,0.324788010630778
V6.mp4,82,0,0,0.3226255485721589
V6.mp4,83,0,0,0.3407269141720777
V6.mp4,84,0,0,0.3309844504254448
V6.mp4,85,0,0,0.27901093149931294
V6.mp4,86,0,0,0.29127321514348137
V6.mp4,87,0,0,0.32433925982447276
V6.mp4,88,0,0,0.36568223951582574
V6.mp4,89,0,0,0.32950623374497995
V6.mp4,90,0,0,0.45975662014054874
V6.mp4,91,0,0,0.3926358395364217
V6.mp4,92,0,1,0.6445358569358816
V6.mp4,93,0,0,0.4923378512494248
V6.mp4,94,0,0,0.44578756029509536
V6.mp4,95,0,1,0.7052902191034169
V6.mp4,96,0,1,0.5323909426847696
V6.mp4,97,0,1,0.6061414792734898
V6.mp4,98,0,0,0.4486690785275649
V6.mp4,99,0,1,0.7465113217091022
V6.mp4,100,0,0,0.49849841518025895
V6.mp4,101,0,1,0.5154100375136459
V6.mp4,102,0,1,0.5424761654083285
V6.mp4,103,0,1,0.5517124686218537
V6.mp4,104,0,1,0.561524692564155
V6.mp4,105,0,1,0.6749524753184917
V6.mp4,106,0,1,0.6735424364179231
V6.mp4,107,0,1,0.689668620682028
V6.mp4,108,0,1,0.6546137613006011
V6.mp4,109,0,1,0.6480042925420259
V6.mp4,110,0,1,0.6891366719041807
V6.mp4,111,0,1,0.7804058826089906
V6.mp4,112,0,1,0.6413642600839875
V6.mp4,113,0,1,0.5974207441467377
V6.mp4,114,0,1,0.654576770135326
V6.mp4,115,0,1,0.6609177673516726
V6.mp4,116,0,1,0.6081409585963826
V6.mp4,117,0,1,0.6905157561414672
V6.mp4,118,0,1,0.5970931659527674
V6.mp4,119,0,1,0.6741399228105411
V6.mp4,120,0,1,0.5309829498278064
V6.mp4,121,0,1,0.7639973121793308
V6.mp4,122,0,1,0.5441261210282271
V6.mp4,123,0,1,0.5217439223221897
V6.mp4,124,0,1,0.5199306125390244
V6.mp4,125,0,1,0.601942310217089
V6.mp4,126,0,1,0.6369317776813214
V6.mp4,127,0,1,0.6265937075578486
V6.mp4,128,0,1,0.6382954518389348
V6.mp4,129,0,1,0.6749963387247591
V6.mp4,130,0,1,0.7067012756311016
V6.mp4,131,0,1,0.5715790685025793
V6.mp4,132,0,0,0.49255242587285203
V6.mp4,133,0,1,0.5791660561769875
V6.mp4,134,0,1,0.6189895316668913
V6.mp4,135,0,1,0.5740985677589435
V6.mp4,136,0,0,0.48499902440255477
V6.mp4,137,0,1,0.5851594041413996
V6.mp4,138,0,1,0.5921246167933472
V6.mp4,139,0,1,0.5245395247204112
V6.mp4,140,0,0,0.42680445183146154
V6.mp4,141,0,0,0.48710543754515234
V7.mp4,1,0,0,0.2427032349695531
V7.mp4,2,0,0,0.24637651405201716
V7.mp4,3,0,1,0.5392187945151616
V7.mp4,4,0,0,0.3261783861975802
V7.mp4,5,0,0,0.30538424011237086
V7.mp4,6,0,0,0.4435539671440687
V7.mp4,7,0,0,0.41626484216885984
V7.mp4,8,0,0,0.2800646638093295
V7.mp4,9,0,0,0.30665341122671624
V7.mp4,10,0,0,0.28635908665164317
V7.mp4,11,0,0,0.27266701983827707
V7.mp4,12,0,0,0.2897216353126056
V7.mp4,13,0,0,0.289392870539257
V7.mp4,14,0,0,0.2985489936831245
V7.mp4,15,0,0,0.33186254706951257
V7.mp4,16,0,0,0.30047360305085613
V7.mp4,17,0,0,0.29014933650304003
V7.mp4,18,0,0,0.2926395726122874
V7.mp4,19,0,0,0.2545992786273469
V7.mp4,20,0,0,0.3106320636668324
V7.mp4,21,0,0,0.2639868042292739
V7.mp4,22,0,0,0.2990048579124317
V7.mp4,23,0,0,0.291674240400793
V7.mp4,24,0,0,0.3232978237724171
V7.mp4,25,0,0,0.336476412431276
V7.mp4,26,0,0,0.3133577301572193
V7.mp4,27,0,0,0.3195867404145399
V7.mp4,28,0,0,0.3655410055384264
V7.mp4,29,0,0,0.34506937367411444
V7.mp4,30,0,0,0.3488191468973961
V7.mp4,31,0,0,0.347947912506435
V7.mp4,32,0,0,0.33297714986941185
V7.mp4,33,0,0,0.32109616655389933
V7.mp4,34,0,0,0.39823185894639285
V7.mp4,35,0,0,0.31841497454776135
V7.mp4,36,0,1,0.5133911680845046
V7.mp4,37,0,0,0.4135748736058279
V7.mp4,38,0,1,0.7975277339292391
V7.mp4,39,0,0,0.3627456051430164
V7.mp4,40,0,0,0.3536408529056449
V7.mp4,41,0,0,0.34993523881903593
V7.mp4,42,0,0,0.2743181122330712
V7.mp4,43,0,0,0.28404775332276155
V7.mp4,44,0,0,0.30823480430803585
V7.mp4,45,0,0,0.3221044521243193
V7.mp4,46,0,0,0.3111978451676975
V7.mp4,47,0,0,0.31918948957038856
V7.mp4,48,0,0,0.3885918254709598
V7.mp4,49,0,0,0.40752794766651457
V7.mp4,50,0,0,0.41281418043524815
V7.mp4,51,0,0,0.3322780801219245
V7.mp4,52,0,1,0.5015023812206392
V7.mp4,53,1,1,0.9995595270955688
V7.mp4,54,1,1,0.9999510936436455
V7.mp4,55,1,1,0.99997857162107
V7.mp4,56,1,1,0.9999856634369646
V7.mp4,57,1,1,0.9999800473565857
V7.mp4,58,0,1,0.972288801650493
V7.mp4,59,0,1,0.7196536187739379
V7.mp4,60,0,0,0.3964168587814564
V7.mp4,61,0,0,0.3762360494927764
V7.mp4,62,0,0,0.4175069666564418
V7.mp4,63,0,0,0.29299579481432575
V7.mp4,64,0,0,0.3339696498549432
V7.mp4,65,0,0,0.319692369838512
V7.mp4,66,0,0,0.36012131917787826
V7.mp4,67,0,0,0.31116264727387205
V7.mp4,68,0,0,0.35183020154018646
V7.mp4,69,0,0,0.3868051272735458
V7.mp4,70,0,0,0.3366819233593932
V7.mp4,71,0,0,0.36560228834100217
V7.mp4,72,0,1,0.5554568506004436
V7.mp4,73,0,0,0.47069026962781596
V7.mp4,74,0,1,0.5264590685969526
V7.mp4,75,0,0,0.43385219995682345
V7.mp4,76,0,1,0.773908624817261
V7.mp4,77,0,1,0.5113792341700165
V7.mp4,78,0,0,0.4919814738344531
V7.mp4,79,0,0,0.3531415637202924
V7.mp4,80,0,0,0.40142557386570504
V7.mp4,81,0,0,0.3310505020935644
V7.mp4,82,0,0,0.44699308019864975
V7.mp4,83,0,0,0.40924968052195726
V7.mp4,84,0,0,0.3496609443602763
V7.mp4,85,0,0,0.3728630188210417
V7.mp4,86,0,1,0.5070461068506076
V7.mp4,87,0,0,0.46432823678076185
V7.mp4,88,0,1,0.6830646381207687
V7.mp4,89,0,0,0.46485770433383095
V7.mp4,90,0,1,0.501218413135895
V7.mp4,91,0,0,0.4768094252037646
V7.mp4,92,0,0,0.4456687306610044
V7.mp4,93,0,0,0.49073912391390057
V7.mp4,94,0,0,0.4851169698439311
V7.mp4,95,0,0,0.48370948301812033
V7.mp4,96,0,0,0.40889299954685804
V7.mp4,97,0,1,0.5287399762824273
V7.mp4,98,0,0,0.43975881715094445
V7.mp4,99,0,0,0.4680568246640108
V7.mp4,100,0,0,0.4316371470068787
V7.mp4,101,0,0,0.45495609714993296
V7.mp4,102,0,0,0.2826676515356197
V7.mp4,103,0,0,0.4742936078340354
V7.mp4,104,0,0,0.43078744070680836
V7.mp4,105,0,0,0.3758914793498576
V7.mp4,106,0,0,0.29507916791014904
V7.mp4,107,0,0,0.42215222602673846
V7.mp4,108,0,0,0.45352927273839727
V7.mp4,109,0,0,0.43550115028198183
V7.mp4,110,0,0,0.4004992983182757
V8.mp4,1,0,0,0.24966228393189588
V8.mp4,2,0,0,0.1748890363452217
V8.mp4,3,0,0,0.3798729661455402
V8.mp4,4,0,0,0.3228384299571393
V8.mp4,5,0,0,0.3064164303579947
V8.mp4,6,0,0,0.30023485988865567
V8.mp4,7,0,0,0.3143480083252601
V8.mp4,8,0,0,0.2807720888454269
V8.mp4,9,0,0,0.35846626292696027
V8.mp4,10,0,0,0.2824476758370672
V8.mp4,11,0,0,0.2518301348495051
V8.mp4,12,0,0,0.28729847055537217
V8.mp4,13,0,0,0.2836477604758445
V8.mp4,14,0,0,0.3793659432819908
V8.mp4,15,0,0,0.3831666906774116
V8.mp4,16,0,0,0.3860082795008941
V8.mp4,17,0,0,0.4488363491638768
V8.mp4,18,0,0,0.337452388380263
V8.mp4,19,0,0,0.1912826789115747
V8.mp4,20,0,0,0.1897117809536684
V8.mp4,21,0,0,0.2515338272919172
V8.mp4,22,0,0,0.3148689576020163
V8.mp4,23,0,0,0.32617397530216147
V8.mp4,24,0,0,0.3280480476314709
V8.mp4,25,0,0,0.3986738355615968
V8.mp4,26,0,0,0.3832851783949641
V8.mp4,27,0,0,0.3300740348053554
V8.mp4,28,0,0,0.34469901624274174
V8.mp4,29,0,0,0.2660863182743991
V8.mp4,30,0,0,0.2561773519584346
V8.mp4,31,0,1,0.5844344050301512
V8.mp4,32,0,0,0.31057870501644386
V8.mp4,33,0,1,0.9724665280779263
V8.mp4,34,0,1,0.5842324922699739
V8.mp4,35,0,0,0.3144287835399797
V8.mp4,36,0,0,0.393533602257807
V8.mp4,37,0,0,0.35064853706328364
V8.mp4,38,0,0,0.2959377887654691
V8.mp4,39,0,0,0.36178278860423696
V8.mp4,40,0,0,0.31303436505884785
V8.mp4,41,0,0,0.3602055756074579
V8.mp4,42,0,0,0.2908748704253863
V8.mp4,43,0,0,0.28916744742318906
V8.mp4,44,0,0,0.30640824947673706
V8.mp4,45,0,0,0.3912333335029657
V8.mp4,46,0,0,0.4058650137548493
V8.mp4,47,0,0,0.38620248275052815
V8.mp4,48,0,0,0.3083115335476193
V8.mp4,49,0,0,0.3682683052125864
V8.mp4,50,0,0,0.3379026401090847
V8.mp4,51,1,0,0.35483322694572805
V8.mp4,52,1,0,0.3109586818669656
V8.mp4,53,1,0,0.3045775776655382
V8.mp4,54,1,1,0.8017959877300498
V8.mp4,55,1,0,0.3533965640113633
V8.mp4,56,0,1,0.9939165786362657
V8.mp4,57,0,1,0.7156725161337522
V8.mp4,58,0,0,0.4241172658680856
V8.mp4,59,0,0,0.4546101153069444
V8.mp4,60,0,0,0.4422761886596313
V8.mp4,61,0,0,0.3734500843931844
V8.mp4,62,0,0,0.3739855551327272
V8.mp4,63,0,0,0.28273467495015825
V8.mp4,64,0,0,0.3109093670292005
V8.mp4,65,0,0,0.2872350718154204
V8.mp4,66,0,0,0.38535907181435475
V8.mp4,67,0,0,0.47213192527196207
V8.mp4,68,0,0,0.27500401662484475
V8.mp4,69,0,0,0.25217740403416355
V8.mp4,70,0,0,0.36343373474190704
V8.mp4,71,0,0,0.22050489440341522
V8.mp4,72,0,1,0.5736689009589043
V8.mp4,73,0,0,0.30716316652144465
V8.mp4,74,0,0,0.38001182877815315
V8.mp4,75,0,0,0.3232958964783821
V8.mp4,76,0,0,0.32211752068980704
V8.mp4,77,0,0,0.298769572480803
V8.mp4,78,0,0,0.27170364590187274
V8.mp4,79,0,0,0.2697801764921636
V8.mp4,80,0,0,0.2966446326201435
V8.mp4,81,0,0,0.34297777094274323
V8.mp4,82,0,0,0.41877141172261206
V8.mp4,83,0,0,0.3445514924881103
V8.mp4,84,0,0,0.4052935134506432
V8.mp4,85,0,0,0.3679333904845969
V8.mp4,86,0,0,0.3664338069698726
V8.mp4,87,0,0,0.37263067701058905
V8.mp4,88,0,0,0.3063571297014027
V8.mp4,89,0,0,0.3550805232081216
V8.mp4,90,0,0,0.3742219305950058
V8.mp4,91,0,0,0.39261226731369847
V8.mp4,92,0,0,0.2567766558007056
V8.mp4,93,0,0,0.43869526892677385
V8.mp4,94,0,0,0.3778897544252521
V8.mp4,95,0,1,0.7789426352843205
V8.mp4,96,0,1,0.6441784759092869
V8.mp4,97,0,0,0.3701719813887077
V8.mp4,98,0,1,0.591696345853757
V8.mp4,99,0,0,0.35745276916880747
V8.mp4,100,0,1,0.771556528691325
V8.mp4,101,0,0,0.4986155478160648
V8.mp4,102,0,0,0.47627730539295077
V8.mp4,103,0,1,0.5011260454535793
V8.mp4,104,0,0,0.45955404386179977
V8.mp4,105,0,0,0.46135739170735696
V8.mp4,106,0,0,0.47655291711443015
V8.mp4,107,0,0,0.41735603593962917
V8.mp4,108,0,0,0.43119015255034115
V8.mp4,109,0,1,0.5193870688695581
V8.mp4,110,0,0,0.3519003976330096
V8.mp4,111,0,1,0.5191876672081442
V8.mp4,112,0,0,0.47079001684989924
V8.mp4,113,0,0,0.4786539428570465
V8.mp4,114,0,1,0.5117221997204657
V8.mp4,115,0,1,0.554039632242423
V8.mp4,116,0,0,0.4294108721122283
V8.mp4,117,0,1,0.6521369372003231
V8.mp4,118,0,0,0.4780107195332091
V8.mp4,119,0,1,0.7531120078322234
V8.mp4,120,0,1,0.507900107285124
V8.mp4,121,0,1,0.5151190776105171
V8.mp4,122,0,1,0.5715676162869988
V8.mp4,123,0,1,0.5157415984981688
V8.mp4,124,0,1,0.5074183433847274
V8.mp4,125,0,0,0.4166095816556664
V8.mp4,126,0,0,0.32851779868802217
V8.mp4,127,0,0,0.35060113103709833
V9.mp4,1,0,0,0.23906249378362512
V9.mp4,2,0,0,0.3084572951404924
V9.mp4,3,0,0,0.4064034079890191
V9.mp4,4,0,0,0.4849949389702892
V9.mp4,5,0,1,0.635695380858821
V9.mp4,6,0,1,0.6424547425954114
V9.mp4,7,0,1,0.6171250362760262
V9.mp4,8,0,1,0.5175045413471737
V9.mp4,9,0,1,0.5639175484416168
V9.mp4,10,0,1,0.564025200565192
V9.mp4,11,0,0,0.48562517744306616
V9.mp4,12,0,1,0.5548353498238384
V9.mp4,13,0,1,0.5347425414396579
V9.mp4,14,0,1,0.5194562264845365
V9.mp4,15,0,0,0.49182335377920866
V9.mp4,16,0,1,0.5193289262354832
V9.mp4,17,0,1,0.5346268668647887
V9.mp4,18,0,1,0.5646248630972084
V9.mp4,19,0,1,0.6006546651724307
V9.mp4,20,0,1,0.6092167864585678
V9.mp4,21,0,1,0.5874194994825405
V9.mp4,22,0,1,0.5462490546368769
V9.mp4,23,0,1,0.5189052201467156
V9.mp4,24,0,0,0.4838126707710206
V9.mp4,25,0,0,0.4794783729266482
V9.mp4,26,0,1,0.5007899933907244
V9.mp4,27,0,1,0.519727725763017
V9.mp4,28,0,1,0.528548316844437
V9.mp4,29,0,1,0.5374979311051414
V9.mp4,30,0,1,0.5569999968026433
V9.mp4,31,0,1,0.5649240091659298
V9.mp4,32,0,1,0.5660337863518778
V9.mp4,33,0,1,0.5541658014987023
V9.mp4,34,0,1,0.5557617896211325
V9.mp4,35,0,1,0.5581073469431357
V9.mp4,36,0,1,0.580972326353578
V9.mp4,37,0,1,0.6308103986654702
V9.mp4,38,0,1,0.6609114480834815
V9.mp4,39,0,1,0.6809657684729562
V9.mp4,40,0,1,0.6765007092738397
V9.mp4,41,0,1,0.6685391206665371
V9.mp4,42,0,1,0.654768708058805
V9.mp4,43,0,1,0.6547777825658543
V9.mp4,44,0,1,0.6567295116956251
V9.mp4,45,0,1,0.6126813532063847
V9.mp4,46,0,1,0.5811209341571284
V9.mp4,47,0,1,0.5763808654023493
V9.mp4,48,0,1,0.5607118869600745
V9.mp4,49,0,1,0.5888951785579258
V9.mp4,50,0,1,0.5957797808290709
V9.mp4,51,0,1,0.5827710080248596
V9.mp4,52,0,1,0.606825477070862
V9.mp4,53,0,1,0.5872649569274044
V9.mp4,54,0,1,0.5819748310630432
V9.mp4,55,0,1,0.557304356605504
V9.mp4,56,0,1,0.5847663828019869
V9.mp4,57,0,1,0.6012536891042655
V9.mp4,58,0,1,0.6036136237930775
V9.mp4,59,0,1,0.6338104322291153
V9.mp4,60,0,1,0.63678088883417
V9.mp4,61,0,1,0.5786519391822535
V9.mp4,62,0,1,0.5079188249487866
V9.mp4,63,0,0,0.4819678256177
V9.mp4,64,0,0,0.41457054010319916
V9.mp4,65,0,0,0.34670460301871125
V9.mp4,66,0,0,0.3746207906800579
V9.mp4,67,0,0,0.420657130795173
V9.mp4,68,0,0,0.47249860883402955
V9.mp4,69,0,0,0.33674276307992645
V9.mp4,70,0,1,0.5941208916874362
V9.mp4,71,0,0,0.40547278970174455
V9.mp4,72,0,0,0.36316636919403483
V9.mp4,73,0,0,0.3249572426598162
V9.mp4,74,0,0,0.4761020715991504
V9.mp4,75,0,0,0.3561570086912305
V9.mp4,76,0,0,0.2566507755825248
V9.mp4,77,0,0,0.30054179135060205
V9.mp4,78,0,0,0.35430657359521794
V9.mp4,79,0,0,0.41890456811304744
V9.mp4,80,0,0,0.44746885227229527
V9.mp4,81,0,0,0.49972845101118696
V9.mp4,82,0,0,0.45624020606982396
V9.mp4,83,0,0,0.39788630559178756
V9.mp4,84,0,0,0.32112705669071545
V9.mp4,85,0,0,0.3136266170773095
V9.mp4,86,0,0,0.3421102222042818
V9.mp4,87,0,0,0.3663051477236711
V9.mp4,88,0,0,0.385346287684287
V9.mp4,89,0,0,0.3997786702301059
V9.mp4,90,0,0,0.3657279455825261
V9.mp4,91,0,0,0.31255334924955713
V9.mp4,92,0,0,0.29000439673608025
V9.mp4,93,0,0,0.2735259098563749
V9.mp4,94,0,0,0.26761131784781966
V9.mp4,95,0,0,0.2970065772750645
V9.mp4,96,0,0,0.277523174162519
V9.mp4,97,0,0,0.31700002092760576
V9.mp4,98,0,0,0.35745669790286727
V9.mp4,99,0,0,0.4059318186928542
V9.mp4,100,0,0,0.4690132308152616
V9.mp4,101,0,1,0.5390670789252237
V9.mp4,102,0,1,0.5808134118337241
V9.mp4,103,0,1,0.5918426753329056
V9.mp4,104,0,0,0.4980740806196402
V9.mp4,105,0,0,0.4303960240930036
V9.mp4,106,0,0,0.3790302938930718
V9.mp4,107,0,0,0.46855236149964985
V9.mp4,108,0,1,0.5009873673950894
V9.mp4,109,0,0,0.33673084744931897
V9.mp4,110,0,0,0.41775852041519496
V9.mp4,111,0,0,0.4638483426608721
V9.mp4,112,0,0,0.4568845173370489
V9.mp4,113,0,0,0.40867158391192865
V9.mp4,114,0,0,0.4962087713924468
V9.mp4,115,0,0,0.41291848456816116
V9.mp4,116,0,0,0.30334344777556876
V9.mp4,117,0,0,0.49867558501052445
V9.mp4,118,0,1,0.5039777513859277
V9.mp4,119,0,1,0.579705927022279
V9.mp4,120,0,0,0.4480314399636655
V9.mp4,121,0,0,0.33383050551891547
V9.mp4,122,0,1,0.5236654266108876
V9.mp4,123,0,0,0.48558926461780405
V9.mp4,124,0,0,0.4125448660949444
V9.mp4,125,0,0,0.2992215347367016
V9.mp4,126,0,0,0.330368132194757
V9.mp4,127,0,0,0.3140624117467144
V9.mp4,128,0,0,0.3754192139083524
V9.mp4,129,0,0,0.45197653498111756
V9.mp4,130,0,0,0.451312210569563
V9.mp4,131,0,0,0.34758381324209725
V9.mp4,132,0,0,0.2908652963688399
V9.mp4,133,0,0,0.263339392035307
V9.mp4,134,0,0,0.42002732684812183
V9.mp4,135,0,0,0.3868288798482446
V9.mp4,136,0,0,0.4411784135376231
V9.mp4,137,0,0,0.44501676445347754
V9.mp4,138,0,0,0.45587646125123515
V9.mp4,139,0,0,0.4574334252061241
V9.mp4,140,0,0,0.4843698333974508
V9.mp4,141,0,0,0.45347578882594813
V9.mp4,142,0,0,0.41941020227116477
V9.mp4,143,0,0,0.3763237632621617
V9.mp4,144,0,0,0.3821357557697224
V9.mp4,145,0,0,0.37285348724241235
V9.mp4,146,0,0,0.39754073698496273
V9.mp4,147,0,0,0.4020424480753862
V9.mp4,148,0,0,0.40050910437038056
V9.mp4,149,0,0,0.42434559912965913
V9.mp4,150,0,0,0.4315415120561662
V9.mp4,151,0,0,0.46671179246009586
V9.mp4,152,0,0,0.48054809670695786
V9.mp4,153,0,0,0.4844627827982088
V9.mp4,154,0,1,0.5044659126715131
V9.mp4,155,0,0,0.4642923805705401
V9.mp4,156,0,0,0.43241957987355545
V9.mp4,157,0,0,0.39540754322106075
V9.mp4,158,0,0,0.37093207213393437
V9.mp4,159,0,0,0.36626481607379285
V9.mp4,160,0,0,0.33194426265869587
V9.mp4,161,0,0,0.41059844086586605
V9.mp4,162,0,0,0.41334407040639065
V9.mp4,163,0,0,0.4185453019642757
V9.mp4,164,0,0,0.4151825992469208
V9.mp4,165,0,0,0.4431924936072515
V9.mp4,166,0,0,0.4272625386332001
V9.mp4,167,0,0,0.3909778682806017
V9.mp4,168,0,0,0.36331534095535917
V9.mp4,169,0,0,0.36052085134181155
V9.mp4,170,0,0,0.34976531388245746
V9.mp4,171,0,0,0.3436903357457674
V9.mp4,172,0,0,0.31479985381073533
V9.mp4,173,0,0,0.3017282779716993
V9.mp4,174,0,0,0.2984761534263053
V9.mp4,175,0,0,0.2690484260442094
V9.mp4,176,0,0,0.27160019358782167
V9.mp4,177,0,0,0.28018495135357047
V9.mp4,178,0,0,0.2882777092968382
V9.mp4,179,0,0,0.28909732676052174
V9.mp4,180,0,0,0.299740685026633
V9.mp4,181,0,0,0.3020300680814688
V9.mp4,182,0,0,0.2946337216876366
V9.mp4,183,0,0,0.31405648082934645
V9.mp4,184,0,0,0.2964398575336929
V9.mp4,185,0,0,0.2720615462439592
V9.mp4,186,0,0,0.2534134182365642
V9.mp4,187,0,0,0.2628865815535295
V9.mp4,188,0,0,0.2759775456962615
V9.mp4,189,0,0,0.26826206412002523
V9.mp4,190,0,0,0.2710331521643392
V9.mp4,191,0,0,0.25531911262958085
V9.mp4,192,0,0,0.257881551958443
V9.mp4,193,0,0,0.2512988079732718
V9.mp4,194,0,0,0.2676481912854048
V9.mp4,195,0,0,0.264840687549883
V9.mp4,196,0,0,0.2602038956800419
V9.mp4,197,0,0,0.26409824237290486
V9.mp4,198,0,0,0.2761790370323789
V9.mp4,199,0,0,0.3037291228459456
V9.mp4,200,0,0,0.29942554888619116
V9.mp4,201,0,0,0.3254872488913332
V9.mp4,202,0,0,0.27447457726872704
V9.mp4,203,0,0,0.2624220285605437
V9.mp4,204,0,0,0.26575737035537783
V9.mp4,205,0,0,0.2706655756964215
V9.mp4,206,0,0,0.26269594229216714
V9.mp4,207,0,0,0.256504284920825
V9.mp4,208,0,0,0.25580721591267497
V9.mp4,209,0,0,0.24476674180561206
V9.mp4,210,0,0,0.24841493876437284
V9.mp4,211,0,0,0.2526826915535846
V9.mp4,212,0,0,0.26451542676747175
V9.mp4,213,0,0,0.260561716009961
V9.mp4,214,0,0,0.2560345136192592
V9.mp4,215,0,0,0.26346628435670527
V9.mp4,216,0,0,0.26299670778837825
V9.mp4,217,0,0,0.25426084936090787
V9.mp4,218,0,0,0.22169914031566154
V9.mp4,219,0,0,0.2920566194632929
V9.mp4,220,0,0,0.316244602556087
V9.mp4,221,0,0,0.3611245566958486
V9.mp4,222,0,0,0.31330759903585614
V9.mp4,223,0,0,0.3992323798760735
V9.mp4,224,0,0,0.28901162265868313
V9.mp4,225,0,0,0.2524903223723863
V9.mp4,226,0,0,0.240312989056713
V9.mp4,227,0,0,0.26125002888300364
V9.mp4,228,0,0,0.2506754967656459
V9.mp4,229,0,0,0.23109832138272984
V9.mp4,230,0,0,0.24635045664123714
V9.mp4,231,0,0,0.22515211904259627
V9.mp4,232,0,0,0.2200110338572947
V9.mp4,233,0,0,0.2301952471392078
V9.mp4,234,0,0,0.2224179125529831
V9.mp4,235,0,0,0.22585924172328403
V9.mp4,236,0,0,0.2354381270658265
V9.mp4,237,0,0,0.24619713923092987
V9.mp4,238,0,0,0.2659204022644502
V9.mp4,239,0,0,0.28560315769945877
V9.mp4,240,0,1,0.571382666901395
V9.mp4,241,1,0,0.06734653796312128
V9.mp4,242,1,0,0.2761001491623487
V9.mp4,243,1,1,0.7411656130299665
V9.mp4,244,1,1,0.8948861256353751
V9.mp4,245,1,1,0.963560059692299
V9.mp4,246,0,1,0.93585426876293
V9.mp4,247,0,1,0.8901513907556334
V9.mp4,248,0,0,0.4516866836723802
V9.mp4,249,0,0,0.32534527590798096
V9.mp4,250,0,0,0.2736804333986778
V9.mp4,251,0,0,0.2777904272184787
V9.mp4,252,0,0,0.23493752272819937
V9.mp4,253,0,0,0.2549571918140529
V9.mp4,254,0,0,0.2833233061334499
V9.mp4,255,0,0,0.3040558392840239
V9.mp4,256,0,0,0.3098293394538117
V9.mp4,257,0,0,0.2711171351843983
V9.mp4,258,0,0,0.2420169006437018
V9.mp4,259,0,0,0.2609615662352551
V9.mp4,260,0,0,0.24861282709268748
V9.mp4,261,0,0,0.25117114204998264
V9.mp4,262,0,0,0.23152607730223582
V9.mp4,263,0,0,0.2660744137461632
V9.mp4,264,0,0,0.28024152779324407
V9.mp4,265,0,0,0.3051210735015493
V9.mp4,266,0,0,0.29645656196829856
V9.mp4,267,0,0,0.3177464168887132
V9.mp4,268,0,0,0.27020020026336977
V9.mp4,269,0,0,0.2285186719044861
V9.mp4,270,0,0,0.23664097361759562
V9.mp4,271,0,0,0.2414086033125083
V9.mp4,272,0,0,0.25335368621272897
V9.mp4,273,0,0,0.2528916567733217
V9.mp4,274,0,0,0.2620015589459987
V9.mp4,275,0,0,0.2295204500031569
V9.mp4,276,0,0,0.21332047941475846
V9.mp4,277,0,0,0.26034397006511234
V9.mp4,278,0,0,0.31756411061080686
V9.mp4,279,0,0,0.35876233206703717
V9.mp4,280,0,0,0.3420500526299648
V9.mp4,281,0,0,0.35306601451068936
V9.mp4,282,0,0,0.33282263375773563
V9.mp4,283,0,0,0.33660706904519283
V9.mp4,284,0,0,0.127495593699651
V9.mp4,285,0,0,0.35084536032812913
V9.mp4,286,0,1,0.5195311782467251
V9.mp4,287,0,1,0.7079185608518179
V9.mp4,288,0,1,0.721902804603438
V9.mp4,289,0,1,0.7920679975988415
V9.mp4,290,0,1,0.6005577528268334
V9.mp4,291,0,0,0.29910552589166756
V9.mp4,292,0,0,0.28279719465581465
V9.mp4,293,0,0,0.26141848200054046
V9.mp4,294,0,0,0.2608789763746636
V9.mp4,295,0,0,0.2507407779887872
V9.mp4,296,0,0,0.25899511661956603
V9.mp4,297,0,0,0.2514973045517815
V9.mp4,298,0,0,0.2361461360810928
V9.mp4,299,0,0,0.22911385703664422
V9.mp4,300,0,0,0.20934631402134057
V9.mp4,301,0,0,0.20219942598944737
V9.mp4,302,0,0,0.20219942598944737
V9.mp4,303,0,0,0.20219942598944732
