video_name,center_frame,true_label,pred_label,score
V1.mp4,1,0,0,0.24714690446853638
V1.mp4,2,0,0,0.2083403766155243
V1.mp4,3,0,0,0.051575690507888794
V1.mp4,4,0,0,0.00938817672431469
V1.mp4,5,0,0,0.010868899524211884
V1.mp4,6,0,0,0.008821879513561726
V1.mp4,7,0,0,0.009947641752660275
V1.mp4,8,0,0,0.009445377625524998
V1.mp4,9,0,0,0.008556604385375977
V1.mp4,10,0,0,0.008100677281618118
V1.mp4,11,0,0,0.006994088180363178
V1.mp4,12,0,0,0.0070014046505093575
V1.mp4,13,0,0,0.006987144239246845
V1.mp4,14,0,0,0.007180158048868179
V1.mp4,15,0,0,0.0068835001438856125
V1.mp4,16,0,0,0.006863417103886604
V1.mp4,17,0,0,0.007009906694293022
V1.mp4,18,0,0,0.007014140021055937
V1.mp4,19,0,0,0.006751330569386482
V1.mp4,20,0,0,0.006698753219097853
V1.mp4,21,0,0,0.0069713834673166275
V1.mp4,22,0,0,0.006876238621771336
V1.mp4,23,0,0,0.006664986722171307
V1.mp4,24,0,0,0.0073687550611793995
V1.mp4,25,0,0,0.00795041024684906
V1.mp4,26,0,0,0.007675791159272194
V1.mp4,27,0,0,0.006872595753520727
V1.mp4,28,0,0,0.006966015323996544
V1.mp4,29,0,0,0.0072032008320093155
V1.mp4,30,0,0,0.007286583539098501
V1.mp4,31,0,0,0.00749402167275548
V1.mp4,32,0,0,0.008869058452546597
V1.mp4,33,0,0,0.008483326062560081
V1.mp4,34,0,0,0.01104186661541462
V1.mp4,35,0,0,0.009217727929353714
V1.mp4,36,0,0,0.008070003241300583
V1.mp4,37,0,0,0.009921296499669552
V1.mp4,38,0,0,0.011395948007702827
V1.mp4,39,0,0,0.00730599369853735
V1.mp4,40,0,0,0.0065800705924630165
V1.mp4,41,0,0,0.007651762571185827
V1.mp4,42,0,0,0.007358667440712452
V1.mp4,43,0,0,0.007884453982114792
V1.mp4,44,0,0,0.007923325523734093
V1.mp4,45,0,0,0.007366306614130735
V1.mp4,46,0,0,0.007136765401810408
V1.mp4,47,0,0,0.0075755915604531765
V1.mp4,48,0,0,0.007748590316623449
V1.mp4,49,0,0,0.010249409824609756
V1.mp4,50,0,0,0.007879121229052544
V1.mp4,51,0,0,0.008105012588202953
V1.mp4,52,0,0,0.007164294365793467
V1.mp4,53,0,0,0.012465029023587704
V1.mp4,54,0,0,0.009334801696240902
V1.mp4,55,0,0,0.009426765143871307
V1.mp4,56,0,0,0.008428904227912426
V1.mp4,57,0,0,0.007135387044399977
V1.mp4,58,0,0,0.007423832081258297
V1.mp4,59,0,0,0.007447865325957537
V1.mp4,60,0,0,0.007637524977326393
V1.mp4,61,0,0,0.007548273075371981
V1.mp4,62,0,0,0.0074226753786206245
V1.mp4,63,0,0,0.008836464956402779
V1.mp4,64,0,0,0.007689882069826126
V1.mp4,65,0,0,0.008192968554794788
V1.mp4,66,0,0,0.007512024603784084
V1.mp4,67,0,0,0.007412624545395374
V1.mp4,68,0,0,0.007050990592688322
V1.mp4,69,0,0,0.007062534801661968
V1.mp4,70,0,0,0.007466698065400124
V1.mp4,71,0,0,0.007286224514245987
V1.mp4,72,0,0,0.007301498670130968
V1.mp4,73,0,0,0.0066709499806165695
V1.mp4,74,0,0,0.007107638753950596
V1.mp4,75,0,0,0.006801305338740349
V1.mp4,76,0,0,0.006625320762395859
V1.mp4,77,0,0,0.00670237373560667
V1.mp4,78,0,0,0.006541780661791563
V1.mp4,79,0,0,0.0066023943945765495
V1.mp4,80,0,0,0.006699229124933481
V1.mp4,81,0,0,0.006516831461340189
V1.mp4,82,0,0,0.0065120733343064785
V1.mp4,83,0,0,0.00685223238542676
V1.mp4,84,0,0,0.006988550070673227
V1.mp4,85,0,0,0.007822263054549694
V1.mp4,86,0,0,0.008357394486665726
V1.mp4,87,0,0,0.009128673002123833
V1.mp4,88,0,0,0.0076028574258089066
V1.mp4,89,0,0,0.0074190362356603146
V1.mp4,90,0,0,0.006980976555496454
V1.mp4,91,0,0,0.006858800072222948
V1.mp4,92,0,0,0.006934420671314001
V1.mp4,93,0,0,0.00703847873955965
V1.mp4,94,0,0,0.007401514798402786
V1.mp4,95,0,0,0.008286588825285435
V1.mp4,96,0,0,0.026273105293512344
V1.mp4,97,0,0,0.051208365708589554
V1.mp4,98,0,0,0.04461909458041191
V1.mp4,99,0,0,0.024544278159737587
V1.mp4,100,0,0,0.010876365005970001
V1.mp4,101,0,0,0.009431535378098488
V1.mp4,102,0,0,0.00827415194362402
V1.mp4,103,0,0,0.008078228682279587
V1.mp4,104,0,0,0.007726835552603006
V1.mp4,105,0,0,0.007748827803879976
V1.mp4,106,0,0,0.006707957945764065
V1.mp4,107,0,0,0.006633827928453684
V1.mp4,108,0,0,0.006730233784765005
V1.mp4,109,0,0,0.006886056158691645
V1.mp4,110,0,0,0.007219088729470968
V1.mp4,111,0,0,0.007627318613231182
V1.mp4,112,0,0,0.01717980019748211
V1.mp4,113,0,0,0.01745300553739071
V1.mp4,114,0,0,0.4549526870250702
V1.mp4,115,0,1,0.7660227417945862
V1.mp4,116,0,1,0.8214026093482971
V1.mp4,117,0,1,0.8089745044708252
V1.mp4,118,0,0,0.4600098729133606
V1.mp4,119,0,0,0.40800079703330994
V1.mp4,120,1,0,0.21380791068077087
V1.mp4,121,1,0,0.03946559503674507
V1.mp4,122,1,0,0.016668783500790596
V1.mp4,123,1,0,0.015023769810795784
V1.mp4,124,1,0,0.0163123682141304
V1.mp4,125,0,0,0.057803697884082794
V1.mp4,126,0,0,0.04665966331958771
V1.mp4,127,0,0,0.022192457690835
V1.mp4,128,0,0,0.01649431511759758
V1.mp4,129,0,0,0.010399192571640015
V1.mp4,130,0,0,0.007410740479826927
V1.mp4,131,0,0,0.007026411592960358
V1.mp4,132,0,0,0.006846153177320957
V1.mp4,133,0,0,0.00705909077078104
V1.mp4,134,0,0,0.008145702071487904
V1.mp4,135,0,0,0.012289362028241158
V1.mp4,136,0,0,0.015124852769076824
V1.mp4,137,0,0,0.016543544828891754
V1.mp4,138,0,0,0.019080976024270058
V1.mp4,139,0,0,0.008219762705266476
V1.mp4,140,0,0,0.009537482634186745
V1.mp4,141,0,0,0.007110243663191795
V1.mp4,142,0,0,0.011295611970126629
V1.mp4,143,0,0,0.011958449147641659
V1.mp4,144,0,0,0.010113862343132496
V1.mp4,145,0,0,0.01037595421075821
V1.mp4,146,0,0,0.007940499112010002
V1.mp4,147,0,0,0.007415224332362413
V1.mp4,148,0,0,0.014548728242516518
V1.mp4,149,0,0,0.016459373757243156
V1.mp4,150,0,0,0.011282083578407764
V1.mp4,151,0,0,0.007257882971316576
V1.mp4,152,0,0,0.006817474961280823
V1.mp4,153,0,0,0.006958142854273319
V1.mp4,154,0,0,0.0070701357908546925
V1.mp4,155,0,0,0.006845635361969471
V1.mp4,156,0,0,0.006800641771405935
V1.mp4,157,0,0,0.007038346026092768
V1.mp4,158,0,0,0.007155745755881071
V1.mp4,159,0,0,0.007358828093856573
V1.mp4,160,0,0,0.007579655386507511
V1.mp4,161,0,0,0.007104274816811085
V1.mp4,162,0,0,0.008778694085776806
V1.mp4,163,0,0,0.01156639028340578
V1.mp4,164,0,0,0.012399377301335335
V1.mp4,165,0,0,0.013625634834170341
V1.mp4,166,0,0,0.015729591250419617
V1.mp4,167,0,0,0.011695435270667076
V1.mp4,168,0,0,0.009918233379721642
V1.mp4,169,0,0,0.009322295896708965
V1.mp4,170,0,0,0.009029396809637547
V1.mp4,171,0,0,0.008655299432575703
V1.mp4,172,0,0,0.008154605515301228
V1.mp4,173,0,0,0.008025526069104671
V1.mp4,174,0,0,0.00886024720966816
V1.mp4,175,0,0,0.0075773634016513824
V1.mp4,176,0,0,0.007985924370586872
V1.mp4,177,0,0,0.007252546958625317
V1.mp4,178,0,0,0.007183687295764685
V1.mp4,179,0,0,0.007125252857804298
V1.mp4,180,0,0,0.006986740976572037
V1.mp4,181,0,0,0.006964253727346659
V1.mp4,182,0,0,0.007116834633052349
V1.mp4,183,0,0,0.007310840766876936
V1.mp4,184,0,0,0.006839736830443144
V1.mp4,185,0,0,0.00847645103931427
V1.mp4,186,0,0,0.007353327237069607
V1.mp4,187,0,0,0.007840865291655064
V1.mp4,188,0,0,0.007312017492949963
V1.mp4,189,0,0,0.006801121402531862
V1.mp4,190,0,0,0.006682765204459429
V1.mp4,191,0,0,0.007336017210036516
V1.mp4,192,0,0,0.007482776418328285
V1.mp4,193,0,0,0.00820991862565279
V1.mp4,194,0,0,0.008037524297833443
V1.mp4,195,0,0,0.007426140364259481
V1.mp4,196,0,0,0.007175692822784185
V1.mp4,197,0,0,0.007173237390816212
V1.mp4,198,0,0,0.0070588975213468075
V1.mp4,199,0,0,0.006707626860588789
V1.mp4,200,0,0,0.006733632646501064
V1.mp4,201,0,0,0.007116626016795635
V1.mp4,202,0,0,0.007500060833990574
V1.mp4,203,0,0,0.0074233850464224815
V1.mp4,204,0,0,0.009309208020567894
V1.mp4,205,0,0,0.00764082558453083
V1.mp4,206,0,0,0.008320321328938007
V1.mp4,207,0,0,0.008187573403120041
V1.mp4,208,0,0,0.007673001382499933
V1.mp4,209,0,0,0.00735781155526638
V1.mp4,210,0,0,0.007115402724593878
V1.mp4,211,0,0,0.008543873205780983
V1.mp4,212,0,0,0.0064446814358234406
V1.mp4,213,0,0,0.0069826459512114525
V1.mp4,214,0,0,0.007267840672284365
V1.mp4,215,0,0,0.007129926234483719
V1.mp4,216,0,0,0.007581100333482027
V1.mp4,217,0,0,0.09321151673793793
V1.mp4,218,0,0,0.04825412482023239
V1.mp4,219,0,0,0.2279725968837738
V1.mp4,220,0,0,0.008415165357291698
V1.mp4,221,0,0,0.007197112776339054
V1.mp4,222,0,0,0.0065070646815001965
V1.mp4,223,0,0,0.007075419649481773
V1.mp4,224,0,0,0.0066710603423416615
V1.mp4,225,0,0,0.007875916548073292
V1.mp4,226,0,0,0.008537151850759983
V1.mp4,227,0,0,0.008828587830066681
V1.mp4,228,0,0,0.006779585033655167
V1.mp4,229,0,0,0.009079196490347385
V1.mp4,230,0,0,0.020858651027083397
V1.mp4,231,0,0,0.015887420624494553
V1.mp4,232,0,0,0.016425512731075287
V1.mp4,233,0,0,0.008505775593221188
V1.mp4,234,0,0,0.00816410593688488
V1.mp4,235,0,0,0.011474285274744034
V1.mp4,236,0,0,0.007724156603217125
V1.mp4,237,0,0,0.008140679448843002
V1.mp4,238,0,0,0.0072725070640444756
V1.mp4,239,0,0,0.008682320825755596
V1.mp4,240,0,0,0.007547522895038128
V1.mp4,241,0,0,0.006750352215021849
V1.mp4,242,0,0,0.007320217788219452
V1.mp4,243,0,0,0.0067238518968224525
V1.mp4,244,0,0,0.007624528836458921
V1.mp4,245,0,0,0.006638501770794392
V1.mp4,246,0,0,0.006638498976826668
V1.mp4,247,0,0,0.006638501770794392
V1.mp4,248,0,0,0.006593774538487196
V1.mp4,249,0,0,0.006573958322405815
V1.mp4,250,0,0,0.007460678927600384
V1.mp4,251,0,0,0.006648153066635132
V1.mp4,252,0,0,0.006648153066635132
V1.mp4,253,0,0,0.006648153066635132
V1.mp4,254,0,0,0.006648153066635132
V1.mp4,255,0,0,0.006648156326264143
V1.mp4,256,0,0,0.006648156326264143
V10.mp4,1,0,0,0.4397341012954712
V10.mp4,2,0,0,0.41587841510772705
V10.mp4,3,0,1,0.5988611578941345
V10.mp4,4,0,0,0.14413459599018097
V10.mp4,5,0,0,0.11890865862369537
V10.mp4,6,0,0,0.08800459653139114
V10.mp4,7,0,0,0.06612835824489594
V10.mp4,8,0,0,0.059666551649570465
V10.mp4,9,0,0,0.0583980455994606
V10.mp4,10,0,0,0.04960969462990761
V10.mp4,11,0,0,0.050369758158922195
V10.mp4,12,0,0,0.13425908982753754
V10.mp4,13,0,0,0.328123539686203
V10.mp4,14,0,0,0.041619982570409775
V10.mp4,15,0,0,0.016063064336776733
V10.mp4,16,0,0,0.02060953713953495
V10.mp4,17,0,0,0.12440276890993118
V10.mp4,18,0,0,0.09260071814060211
V10.mp4,19,0,0,0.020696846768260002
V10.mp4,20,0,0,0.018267784267663956
V10.mp4,21,0,0,0.026413438841700554
V10.mp4,22,0,0,0.024965211749076843
V10.mp4,23,0,0,0.015601535327732563
V10.mp4,24,0,0,0.012605030089616776
V10.mp4,25,0,0,0.01937047392129898
V10.mp4,26,0,0,0.01990821212530136
V10.mp4,27,0,0,0.015352108515799046
V10.mp4,28,0,0,0.03894571587443352
V10.mp4,29,0,0,0.026319311931729317
V10.mp4,30,0,0,0.02177080139517784
V10.mp4,31,0,0,0.019197458401322365
V10.mp4,32,0,0,0.013853956945240498
V10.mp4,33,0,0,0.009275485761463642
V10.mp4,34,0,0,0.3109334111213684
V10.mp4,35,0,0,0.23503032326698303
V10.mp4,36,0,0,0.11301698535680771
V10.mp4,37,0,1,0.5592583417892456
V10.mp4,38,0,1,0.5953142642974854
V10.mp4,39,0,0,0.01734478585422039
V10.mp4,40,0,0,0.012332405894994736
V10.mp4,41,0,0,0.009487801231443882
V10.mp4,42,0,0,0.017881911247968674
V10.mp4,43,0,0,0.013018406927585602
V10.mp4,44,0,0,0.02922818809747696
V10.mp4,45,0,0,0.02708975411951542
V10.mp4,46,0,0,0.05485675856471062
V10.mp4,47,0,0,0.030515583232045174
V10.mp4,48,0,0,0.03304900601506233
V10.mp4,49,0,0,0.023478301241993904
V10.mp4,50,0,0,0.008852402679622173
V10.mp4,51,0,0,0.007503291126340628
V10.mp4,52,0,0,0.009500146843492985
V10.mp4,53,0,0,0.01199629157781601
V10.mp4,54,0,0,0.01766171306371689
V10.mp4,55,0,0,0.018427956849336624
V10.mp4,56,0,0,0.06097190082073212
V10.mp4,57,0,1,0.788384199142456
V10.mp4,58,0,0,0.04446326568722725
V10.mp4,59,0,0,0.02386125922203064
V10.mp4,60,0,0,0.027572263032197952
V10.mp4,61,0,0,0.1511097550392151
V10.mp4,62,0,0,0.026290275156497955
V10.mp4,63,0,0,0.018984971567988396
V10.mp4,64,0,0,0.06103068217635155
V10.mp4,65,0,0,0.0354032889008522
V10.mp4,66,0,0,0.02601463720202446
V10.mp4,67,0,0,0.035703349858522415
V10.mp4,68,0,0,0.03693174570798874
V10.mp4,69,0,0,0.3017115890979767
V10.mp4,70,0,0,0.10885895043611526
V10.mp4,71,0,0,0.3147147297859192
V10.mp4,72,0,0,0.25603681802749634
V10.mp4,73,0,0,0.03430267423391342
V10.mp4,74,0,0,0.025611944496631622
V10.mp4,75,0,0,0.023179253563284874
V10.mp4,76,0,0,0.01398823969066143
V10.mp4,77,0,0,0.013005735352635384
V10.mp4,78,0,0,0.016502143815159798
V10.mp4,79,0,0,0.015228714793920517
V10.mp4,80,0,0,0.020700378343462944
V10.mp4,81,0,0,0.01451688352972269
V10.mp4,82,0,0,0.019586285576224327
V10.mp4,83,0,0,0.013548478484153748
V10.mp4,84,0,0,0.013226070441305637
V10.mp4,85,0,0,0.2786041498184204
V10.mp4,86,0,0,0.22852753102779388
V10.mp4,87,0,0,0.18493786454200745
V10.mp4,88,0,0,0.03208727017045021
V10.mp4,89,0,0,0.026942240074276924
V10.mp4,90,0,0,0.017816200852394104
V10.mp4,91,0,0,0.034845367074012756
V10.mp4,92,0,0,0.023301895707845688
V10.mp4,93,0,0,0.4591677188873291
V10.mp4,94,0,0,0.43593940138816833
V10.mp4,95,0,0,0.1511126160621643
V10.mp4,96,0,0,0.18115845322608948
V10.mp4,97,0,0,0.04228382930159569
V10.mp4,98,0,0,0.012914861552417278
V10.mp4,99,0,0,0.01539267785847187
V10.mp4,100,0,0,0.015714282169938087
V10.mp4,101,0,0,0.015528500080108643
V10.mp4,102,0,0,0.020600564777851105
V10.mp4,103,0,0,0.023511480540037155
V10.mp4,104,0,0,0.021957451477646828
V10.mp4,105,0,0,0.015736548230051994
V10.mp4,106,0,0,0.015825564041733742
V10.mp4,107,0,0,0.009026738815009594
V10.mp4,108,0,0,0.010248253121972084
V10.mp4,109,0,0,0.008850939571857452
V10.mp4,110,0,0,0.011492082849144936
V10.mp4,111,0,0,0.007312979083508253
V10.mp4,112,0,0,0.008798741735517979
V10.mp4,113,0,0,0.013595099560916424
V10.mp4,114,0,0,0.03422870486974716
V10.mp4,115,0,0,0.19003023207187653
V10.mp4,116,0,0,0.20190425217151642
V10.mp4,117,0,0,0.1309339851140976
V10.mp4,118,0,0,0.05602295696735382
V10.mp4,119,0,0,0.0649864450097084
V10.mp4,120,0,0,0.0711994618177414
V10.mp4,121,0,0,0.07660816609859467
V10.mp4,122,0,0,0.0644650086760521
V10.mp4,123,0,0,0.05586955323815346
V10.mp4,124,0,0,0.05034247413277626
V10.mp4,125,0,0,0.04308219626545906
V10.mp4,126,0,0,0.038243770599365234
V10.mp4,127,0,0,0.033909302204847336
V10.mp4,128,0,0,0.03220432624220848
V10.mp4,129,0,0,0.042475488036870956
V10.mp4,130,0,0,0.03461768850684166
V10.mp4,131,0,0,0.0445389598608017
V10.mp4,132,0,0,0.056630510836839676
V10.mp4,133,0,0,0.05509726703166962
V10.mp4,134,0,0,0.05466821417212486
V10.mp4,135,0,0,0.05383170396089554
V10.mp4,136,0,0,0.05166499316692352
V10.mp4,137,0,0,0.04786485806107521
V10.mp4,138,0,0,0.04288194328546524
V10.mp4,139,0,0,0.03723093494772911
V10.mp4,140,0,0,0.03645138815045357
V10.mp4,141,0,0,0.12847724556922913
V10.mp4,142,0,0,0.1261959671974182
V10.mp4,143,0,0,0.022607769817113876
V10.mp4,144,0,0,0.018033087253570557
V10.mp4,145,0,0,0.01589420810341835
V10.mp4,146,0,0,0.019077962264418602
V10.mp4,147,0,1,0.6332420110702515
V10.mp4,148,0,0,0.46709635853767395
V10.mp4,149,0,0,0.42983493208885193
V10.mp4,150,0,0,0.160675510764122
V10.mp4,151,0,0,0.01888299360871315
V10.mp4,152,0,1,0.6371778249740601
V10.mp4,153,0,1,0.5333113074302673
V10.mp4,154,0,0,0.3622725307941437
V10.mp4,155,0,0,0.2622808814048767
V10.mp4,156,0,0,0.04813198745250702
V10.mp4,157,0,0,0.3414987623691559
V10.mp4,158,0,0,0.05702250823378563
V10.mp4,159,0,0,0.05058310925960541
V10.mp4,160,0,0,0.017876075580716133
V10.mp4,161,0,0,0.015587438829243183
V10.mp4,162,0,0,0.013411574997007847
V10.mp4,163,0,0,0.01241847313940525
V10.mp4,164,0,0,0.011862528510391712
V10.mp4,165,0,0,0.14328238368034363
V10.mp4,166,0,0,0.04855749383568764
V10.mp4,167,0,0,0.04406234249472618
V10.mp4,168,0,0,0.06696595996618271
V10.mp4,169,0,0,0.03959082067012787
V10.mp4,170,0,0,0.054971590638160706
V10.mp4,171,0,0,0.05366953834891319
V10.mp4,172,0,0,0.05495791137218475
V10.mp4,173,0,0,0.05827553570270538
V10.mp4,174,0,0,0.05836519971489906
V10.mp4,175,0,0,0.05502348765730858
V10.mp4,176,0,0,0.051615159958601
V10.mp4,177,0,0,0.09035733342170715
V10.mp4,178,0,0,0.41314107179641724
V10.mp4,179,0,1,0.668526828289032
V10.mp4,180,0,1,0.6276662349700928
V10.mp4,181,0,1,0.5539446473121643
V10.mp4,182,0,0,0.049049779772758484
V10.mp4,183,0,0,0.011331530287861824
V10.mp4,184,0,0,0.009706445038318634
V10.mp4,185,0,0,0.013985203579068184
V10.mp4,186,0,0,0.01574113592505455
V10.mp4,187,0,0,0.014830833300948143
V10.mp4,188,0,0,0.015602736733853817
V10.mp4,189,0,0,0.014734191820025444
V10.mp4,190,0,0,0.011074954643845558
V10.mp4,191,0,0,0.009784171357750893
V10.mp4,192,0,0,0.011321042664349079
V10.mp4,193,0,0,0.012759493663907051
V10.mp4,194,0,0,0.018121954053640366
V10.mp4,195,0,0,0.01681971736252308
V10.mp4,196,0,0,0.012882786802947521
V10.mp4,197,0,0,0.00857950933277607
V10.mp4,198,0,0,0.02061976119875908
V10.mp4,199,0,0,0.038531605154275894
V10.mp4,200,0,0,0.09379162639379501
V10.mp4,201,0,0,0.12589627504348755
V10.mp4,202,0,0,0.08436328917741776
V10.mp4,203,0,0,0.041839599609375
V10.mp4,204,0,0,0.03441554680466652
V10.mp4,205,0,0,0.27762240171432495
V10.mp4,206,0,1,0.5551265478134155
V10.mp4,207,0,0,0.08380737900733948
V10.mp4,208,0,0,0.0922105610370636
V10.mp4,209,0,1,0.7434725165367126
V10.mp4,210,0,1,0.6388310194015503
V10.mp4,211,0,0,0.07135342061519623
V10.mp4,212,0,0,0.0425538532435894
V10.mp4,213,0,0,0.07257620245218277
V10.mp4,214,0,0,0.33555081486701965
V10.mp4,215,0,1,0.5121779441833496
V10.mp4,216,0,0,0.053919605910778046
V10.mp4,217,0,0,0.05267795920372009
V10.mp4,218,0,0,0.013945968821644783
V10.mp4,219,0,0,0.016893453896045685
V10.mp4,220,0,0,0.04430917277932167
V10.mp4,221,0,0,0.03926830366253853
V10.mp4,222,0,0,0.27907758951187134
V10.mp4,223,0,0,0.1579969972372055
V10.mp4,224,0,1,0.6673203706741333
V10.mp4,225,0,0,0.029418189078569412
V10.mp4,226,0,0,0.09844495356082916
V10.mp4,227,0,0,0.007729783654212952
V10.mp4,228,0,0,0.00937790796160698
V10.mp4,229,0,0,0.015505321323871613
V10.mp4,230,0,0,0.04603176563978195
V10.mp4,231,0,0,0.13613136112689972
V10.mp4,232,0,0,0.3938218653202057
V10.mp4,233,0,0,0.05648213252425194
V10.mp4,234,0,0,0.03327757865190506
V10.mp4,235,0,0,0.0494394451379776
V10.mp4,236,0,0,0.05514761805534363
V10.mp4,237,0,0,0.05186682567000389
V10.mp4,238,0,0,0.046495307236909866
V10.mp4,239,0,0,0.03633802384138107
V10.mp4,240,0,0,0.03207927569746971
V10.mp4,241,0,0,0.020105214789509773
V10.mp4,242,0,0,0.025491170585155487
V10.mp4,243,0,0,0.026696432381868362
V10.mp4,244,0,0,0.04973823204636574
V10.mp4,245,0,0,0.04198937118053436
V10.mp4,246,0,0,0.03174550086259842
V10.mp4,247,0,0,0.013653354719281197
V10.mp4,248,0,0,0.0102586280554533
V10.mp4,249,0,0,0.010122429579496384
V10.mp4,250,0,0,0.015888264402747154
V10.mp4,251,0,0,0.38947567343711853
V10.mp4,252,0,1,0.719136655330658
V10.mp4,253,0,1,0.6901386380195618
V10.mp4,254,0,1,0.6436418890953064
V10.mp4,255,0,1,0.630804181098938
V10.mp4,256,0,0,0.36857643723487854
V10.mp4,257,0,0,0.23908188939094543
V10.mp4,258,0,0,0.10959116369485855
V10.mp4,259,0,0,0.008092615753412247
V10.mp4,260,0,0,0.007910764776170254
V10.mp4,261,0,0,0.11285512894392014
V10.mp4,262,0,0,0.03970322012901306
V10.mp4,263,0,0,0.05906224995851517
V10.mp4,264,0,0,0.36262187361717224
V10.mp4,265,0,0,0.3381234109401703
V10.mp4,266,0,0,0.10797978192567825
V10.mp4,267,0,0,0.3365926444530487
V10.mp4,268,0,0,0.02150277979671955
V10.mp4,269,0,0,0.02939804457128048
V10.mp4,270,0,0,0.015568133443593979
V10.mp4,271,0,0,0.04709351435303688
V10.mp4,272,0,0,0.03294362500309944
V10.mp4,273,0,0,0.06013469398021698
V10.mp4,274,0,0,0.04190637916326523
V10.mp4,275,0,0,0.014614338055253029
V10.mp4,276,0,0,0.014329047873616219
V10.mp4,277,0,0,0.009499872103333473
V10.mp4,278,0,0,0.051585033535957336
V10.mp4,279,0,0,0.14488264918327332
V10.mp4,280,0,0,0.01580057665705681
V10.mp4,281,0,0,0.019023945555090904
V10.mp4,282,0,0,0.013170015066862106
V10.mp4,283,0,0,0.017781848087906837
V10.mp4,284,0,1,0.6768884658813477
V10.mp4,285,0,1,0.6257069110870361
V10.mp4,286,0,0,0.4621906280517578
V10.mp4,287,0,0,0.45966190099716187
V10.mp4,288,0,0,0.008273651823401451
V10.mp4,289,0,0,0.015289632603526115
V10.mp4,290,0,0,0.023290090262889862
V10.mp4,291,0,0,0.017811354249715805
V10.mp4,292,0,0,0.10839797556400299
V10.mp4,293,0,0,0.03131994977593422
V10.mp4,294,0,0,0.052334658801555634
V10.mp4,295,0,0,0.013440818525850773
V10.mp4,296,0,0,0.010403781197965145
V10.mp4,297,0,0,0.00953331682831049
V10.mp4,298,0,0,0.01032258290797472
V10.mp4,299,0,1,0.5921906232833862
V10.mp4,300,0,0,0.41778871417045593
V10.mp4,301,0,0,0.3788200914859772
V10.mp4,302,0,0,0.054095085710287094
V10.mp4,303,0,0,0.01274847611784935
V10.mp4,304,0,0,0.010975850746035576
V10.mp4,305,0,0,0.012610347010195255
V10.mp4,306,0,0,0.019848085939884186
V10.mp4,307,0,0,0.027553822845220566
V10.mp4,308,0,0,0.020288992673158646
V10.mp4,309,0,1,0.612783670425415
V10.mp4,310,0,0,0.22643478214740753
V10.mp4,311,0,0,0.1111077219247818
V10.mp4,312,0,0,0.33986759185791016
V10.mp4,313,0,1,0.5882086157798767
V10.mp4,314,0,0,0.3182251453399658
V10.mp4,315,0,0,0.3458789885044098
V10.mp4,316,0,0,0.05551646277308464
V10.mp4,317,0,0,0.012669188901782036
V10.mp4,318,0,0,0.011566362343728542
V10.mp4,319,0,0,0.011055600829422474
V10.mp4,320,0,0,0.011964468285441399
V10.mp4,321,0,0,0.013376465998589993
V10.mp4,322,0,0,0.014545336365699768
V10.mp4,323,0,0,0.011862216517329216
V10.mp4,324,0,0,0.008266507647931576
V10.mp4,325,0,0,0.008051465265452862
V10.mp4,326,0,0,0.01370829064399004
V10.mp4,327,0,0,0.014370612800121307
V10.mp4,328,0,0,0.01991518773138523
V10.mp4,329,0,0,0.021159060299396515
V10.mp4,330,0,0,0.01736435852944851
V10.mp4,331,0,0,0.013001023791730404
V10.mp4,332,0,0,0.019291803240776062
V10.mp4,333,0,0,0.031006060540676117
V10.mp4,334,0,0,0.07013138383626938
V10.mp4,335,0,0,0.044921696186065674
V10.mp4,336,0,0,0.0496351458132267
V10.mp4,337,0,0,0.04765839874744415
V10.mp4,338,0,0,0.05734749138355255
V10.mp4,339,0,0,0.05900346115231514
V10.mp4,340,0,0,0.3514885902404785
V10.mp4,341,0,0,0.16819189488887787
V10.mp4,342,0,0,0.17401231825351715
V10.mp4,343,0,0,0.02242114394903183
V10.mp4,344,0,0,0.023969989269971848
V10.mp4,345,0,0,0.04252077639102936
V10.mp4,346,0,0,0.03678959608078003
V10.mp4,347,0,0,0.012818388640880585
V10.mp4,348,0,0,0.011889931745827198
V10.mp4,349,0,0,0.012176809832453728
V10.mp4,350,0,0,0.028360243886709213
V10.mp4,351,0,0,0.029164167121052742
V10.mp4,352,0,0,0.0806625485420227
V10.mp4,353,0,0,0.01655232347548008
V10.mp4,354,0,0,0.01865786872804165
V10.mp4,355,0,0,0.029507577419281006
V10.mp4,356,0,0,0.31538036465644836
V10.mp4,357,0,0,0.4058748781681061
V10.mp4,358,0,0,0.13705404102802277
V10.mp4,359,0,0,0.18774919211864471
V10.mp4,360,0,0,0.0217316672205925
V10.mp4,361,0,0,0.008669279515743256
V10.mp4,362,0,0,0.008616562001407146
V10.mp4,363,0,0,0.015997793525457382
V10.mp4,364,0,0,0.00886407122015953
V10.mp4,365,0,1,0.6217014789581299
V10.mp4,366,0,0,0.12432838976383209
V10.mp4,367,0,0,0.025358567014336586
V10.mp4,368,0,0,0.03476352617144585
V10.mp4,369,0,0,0.021267689764499664
V10.mp4,370,0,0,0.018294544890522957
V10.mp4,371,0,0,0.017560390755534172
V10.mp4,372,0,0,0.13982237875461578
V10.mp4,373,0,0,0.06409429013729095
V10.mp4,374,0,0,0.04803276062011719
V10.mp4,375,0,0,0.06205936521291733
V10.mp4,376,0,0,0.06187731772661209
V10.mp4,377,0,0,0.12978525459766388
V10.mp4,378,0,0,0.0849451795220375
V10.mp4,379,0,0,0.07827437669038773
V10.mp4,380,0,0,0.040996253490448
V10.mp4,381,0,0,0.08264687657356262
V10.mp4,382,0,0,0.06520906090736389
V10.mp4,383,0,0,0.21084903180599213
V10.mp4,384,0,0,0.06923990696668625
V10.mp4,385,0,0,0.024256384000182152
V10.mp4,386,0,0,0.021016931161284447
V10.mp4,387,0,0,0.025114553049206734
V10.mp4,388,0,1,0.6479520201683044
V10.mp4,389,0,1,0.8277810215950012
V10.mp4,390,0,1,0.8623467087745667
V10.mp4,391,0,1,0.5456458330154419
V10.mp4,392,1,0,0.024128420278429985
V10.mp4,393,1,0,0.022366289049386978
V10.mp4,394,1,1,0.7349724173545837
V10.mp4,395,1,1,0.6849602460861206
V10.mp4,396,1,1,0.5822718143463135
V10.mp4,397,0,0,0.41573667526245117
V10.mp4,398,0,0,0.04282135143876076
V10.mp4,399,0,0,0.04588671028614044
V10.mp4,400,0,0,0.053116586059331894
V10.mp4,401,0,0,0.04982521012425423
V10.mp4,402,0,0,0.051808733493089676
V10.mp4,403,0,0,0.05067972466349602
V10.mp4,404,0,0,0.05840371549129486
V10.mp4,405,0,0,0.06838197261095047
V10.mp4,406,0,0,0.09819196909666061
V10.mp4,407,0,0,0.10204558074474335
V10.mp4,408,0,0,0.12511226534843445
V10.mp4,409,0,0,0.05166739970445633
V10.mp4,410,0,0,0.0627821758389473
V10.mp4,411,0,0,0.04587942361831665
V10.mp4,412,0,0,0.039861034601926804
V10.mp4,413,0,0,0.04141288250684738
V10.mp4,414,0,0,0.04528779536485672
V10.mp4,415,0,0,0.04750361293554306
V10.mp4,416,0,0,0.05311519280076027
V10.mp4,417,0,0,0.05164569616317749
V10.mp4,418,0,0,0.04903370887041092
V10.mp4,419,0,0,0.047757573425769806
V10.mp4,420,0,0,0.044749122112989426
V10.mp4,421,0,0,0.04500872641801834
V10.mp4,422,0,0,0.04834314435720444
V10.mp4,423,0,0,0.05214349552989006
V10.mp4,424,0,0,0.06690093874931335
V10.mp4,425,0,0,0.053365062922239304
V10.mp4,426,0,0,0.03973657637834549
V10.mp4,427,0,0,0.041764434427022934
V10.mp4,428,0,1,0.7930494546890259
V10.mp4,429,0,1,0.7121702432632446
V10.mp4,430,0,0,0.4549257755279541
V10.mp4,431,0,0,0.45583364367485046
V10.mp4,432,0,0,0.029100865125656128
V10.mp4,433,0,0,0.02583884447813034
V10.mp4,434,0,0,0.49976417422294617
V10.mp4,435,0,1,0.6644716858863831
V10.mp4,436,0,1,0.5370295643806458
V10.mp4,437,0,1,0.5129173398017883
V10.mp4,438,0,0,0.48224911093711853
V10.mp4,439,0,0,0.18134205043315887
V10.mp4,440,0,0,0.05910634621977806
V10.mp4,441,0,0,0.02197006344795227
V10.mp4,442,0,0,0.016391851007938385
V10.mp4,443,0,0,0.015594967640936375
V10.mp4,444,0,0,0.013865485787391663
V10.mp4,445,0,0,0.011699272319674492
V10.mp4,446,0,0,0.010940887033939362
V10.mp4,447,0,0,0.010428913868963718
V10.mp4,448,0,0,0.012787298299372196
V10.mp4,449,0,0,0.010369477793574333
V10.mp4,450,0,0,0.014053751714527607
V10.mp4,451,0,0,0.013244871981441975
V10.mp4,452,0,0,0.011098375543951988
V10.mp4,453,0,0,0.010411408729851246
V10.mp4,454,0,0,0.012844724580645561
V10.mp4,455,0,0,0.016812274232506752
V10.mp4,456,0,0,0.017160777002573013
V10.mp4,457,0,0,0.014319957233965397
V10.mp4,458,0,0,0.011741689406335354
V10.mp4,459,0,0,0.011198646388947964
V10.mp4,460,0,0,0.012466461397707462
V10.mp4,461,0,0,0.013190475292503834
V10.mp4,462,0,0,0.012107746675610542
V10.mp4,463,0,0,0.01174056064337492
V10.mp4,464,0,0,0.011278572492301464
V10.mp4,465,0,0,0.01440931111574173
V10.mp4,466,0,0,0.01194731704890728
V10.mp4,467,0,0,0.014380753971636295
V10.mp4,468,0,0,0.01427344512194395
V10.mp4,469,0,0,0.010945484973490238
V10.mp4,470,0,0,0.009484144859015942
V10.mp4,471,0,0,0.008796379901468754
V10.mp4,472,0,0,0.008796379901468754
V10.mp4,473,0,0,0.008796379901468754
V10.mp4,474,0,0,0.008796379901468754
V10.mp4,475,0,0,0.008796379901468754
V10.mp4,476,0,0,0.008796379901468754
V10.mp4,477,0,0,0.008796379901468754
V11.mp4,1,0,0,0.35733312368392944
V11.mp4,2,0,1,0.5336968302726746
V11.mp4,3,0,1,0.6850486993789673
V11.mp4,4,0,0,0.3070869445800781
V11.mp4,5,0,0,0.14299573004245758
V11.mp4,6,0,0,0.26685240864753723
V11.mp4,7,0,0,0.20356693863868713
V11.mp4,8,0,0,0.14925813674926758
V11.mp4,9,0,0,0.1516479104757309
V11.mp4,10,0,0,0.11178905516862869
V11.mp4,11,0,0,0.10999149829149246
V11.mp4,12,0,0,0.08358912914991379
V11.mp4,13,0,0,0.0767359659075737
V11.mp4,14,0,0,0.0746457576751709
V11.mp4,15,0,0,0.0683644488453865
V11.mp4,16,0,0,0.06809835135936737
V11.mp4,17,0,0,0.07971636205911636
V11.mp4,18,0,0,0.07192251086235046
V11.mp4,19,0,0,0.0728839859366417
V11.mp4,20,0,0,0.11025464534759521
V11.mp4,21,0,0,0.23312176764011383
V11.mp4,22,0,0,0.17596155405044556
V11.mp4,23,0,0,0.17645540833473206
V11.mp4,24,0,0,0.1809631586074829
V11.mp4,25,0,0,0.35203683376312256
V11.mp4,26,0,0,0.35057321190834045
V11.mp4,27,0,0,0.48760950565338135
V11.mp4,28,0,1,0.7717771530151367
V11.mp4,29,0,1,0.7391878962516785
V11.mp4,30,0,0,0.41611820459365845
V11.mp4,31,0,0,0.27313169836997986
V11.mp4,32,0,0,0.27406519651412964
V11.mp4,33,0,0,0.252543181180954
V11.mp4,34,0,0,0.3131338059902191
V11.mp4,35,0,0,0.3341526687145233
V11.mp4,36,0,0,0.23368987441062927
V11.mp4,37,0,0,0.24748793244361877
V11.mp4,38,0,0,0.3199177086353302
V11.mp4,39,0,0,0.27158722281455994
V11.mp4,40,0,0,0.20419538021087646
V11.mp4,41,0,0,0.2831742763519287
V11.mp4,42,0,0,0.24563832581043243
V11.mp4,43,0,0,0.19775812327861786
V11.mp4,44,0,0,0.06590788066387177
V11.mp4,45,0,0,0.03513849899172783
V11.mp4,46,0,0,0.06123065575957298
V11.mp4,47,0,0,0.029088137671351433
V11.mp4,48,0,0,0.0364760085940361
V11.mp4,49,0,0,0.11123597621917725
V11.mp4,50,0,1,0.868713915348053
V11.mp4,51,0,1,0.9545776844024658
V11.mp4,52,0,1,0.897436261177063
V11.mp4,53,0,1,0.8107070326805115
V11.mp4,54,0,0,0.11501824855804443
V11.mp4,55,0,1,0.7574150562286377
V11.mp4,56,0,1,0.5841361284255981
V11.mp4,57,0,0,0.4092944860458374
V11.mp4,58,0,0,0.36349499225616455
V11.mp4,59,0,0,0.11116235703229904
V11.mp4,60,0,0,0.012234807945787907
V11.mp4,61,0,0,0.01255875639617443
V11.mp4,62,0,0,0.01495148055255413
V11.mp4,63,0,0,0.013827457092702389
V11.mp4,64,0,0,0.015257015824317932
V11.mp4,65,0,0,0.009690677747130394
V11.mp4,66,0,0,0.006913665682077408
V11.mp4,67,0,0,0.0745292603969574
V11.mp4,68,0,0,0.09125884622335434
V11.mp4,69,0,0,0.07229407131671906
V11.mp4,70,0,0,0.012369993142783642
V11.mp4,71,0,0,0.00725886644795537
V11.mp4,72,0,0,0.006550206337124109
V11.mp4,73,0,0,0.007457265164703131
V11.mp4,74,0,0,0.009230801835656166
V11.mp4,75,0,0,0.012234997935593128
V11.mp4,76,0,0,0.012824654579162598
V11.mp4,77,0,0,0.014655843377113342
V11.mp4,78,0,0,0.01643798127770424
V11.mp4,79,0,0,0.0074362060986459255
V11.mp4,80,0,0,0.006965375039726496
V11.mp4,81,0,0,0.013512970879673958
V11.mp4,82,0,0,0.010044427588582039
V11.mp4,83,0,0,0.01016235537827015
V11.mp4,84,0,0,0.007059411611407995
V11.mp4,85,0,0,0.0071676261723041534
V11.mp4,86,0,0,0.01087162271142006
V11.mp4,87,0,0,0.012113572098314762
V11.mp4,88,0,0,0.014438343234360218
V11.mp4,89,0,0,0.015286143869161606
V11.mp4,90,0,0,0.015311283990740776
V11.mp4,91,0,0,0.015492675825953484
V11.mp4,92,0,0,0.011611451394855976
V11.mp4,93,0,0,0.021001169458031654
V11.mp4,94,0,0,0.1244383379817009
V11.mp4,95,0,0,0.06164063513278961
V11.mp4,96,0,0,0.04920421913266182
V11.mp4,97,0,0,0.040200743824243546
V11.mp4,98,0,0,0.04295112192630768
V11.mp4,99,0,0,0.04297700151801109
V11.mp4,100,0,0,0.02394014224410057
V11.mp4,101,0,0,0.027059094980359077
V11.mp4,102,0,0,0.04083990678191185
V11.mp4,103,0,0,0.13003619015216827
V11.mp4,104,0,1,0.7780646681785583
V11.mp4,105,0,0,0.017194919288158417
V11.mp4,106,0,0,0.01185512077063322
V11.mp4,107,0,0,0.03223240375518799
V11.mp4,108,0,0,0.08622454851865768
V11.mp4,109,0,0,0.04384936764836311
V11.mp4,110,0,0,0.05584939569234848
V11.mp4,111,0,0,0.08082158118486404
V11.mp4,112,0,0,0.09934662282466888
V11.mp4,113,0,0,0.037283919751644135
V11.mp4,114,0,0,0.024977771565318108
V11.mp4,115,0,1,0.6040090322494507
V11.mp4,116,0,1,0.6972926259040833
V11.mp4,117,0,0,0.12275591492652893
V11.mp4,118,0,1,0.5130058526992798
V11.mp4,119,0,1,0.9561128616333008
V11.mp4,120,0,1,0.9751444458961487
V11.mp4,121,0,1,0.9666758179664612
V11.mp4,122,0,1,0.8713191747665405
V11.mp4,123,0,0,0.41714614629745483
V11.mp4,124,0,0,0.4585345387458801
V11.mp4,125,0,1,0.5609889030456543
V11.mp4,126,1,0,0.3876649737358093
V11.mp4,127,1,0,0.45964887738227844
V11.mp4,128,1,0,0.29292434453964233
V11.mp4,129,1,0,0.3366999924182892
V11.mp4,130,1,0,0.19258961081504822
V11.mp4,131,0,0,0.2120555341243744
V11.mp4,132,0,0,0.16926322877407074
V11.mp4,133,0,0,0.17621886730194092
V11.mp4,134,0,0,0.18045905232429504
V11.mp4,135,0,0,0.23173657059669495
V11.mp4,136,0,0,0.27400872111320496
V11.mp4,137,0,0,0.4111117720603943
V11.mp4,138,0,0,0.48118555545806885
V11.mp4,139,0,0,0.27675560116767883
V11.mp4,140,0,0,0.293457955121994
V11.mp4,141,0,0,0.40287184715270996
V11.mp4,142,0,1,0.5642557740211487
V11.mp4,143,0,0,0.4818776845932007
V11.mp4,144,0,1,0.632152259349823
V11.mp4,145,0,1,0.8056328892707825
V11.mp4,146,0,0,0.2566756308078766
V11.mp4,147,0,0,0.08003780245780945
V11.mp4,148,0,0,0.06626996397972107
V11.mp4,149,0,0,0.06192462146282196
V11.mp4,150,0,0,0.05713178217411041
V11.mp4,151,0,0,0.0525633841753006
V11.mp4,152,0,0,0.052979473024606705
V11.mp4,153,0,0,0.053056731820106506
V11.mp4,154,0,0,0.053056731820106506
V11.mp4,155,0,0,0.053056731820106506
V11.mp4,156,0,0,0.053056731820106506
V11.mp4,157,0,0,0.053056731820106506
V11.mp4,158,0,0,0.053056731820106506
V11.mp4,159,0,0,0.053056731820106506
V11.mp4,160,0,0,0.053056731820106506
V11.mp4,161,0,0,0.053056731820106506
V11.mp4,162,0,0,0.053056731820106506
V11.mp4,163,0,0,0.053056731820106506
V11.mp4,164,0,0,0.053056731820106506
V11.mp4,165,0,0,0.053056731820106506
V12.mp4,1,0,1,0.878678560256958
V12.mp4,2,0,1,0.7283155918121338
V12.mp4,3,0,0,0.3001001179218292
V12.mp4,4,0,0,0.08474389463663101
V12.mp4,5,0,0,0.10701241344213486
V12.mp4,6,0,0,0.1086711585521698
V12.mp4,7,0,0,0.10437268018722534
V12.mp4,8,0,0,0.06666359305381775
V12.mp4,9,0,0,0.05749540030956268
V12.mp4,10,0,0,0.06844566017389297
V12.mp4,11,0,0,0.039927221834659576
V12.mp4,12,0,0,0.043535783886909485
V12.mp4,13,0,0,0.020440978929400444
V12.mp4,14,0,0,0.018622498959302902
V12.mp4,15,0,0,0.018611591309309006
V12.mp4,16,0,0,0.01684747263789177
V12.mp4,17,0,0,0.01736258715391159
V12.mp4,18,0,0,0.060381509363651276
V12.mp4,19,0,0,0.15469208359718323
V12.mp4,20,0,0,0.16439568996429443
V12.mp4,21,0,0,0.15754029154777527
V12.mp4,22,0,0,0.13533717393875122
V12.mp4,23,0,0,0.13281792402267456
V12.mp4,24,0,0,0.053956035524606705
V12.mp4,25,0,0,0.05646307393908501
V12.mp4,26,0,0,0.04406382143497467
V12.mp4,27,0,0,0.051498062908649445
V12.mp4,28,0,0,0.048558399081230164
V12.mp4,29,0,0,0.03382084146142006
V12.mp4,30,0,0,0.03322948142886162
V12.mp4,31,0,0,0.033524323254823685
V12.mp4,32,0,0,0.03354012966156006
V12.mp4,33,0,0,0.06304088234901428
V12.mp4,34,0,0,0.10011275112628937
V12.mp4,35,0,0,0.08132029324769974
V12.mp4,36,0,0,0.12600216269493103
V12.mp4,37,0,0,0.07382214814424515
V12.mp4,38,0,0,0.4110804498195648
V12.mp4,39,0,0,0.061624422669410706
V12.mp4,40,0,0,0.01190161146223545
V12.mp4,41,0,0,0.01295381598174572
V12.mp4,42,0,0,0.014248227700591087
V12.mp4,43,0,0,0.01348679419606924
V12.mp4,44,0,0,0.015312370844185352
V12.mp4,45,0,0,0.013209768570959568
V12.mp4,46,0,0,0.01497417502105236
V12.mp4,47,0,0,0.01460584532469511
V12.mp4,48,0,0,0.027528313919901848
V12.mp4,49,0,0,0.20246201753616333
V12.mp4,50,0,0,0.45061466097831726
V12.mp4,51,0,1,0.8657181262969971
V12.mp4,52,0,0,0.377960741519928
V12.mp4,53,0,0,0.1838589459657669
V12.mp4,54,0,0,0.37702736258506775
V12.mp4,55,0,0,0.19291174411773682
V12.mp4,56,0,0,0.2325265109539032
V12.mp4,57,0,0,0.3424139618873596
V12.mp4,58,0,0,0.13595128059387207
V12.mp4,59,0,0,0.22122028470039368
V12.mp4,60,0,1,0.7770200371742249
V12.mp4,61,0,0,0.0895686224102974
V12.mp4,62,0,0,0.012510459870100021
V12.mp4,63,0,0,0.008878602646291256
V12.mp4,64,0,0,0.09005113691091537
V12.mp4,65,0,1,0.895133376121521
V12.mp4,66,1,1,0.924484133720398
V12.mp4,67,1,0,0.15715505182743073
V12.mp4,68,1,0,0.030939089134335518
V12.mp4,69,1,0,0.00792585127055645
V12.mp4,70,1,0,0.014751591719686985
V12.mp4,71,0,0,0.01386991422623396
V12.mp4,72,0,0,0.016709528863430023
V12.mp4,73,0,0,0.007616483606398106
V12.mp4,74,0,0,0.007267455104738474
V12.mp4,75,0,0,0.0074271527118980885
V12.mp4,76,0,0,0.009238161146640778
V12.mp4,77,0,0,0.010843670926988125
V12.mp4,78,0,0,0.013785689137876034
V12.mp4,79,0,0,0.015102799981832504
V12.mp4,80,0,0,0.01668015867471695
V12.mp4,81,0,0,0.026339218020439148
V12.mp4,82,0,0,0.051312968134880066
V12.mp4,83,0,0,0.06567235291004181
V12.mp4,84,0,0,0.09783054888248444
V12.mp4,85,0,0,0.11002268642187119
V12.mp4,86,0,0,0.11614657938480377
V12.mp4,87,0,1,0.6937826871871948
V12.mp4,88,0,0,0.22754216194152832
V12.mp4,89,0,1,0.7354142069816589
V12.mp4,90,0,1,0.7549874186515808
V12.mp4,91,0,1,0.795506477355957
V12.mp4,92,0,1,0.7717897891998291
V12.mp4,93,0,1,0.7229925990104675
V12.mp4,94,0,1,0.6074854135513306
V12.mp4,95,0,1,0.6505722999572754
V12.mp4,96,0,1,0.7116987705230713
V12.mp4,97,0,1,0.7284995317459106
V12.mp4,98,0,1,0.7835654616355896
V12.mp4,99,0,0,0.16956955194473267
V12.mp4,100,0,1,0.8947167992591858
V12.mp4,101,0,1,0.7246926426887512
V12.mp4,102,0,1,0.838446855545044
V12.mp4,103,0,1,0.8850402235984802
V12.mp4,104,0,1,0.6409721970558167
V12.mp4,105,0,1,0.7962484359741211
V12.mp4,106,0,1,0.6151235103607178
V12.mp4,107,0,0,0.05305381119251251
V12.mp4,108,0,0,0.04690595343708992
V12.mp4,109,0,0,0.02318078838288784
V12.mp4,110,0,1,0.7645522356033325
V12.mp4,111,0,1,0.7814842462539673
V12.mp4,112,0,1,0.9014855623245239
V12.mp4,113,0,1,0.7520265579223633
V12.mp4,114,0,0,0.009224670939147472
V12.mp4,115,0,0,0.011313054710626602
V12.mp4,116,0,0,0.016709279268980026
V12.mp4,117,0,0,0.015322425402700901
V12.mp4,118,0,0,0.015458464622497559
V12.mp4,119,0,0,0.026812981814146042
V12.mp4,120,0,0,0.014163987711071968
V12.mp4,121,0,0,0.011641357094049454
V12.mp4,122,0,0,0.009871309623122215
V12.mp4,123,0,0,0.010066622868180275
V12.mp4,124,0,0,0.010509293526411057
V12.mp4,125,0,0,0.01482113916426897
V12.mp4,126,0,0,0.02078988403081894
V12.mp4,127,0,0,0.03815247491002083
V13.mp4,1,0,0,0.26823994517326355
V13.mp4,2,0,0,0.1887526512145996
V13.mp4,3,0,0,0.05092869699001312
V13.mp4,4,0,0,0.024433273822069168
V13.mp4,5,0,0,0.025025347247719765
V13.mp4,6,0,0,0.0221409909427166
V13.mp4,7,0,0,0.02199818752706051
V13.mp4,8,0,0,0.022363295778632164
V13.mp4,9,0,0,0.023269452154636383
V13.mp4,10,0,0,0.02302663028240204
V13.mp4,11,0,0,0.023422496393322945
V13.mp4,12,0,0,0.02182297594845295
V13.mp4,13,0,0,0.02354290522634983
V13.mp4,14,0,0,0.026550211012363434
V13.mp4,15,0,0,0.02784157730638981
V13.mp4,16,0,0,0.030493678525090218
V13.mp4,17,0,0,0.034702010452747345
V13.mp4,18,0,0,0.03266586735844612
V13.mp4,19,0,0,0.029101824387907982
V13.mp4,20,0,0,0.02470794878900051
V13.mp4,21,0,0,0.023577125743031502
V13.mp4,22,0,0,0.036513809114694595
V13.mp4,23,0,0,0.030466651543974876
V13.mp4,24,0,0,0.03279903903603554
V13.mp4,25,0,1,0.5100395679473877
V13.mp4,26,0,1,0.9237863421440125
V13.mp4,27,0,1,0.8329501152038574
V13.mp4,28,0,0,0.1507524698972702
V13.mp4,29,0,0,0.021508866921067238
V13.mp4,30,0,0,0.028088608756661415
V13.mp4,31,0,0,0.045494187623262405
V13.mp4,32,0,0,0.031531814485788345
V13.mp4,33,0,0,0.029503360390663147
V13.mp4,34,0,0,0.025183802470564842
V13.mp4,35,0,0,0.027386534959077835
V13.mp4,36,0,0,0.02539695054292679
V13.mp4,37,0,0,0.02374989539384842
V13.mp4,38,0,0,0.02304127626121044
V13.mp4,39,0,0,0.030971596017479897
V13.mp4,40,0,0,0.03941052034497261
V13.mp4,41,0,0,0.03788401186466217
V13.mp4,42,0,0,0.03343481943011284
V13.mp4,43,0,0,0.0256654005497694
V13.mp4,44,0,0,0.08297856152057648
V13.mp4,45,0,0,0.14992351830005646
V13.mp4,46,0,0,0.027696389704942703
V13.mp4,47,0,0,0.021235089749097824
V13.mp4,48,0,0,0.15874478220939636
V13.mp4,49,0,0,0.3540070354938507
V13.mp4,50,0,0,0.11159390956163406
V13.mp4,51,0,0,0.10022613406181335
V13.mp4,52,0,0,0.19307337701320648
V13.mp4,53,0,0,0.08864691853523254
V13.mp4,54,0,0,0.12755827605724335
V13.mp4,55,0,0,0.11873917281627655
V13.mp4,56,0,0,0.02459772489964962
V13.mp4,57,0,0,0.03584377467632294
V13.mp4,58,0,1,0.9270369410514832
V13.mp4,59,0,1,0.8968891501426697
V13.mp4,60,0,1,0.6066081523895264
V13.mp4,61,0,0,0.3342532515525818
V13.mp4,62,0,0,0.06983231008052826
V13.mp4,63,0,0,0.02374921925365925
V13.mp4,64,0,0,0.020465323701500893
V13.mp4,65,0,0,0.020841877907514572
V13.mp4,66,0,0,0.020292367786169052
V13.mp4,67,0,0,0.020266268402338028
V13.mp4,68,0,0,0.023488443344831467
V13.mp4,69,0,0,0.023997871205210686
V13.mp4,70,0,0,0.04659545421600342
V13.mp4,71,0,0,0.038790956139564514
V13.mp4,72,0,0,0.03230219706892967
V13.mp4,73,0,0,0.02226419933140278
V13.mp4,74,0,0,0.019455386325716972
V13.mp4,75,0,0,0.024121062830090523
V13.mp4,76,0,0,0.04036056995391846
V13.mp4,77,0,0,0.027398984879255295
V13.mp4,78,0,0,0.02508740872144699
V13.mp4,79,0,0,0.02379669062793255
V13.mp4,80,0,0,0.022130237892270088
V13.mp4,81,0,0,0.060853444039821625
V13.mp4,82,0,0,0.16604083776474
V13.mp4,83,0,0,0.08243758231401443
V13.mp4,84,0,0,0.042722344398498535
V13.mp4,85,0,0,0.058876171708106995
V13.mp4,86,0,0,0.38686078786849976
V13.mp4,87,0,0,0.22941182553768158
V13.mp4,88,0,0,0.03293437883257866
V13.mp4,89,0,0,0.020692579448223114
V13.mp4,90,0,0,0.01984368823468685
V13.mp4,91,0,0,0.02281651645898819
V13.mp4,92,0,0,0.04926389083266258
V13.mp4,93,0,0,0.06165385991334915
V13.mp4,94,0,0,0.043628059327602386
V13.mp4,95,0,0,0.0348556786775589
V13.mp4,96,0,0,0.021583644673228264
V13.mp4,97,0,0,0.021615751087665558
V13.mp4,98,0,0,0.019453154876828194
V13.mp4,99,0,0,0.01987135410308838
V13.mp4,100,0,0,0.026230154559016228
V13.mp4,101,0,0,0.02916077710688114
V13.mp4,102,0,0,0.0346459336578846
V13.mp4,103,0,0,0.023093856871128082
V13.mp4,104,0,0,0.032227300107479095
V13.mp4,105,0,0,0.026621690019965172
V13.mp4,106,0,0,0.02445666305720806
V13.mp4,107,0,0,0.019374579191207886
V13.mp4,108,0,0,0.02021018974483013
V13.mp4,109,0,0,0.020043423399329185
V13.mp4,110,0,0,0.021023711189627647
V13.mp4,111,0,0,0.02201845869421959
V13.mp4,112,0,0,0.15355290472507477
V13.mp4,113,0,0,0.18505613505840302
V13.mp4,114,0,0,0.061298269778490067
V13.mp4,115,0,0,0.03711667284369469
V13.mp4,116,0,0,0.0648847371339798
V13.mp4,117,0,0,0.07578124850988388
V13.mp4,118,0,0,0.09114624559879303
V13.mp4,119,0,0,0.18644943833351135
V13.mp4,120,0,0,0.03244783729314804
V13.mp4,121,0,0,0.01783515140414238
V13.mp4,122,0,0,0.01634693518280983
V13.mp4,123,0,0,0.017997542396187782
V13.mp4,124,0,0,0.018849428743124008
V13.mp4,125,0,0,0.019042382016777992
V13.mp4,126,0,0,0.018172431737184525
V13.mp4,127,0,0,0.017104921862483025
V13.mp4,128,0,0,0.016977908089756966
V13.mp4,129,0,0,0.01855689473450184
V13.mp4,130,0,0,0.015909019857645035
V13.mp4,131,0,0,0.19532586634159088
V13.mp4,132,0,1,0.9228841662406921
V13.mp4,133,0,1,0.9325190782546997
V13.mp4,134,0,1,0.9246030449867249
V13.mp4,135,1,0,0.3280242681503296
V13.mp4,136,1,0,0.012911919504404068
V13.mp4,137,1,0,0.013314712792634964
V13.mp4,138,1,0,0.012177624739706516
V13.mp4,139,1,0,0.01152718160301447
V13.mp4,140,0,0,0.014540381729602814
V13.mp4,141,0,0,0.015250748954713345
V13.mp4,142,0,0,0.018154818564653397
V13.mp4,143,0,0,0.4491732716560364
V13.mp4,144,0,0,0.4433116614818573
V13.mp4,145,0,0,0.29526492953300476
V13.mp4,146,0,0,0.14025746285915375
V13.mp4,147,0,0,0.06621044874191284
V13.mp4,148,0,0,0.032829463481903076
V13.mp4,149,0,0,0.02452092058956623
V13.mp4,150,0,0,0.032757487148046494
V13.mp4,151,0,0,0.03848019614815712
V13.mp4,152,0,0,0.039888642728328705
V13.mp4,153,0,0,0.03307133540511131
V13.mp4,154,0,0,0.041572488844394684
V13.mp4,155,0,0,0.05286521092057228
V13.mp4,156,0,0,0.04396377131342888
V13.mp4,157,0,0,0.06293851137161255
V13.mp4,158,0,0,0.0293594803661108
V13.mp4,159,0,0,0.02556888572871685
V13.mp4,160,0,0,0.017394855618476868
V13.mp4,161,0,0,0.09585557878017426
V13.mp4,162,0,0,0.14501744508743286
V13.mp4,163,0,0,0.15549704432487488
V13.mp4,164,0,0,0.19673502445220947
V13.mp4,165,0,0,0.07747364789247513
V13.mp4,166,0,0,0.059810563921928406
V13.mp4,167,0,0,0.021416064351797104
V13.mp4,168,0,0,0.03207492455840111
V13.mp4,169,0,0,0.02033226750791073
V13.mp4,170,0,1,0.7066529989242554
V13.mp4,171,0,1,0.6394381523132324
V13.mp4,172,0,0,0.03876357153058052
V13.mp4,173,0,0,0.02951379306614399
V13.mp4,174,0,0,0.023596327751874924
V13.mp4,175,0,0,0.028093699365854263
V13.mp4,176,0,0,0.022752290591597557
V13.mp4,177,0,0,0.021124517545104027
V13.mp4,178,0,0,0.018602335825562477
V13.mp4,179,0,0,0.01737253926694393
V13.mp4,180,0,0,0.018864929676055908
V13.mp4,181,0,0,0.020474998280405998
V13.mp4,182,0,0,0.039748694747686386
V13.mp4,183,0,0,0.013775312341749668
V13.mp4,184,0,0,0.011427152901887894
V13.mp4,185,0,0,0.014390639029443264
V13.mp4,186,0,0,0.02437891624867916
V13.mp4,187,0,0,0.0225974153727293
V13.mp4,188,0,0,0.021000854671001434
V13.mp4,189,0,0,0.023957999423146248
V13.mp4,190,0,0,0.022276632487773895
V13.mp4,191,0,0,0.02341676689684391
V13.mp4,192,0,0,0.028824372217059135
V13.mp4,193,0,0,0.0227012000977993
V13.mp4,194,0,0,0.01958046667277813
V13.mp4,195,0,0,0.017388353124260902
V13.mp4,196,0,0,0.02450822852551937
V13.mp4,197,0,0,0.024914929643273354
V13.mp4,198,0,0,0.03447530418634415
V13.mp4,199,0,0,0.02152540534734726
V13.mp4,200,0,0,0.020059354603290558
V13.mp4,201,0,0,0.018520111218094826
V13.mp4,202,0,0,0.017910249531269073
V13.mp4,203,0,0,0.01789199747145176
V13.mp4,204,0,0,0.019169213250279427
V13.mp4,205,0,0,0.01998230814933777
V13.mp4,206,0,0,0.017727522179484367
V13.mp4,207,0,0,0.017824094742536545
V13.mp4,208,0,0,0.01786932349205017
V13.mp4,209,0,0,0.01804177090525627
V13.mp4,210,0,0,0.016477594152092934
V13.mp4,211,0,0,0.017547758296132088
V13.mp4,212,0,0,0.01770981028676033
V13.mp4,213,0,0,0.015728117898106575
V13.mp4,214,0,0,0.017354704439640045
V13.mp4,215,0,0,0.019177304580807686
V13.mp4,216,0,0,0.0194079652428627
V13.mp4,217,0,0,0.024455104023218155
V13.mp4,218,0,0,0.028328416869044304
V13.mp4,219,0,0,0.01607637107372284
V13.mp4,220,0,0,0.01897016353905201
V13.mp4,221,0,0,0.01773453876376152
V13.mp4,222,0,0,0.01768173649907112
V13.mp4,223,0,0,0.01776975765824318
V13.mp4,224,0,0,0.018089378252625465
V13.mp4,225,0,0,0.021058272570371628
V13.mp4,226,0,0,0.019866764545440674
V13.mp4,227,0,0,0.02618621103465557
V13.mp4,228,0,0,0.034181348979473114
V14.mp4,1,0,0,0.07137621939182281
V14.mp4,2,0,0,0.05005551874637604
V14.mp4,3,0,0,0.03825277462601662
V14.mp4,4,0,0,0.03488605469465256
V14.mp4,5,0,0,0.03532467037439346
V14.mp4,6,0,0,0.027069710195064545
V14.mp4,7,0,0,0.0301701370626688
V14.mp4,8,0,0,0.032459840178489685
V14.mp4,9,0,0,0.030547484755516052
V14.mp4,10,0,0,0.02578878402709961
V14.mp4,11,0,0,0.023469170555472374
V14.mp4,12,0,0,0.023153377696871758
V14.mp4,13,0,0,0.02590321935713291
V14.mp4,14,0,0,0.020547397434711456
V14.mp4,15,0,0,0.012782766483724117
V14.mp4,16,0,0,0.009861270897090435
V14.mp4,17,0,0,0.009540996514260769
V14.mp4,18,0,0,0.02091252990067005
V14.mp4,19,0,0,0.025513039901852608
V14.mp4,20,0,0,0.025776807218790054
V14.mp4,21,0,0,0.02502329833805561
V14.mp4,22,0,0,0.022579748183488846
V14.mp4,23,0,0,0.02228984236717224
V14.mp4,24,0,0,0.022629253566265106
V14.mp4,25,0,0,0.02140815369784832
V14.mp4,26,0,0,0.01972782611846924
V14.mp4,27,0,0,0.018749890848994255
V14.mp4,28,0,0,0.019022217020392418
V14.mp4,29,0,0,0.0183287113904953
V14.mp4,30,0,0,0.017588404938578606
V14.mp4,31,0,0,0.011655992828309536
V14.mp4,32,0,0,0.011978880502283573
V14.mp4,33,0,0,0.011657904833555222
V14.mp4,34,0,0,0.012293193489313126
V14.mp4,35,0,0,0.01567244529724121
V14.mp4,36,0,0,0.019404662773013115
V14.mp4,37,0,0,0.01964411325752735
V14.mp4,38,0,0,0.01447366178035736
V14.mp4,39,0,0,0.010945336893200874
V14.mp4,40,0,0,0.010228442028164864
V14.mp4,41,0,0,0.010855128057301044
V14.mp4,42,0,0,0.01850292645394802
V14.mp4,43,0,0,0.019325077533721924
V14.mp4,44,0,0,0.020326873287558556
V14.mp4,45,0,0,0.02151334472000599
V14.mp4,46,0,0,0.022226354107260704
V14.mp4,47,0,0,0.02166537567973137
V14.mp4,48,0,0,0.02088923379778862
V14.mp4,49,0,0,0.02026280201971531
V14.mp4,50,0,0,0.02161761373281479
V14.mp4,51,0,0,0.02263701520860195
V14.mp4,52,0,0,0.024495942518115044
V14.mp4,53,0,0,0.024108676239848137
V14.mp4,54,0,0,0.023449083790183067
V14.mp4,55,0,0,0.02442362532019615
V14.mp4,56,0,0,0.0240476131439209
V14.mp4,57,0,0,0.025089694187045097
V14.mp4,58,0,0,0.026645369827747345
V14.mp4,59,0,0,0.026074359193444252
V14.mp4,60,0,0,0.024733733385801315
V14.mp4,61,0,0,0.02252950519323349
V14.mp4,62,0,0,0.021631473675370216
V14.mp4,63,0,0,0.022536393254995346
V14.mp4,64,0,0,0.027085546404123306
V14.mp4,65,0,0,0.026440365239977837
V14.mp4,66,0,0,0.027032017707824707
V14.mp4,67,0,0,0.020522788166999817
V14.mp4,68,0,0,0.01908985711634159
V14.mp4,69,0,0,0.013509010896086693
V14.mp4,70,0,0,0.012579748407006264
V14.mp4,71,0,0,0.011458459310233593
V14.mp4,72,0,0,0.009243142791092396
V14.mp4,73,0,0,0.00845342967659235
V14.mp4,74,0,0,0.008555155247449875
V14.mp4,75,0,0,0.010091539472341537
V14.mp4,76,0,0,0.017223184928297997
V14.mp4,77,0,0,0.017965596169233322
V14.mp4,78,0,0,0.01819952204823494
V14.mp4,79,0,0,0.018503254279494286
V14.mp4,80,0,0,0.018441414460539818
V14.mp4,81,0,0,0.01870940811932087
V14.mp4,82,0,0,0.013375181704759598
V14.mp4,83,0,0,0.012288134545087814
V14.mp4,84,0,0,0.011183223687112331
V14.mp4,85,0,0,0.036388784646987915
V14.mp4,86,0,0,0.06834611296653748
V14.mp4,87,0,0,0.0660560131072998
V14.mp4,88,0,0,0.014120753854513168
V14.mp4,89,0,0,0.006878957152366638
V14.mp4,90,0,0,0.006830414291471243
V14.mp4,91,0,0,0.006969195790588856
V14.mp4,92,0,0,0.008390857838094234
V14.mp4,93,0,0,0.011964383535087109
V14.mp4,94,0,0,0.011989545077085495
V14.mp4,95,0,0,0.01294267550110817
V14.mp4,96,0,0,0.011263201013207436
V14.mp4,97,0,0,0.010047724470496178
V14.mp4,98,0,0,0.021036343649029732
V14.mp4,99,0,0,0.01816333830356598
V14.mp4,100,0,0,0.017615079879760742
V14.mp4,101,0,0,0.008265873417258263
V14.mp4,102,0,0,0.007147659547626972
V14.mp4,103,0,0,0.007863377220928669
V14.mp4,104,0,0,0.009054426103830338
V14.mp4,105,0,0,0.01124496478587389
V14.mp4,106,0,0,0.016936764121055603
V14.mp4,107,0,0,0.018686920404434204
V14.mp4,108,0,0,0.019012797623872757
V14.mp4,109,0,0,0.013122345320880413
V14.mp4,110,0,0,0.014081197790801525
V14.mp4,111,0,0,0.016205281019210815
V14.mp4,112,0,0,0.01879640854895115
V14.mp4,113,0,0,0.030072404071688652
V14.mp4,114,0,0,0.02049027569591999
V14.mp4,115,0,0,0.015027475543320179
V14.mp4,116,0,0,0.013281784020364285
V14.mp4,117,0,0,0.019103234633803368
V14.mp4,118,0,0,0.025438737124204636
V14.mp4,119,0,0,0.02663492038846016
V14.mp4,120,0,0,0.02636857144534588
V14.mp4,121,0,0,0.03169069066643715
V14.mp4,122,0,0,0.02717374451458454
V14.mp4,123,0,1,0.642012357711792
V14.mp4,124,0,0,0.47277888655662537
V14.mp4,125,0,1,0.7858780026435852
V14.mp4,126,0,1,0.9704093933105469
V14.mp4,127,0,1,0.9946385025978088
V14.mp4,128,0,1,0.9893100261688232
V14.mp4,129,0,1,0.9775382876396179
V14.mp4,130,0,0,0.04163850471377373
V14.mp4,131,0,0,0.0352972038090229
V14.mp4,132,0,0,0.23903842270374298
V14.mp4,133,0,0,0.015365565195679665
V14.mp4,134,0,0,0.011544707231223583
V14.mp4,135,1,0,0.011329211294651031
V14.mp4,136,1,0,0.010035082697868347
V14.mp4,137,1,0,0.01018416415899992
V14.mp4,138,1,0,0.00980757549405098
V14.mp4,139,1,0,0.009349867701530457
V14.mp4,140,0,0,0.014955892227590084
V14.mp4,141,0,0,0.02220543660223484
V14.mp4,142,0,0,0.028848642483353615
V14.mp4,143,0,0,0.029277127236127853
V14.mp4,144,0,0,0.35029199719429016
V14.mp4,145,0,0,0.1638595312833786
V14.mp4,146,0,0,0.013816718012094498
V14.mp4,147,0,0,0.020661594346165657
V14.mp4,148,0,0,0.14364227652549744
V14.mp4,149,0,1,0.7475330829620361
V14.mp4,150,0,1,0.9579597115516663
V14.mp4,151,0,1,0.9287763833999634
V14.mp4,152,0,1,0.7733556628227234
V14.mp4,153,0,0,0.3448445796966553
V14.mp4,154,0,0,0.3447847068309784
V14.mp4,155,0,0,0.1776459664106369
V14.mp4,156,0,0,0.10305660218000412
V14.mp4,157,0,0,0.06436958909034729
V14.mp4,158,0,0,0.05866682156920433
V14.mp4,159,0,0,0.06103675439953804
V14.mp4,160,0,0,0.07182937115430832
V14.mp4,161,0,0,0.10643774271011353
V14.mp4,162,0,0,0.09378610551357269
V14.mp4,163,0,0,0.09269062429666519
V14.mp4,164,0,0,0.06921656429767609
V14.mp4,165,0,0,0.052373018115758896
V14.mp4,166,0,0,0.046901240944862366
V14.mp4,167,0,0,0.04788690060377121
V14.mp4,168,0,0,0.05078510195016861
V14.mp4,169,0,0,0.056753747165203094
V14.mp4,170,0,0,0.0481363870203495
V14.mp4,171,0,0,0.04753309115767479
V14.mp4,172,0,0,0.04590900242328644
V14.mp4,173,0,0,0.0445341058075428
V14.mp4,174,0,0,0.04139993339776993
V14.mp4,175,0,0,0.04056312143802643
V14.mp4,176,0,0,0.04486343637108803
V14.mp4,177,0,0,0.05087653920054436
V14.mp4,178,0,0,0.061849337071180344
V14.mp4,179,0,0,0.07431261986494064
V14.mp4,180,0,0,0.08320346474647522
V14.mp4,181,0,0,0.07418546825647354
V14.mp4,182,0,0,0.052904292941093445
V14.mp4,183,0,0,0.04469440504908562
V14.mp4,184,0,0,0.03751043602824211
V14.mp4,185,0,0,0.0370895117521286
V14.mp4,186,0,0,0.0370895117521286
V14.mp4,187,0,0,0.0370895117521286
V14.mp4,188,0,0,0.0370895117521286
V14.mp4,189,0,0,0.0370895117521286
V14.mp4,190,0,0,0.0370895117521286
V14.mp4,191,0,0,0.0370895117521286
V14.mp4,192,0,0,0.0370895117521286
V14.mp4,193,0,0,0.0370895117521286
V14.mp4,194,0,0,0.0370895117521286
V14.mp4,195,0,0,0.0370895117521286
V14.mp4,196,0,0,0.0370895117521286
V14.mp4,197,0,0,0.0370895117521286
V14.mp4,198,0,0,0.0370895117521286
V14.mp4,199,0,0,0.0370895117521286
V14.mp4,200,0,0,0.0370895117521286
V14.mp4,201,0,0,0.0370895117521286
V14.mp4,202,0,0,0.037089500576257706
V15.mp4,1,0,0,0.41905316710472107
V15.mp4,2,0,0,0.009464620612561703
V15.mp4,3,0,0,0.008440345525741577
V15.mp4,4,0,0,0.012152772396802902
V15.mp4,5,0,0,0.01176281739026308
V15.mp4,6,0,0,0.01067794393748045
V15.mp4,7,0,0,0.009864949621260166
V15.mp4,8,0,0,0.009170918725430965
V15.mp4,9,0,0,0.009300833567976952
V15.mp4,10,0,0,0.009766235016286373
V15.mp4,11,0,0,0.00975608266890049
V15.mp4,12,0,0,0.009799775667488575
V15.mp4,13,0,0,0.01010308787226677
V15.mp4,14,0,0,0.009285520762205124
V15.mp4,15,0,0,0.009257208555936813
V15.mp4,16,0,0,0.010557076893746853
V15.mp4,17,0,0,0.010842550545930862
V15.mp4,18,0,0,0.01032570656388998
V15.mp4,19,0,0,0.010263567790389061
V15.mp4,20,0,0,0.010192392393946648
V15.mp4,21,0,0,0.010090515948832035
V15.mp4,22,0,0,0.009979302063584328
V15.mp4,23,0,0,0.009874348528683186
V15.mp4,24,0,0,0.01014127116650343
V15.mp4,25,0,0,0.010370842181146145
V15.mp4,26,0,0,0.010875129140913486
V15.mp4,27,0,0,0.01159597933292389
V15.mp4,28,0,0,0.01138764526695013
V15.mp4,29,0,0,0.010884659364819527
V15.mp4,30,0,0,0.010523797012865543
V15.mp4,31,0,0,0.010985497385263443
V15.mp4,32,0,0,0.009609021246433258
V15.mp4,33,0,0,0.010157090611755848
V15.mp4,34,0,0,0.012350690551102161
V15.mp4,35,0,0,0.011631217785179615
V15.mp4,36,0,0,0.01087720226496458
V15.mp4,37,0,0,0.01158044021576643
V15.mp4,38,0,0,0.014193541370332241
V15.mp4,39,0,0,0.01327709760516882
V15.mp4,40,0,0,0.009530210867524147
V15.mp4,41,0,0,0.00976647064089775
V15.mp4,42,0,0,0.014111059717833996
V15.mp4,43,0,0,0.030595768243074417
V15.mp4,44,0,0,0.031253792345523834
V15.mp4,45,0,0,0.014365185052156448
V15.mp4,46,0,0,0.010555049404501915
V15.mp4,47,0,0,0.010319325141608715
V15.mp4,48,0,0,0.010930082760751247
V15.mp4,49,0,0,0.01115324068814516
V15.mp4,50,0,0,0.010473912581801414
V15.mp4,51,0,0,0.009750408120453358
V15.mp4,52,0,0,0.011697214096784592
V15.mp4,53,0,0,0.01272400189191103
V15.mp4,54,0,0,0.011624367907643318
V15.mp4,55,0,0,0.011187637224793434
V15.mp4,56,0,0,0.011224379763007164
V15.mp4,57,0,0,0.011605557054281235
V15.mp4,58,0,0,0.011971736326813698
V15.mp4,59,0,0,0.011878431774675846
V15.mp4,60,0,0,0.011318533681333065
V15.mp4,61,0,0,0.012515184469521046
V15.mp4,62,0,0,0.01236306969076395
V15.mp4,63,0,0,0.01197109930217266
V15.mp4,64,0,0,0.011200781911611557
V15.mp4,65,0,0,0.01072944700717926
V15.mp4,66,0,0,0.011526324786245823
V15.mp4,67,0,0,0.011243939399719238
V15.mp4,68,0,0,0.012797915376722813
V15.mp4,69,0,0,0.014809002168476582
V15.mp4,70,0,0,0.010299650020897388
V15.mp4,71,0,0,0.009128966368734837
V15.mp4,72,0,0,0.009356938302516937
V15.mp4,73,0,0,0.007581215351819992
V15.mp4,74,0,0,0.007915263064205647
V15.mp4,75,0,0,0.009755372069776058
V15.mp4,76,0,0,0.024088937789201736
V15.mp4,77,0,0,0.06113476678729057
V15.mp4,78,0,1,0.8220154047012329
V15.mp4,79,0,1,0.9370126128196716
V15.mp4,80,0,1,0.9731817841529846
V15.mp4,81,0,1,0.8665809631347656
V15.mp4,82,0,0,0.30717733502388
V15.mp4,83,0,0,0.00618841964751482
V15.mp4,84,0,0,0.01257254183292389
V15.mp4,85,1,0,0.006446965970098972
V15.mp4,86,1,0,0.007951417937874794
V15.mp4,87,1,0,0.008870404213666916
V15.mp4,88,1,0,0.0072278729639947414
V15.mp4,89,1,0,0.007525000721216202
V15.mp4,90,0,0,0.016057269647717476
V15.mp4,91,0,0,0.009934862144291401
V15.mp4,92,0,0,0.009298435412347317
V15.mp4,93,0,0,0.00915140938013792
V15.mp4,94,0,1,0.652131199836731
V15.mp4,95,0,0,0.26009032130241394
V15.mp4,96,0,0,0.15747764706611633
V15.mp4,97,0,0,0.13659657537937164
V15.mp4,98,0,0,0.12097961455583572
V15.mp4,99,0,0,0.12081428617238998
V15.mp4,100,0,0,0.040998779237270355
V15.mp4,101,0,0,0.024469682946801186
V15.mp4,102,0,0,0.04164491221308708
V15.mp4,103,0,0,0.034389395266771317
V15.mp4,104,0,0,0.039594173431396484
V15.mp4,105,0,0,0.1394462138414383
V15.mp4,106,0,0,0.03570893034338951
V15.mp4,107,0,0,0.01625644788146019
V15.mp4,108,0,0,0.012306466698646545
V15.mp4,109,0,0,0.012187759391963482
V15.mp4,110,0,0,0.01878027245402336
V15.mp4,111,0,0,0.019783439114689827
V15.mp4,112,0,0,0.024999750778079033
V15.mp4,113,0,0,0.12606079876422882
V15.mp4,114,0,0,0.08170302957296371
V15.mp4,115,0,0,0.031063856557011604
V15.mp4,116,0,0,0.01782713457942009
V15.mp4,117,0,0,0.015515077859163284
V15.mp4,118,0,0,0.01494995690882206
V15.mp4,119,0,0,0.013093600980937481
V15.mp4,120,0,0,0.01255003735423088
V15.mp4,121,0,0,0.03192812576889992
V15.mp4,122,0,0,0.045168183743953705
V15.mp4,123,0,0,0.1698703169822693
V15.mp4,124,0,0,0.031111659482121468
V15.mp4,125,0,0,0.03195199370384216
V15.mp4,126,0,0,0.03728652372956276
V15.mp4,127,0,0,0.029596056789159775
V15.mp4,128,0,0,0.013008973561227322
V15.mp4,129,0,0,0.00869354885071516
V15.mp4,130,0,0,0.00703411502763629
V15.mp4,131,0,0,0.015154387801885605
V15.mp4,132,0,0,0.06748507171869278
V15.mp4,133,0,0,0.02591967023909092
V15.mp4,134,0,0,0.009131278842687607
V15.mp4,135,0,0,0.007246894761919975
V15.mp4,136,0,0,0.008502298034727573
V15.mp4,137,0,0,0.009085040539503098
V15.mp4,138,0,0,0.00960966944694519
V15.mp4,139,0,0,0.009588848799467087
V15.mp4,140,0,0,0.008639856241643429
V15.mp4,141,0,0,0.008227400481700897
V15.mp4,142,0,0,0.008558645844459534
V15.mp4,143,0,0,0.010464859195053577
V15.mp4,144,0,0,0.014507771469652653
V15.mp4,145,0,0,0.010846477001905441
V15.mp4,146,0,0,0.009523848071694374
V15.mp4,147,0,0,0.008198434486985207
V15.mp4,148,0,0,0.00787755660712719
V15.mp4,149,0,0,0.00914994440972805
V15.mp4,150,0,0,0.010021070018410683
V15.mp4,151,0,0,0.009639240801334381
V15.mp4,152,0,0,0.009452402591705322
V15.mp4,153,0,0,0.009133237414062023
V15.mp4,154,0,0,0.01155945099890232
V15.mp4,155,0,0,0.011750269681215286
V15.mp4,156,0,0,0.010641630738973618
V15.mp4,157,0,0,0.009981147944927216
V15.mp4,158,0,0,0.01013609953224659
V15.mp4,159,0,0,0.010043585672974586
V15.mp4,160,0,0,0.009886592626571655
V15.mp4,161,0,0,0.009792611002922058
V15.mp4,162,0,0,0.00987860094755888
V15.mp4,163,0,0,0.010049612261354923
V15.mp4,164,0,0,0.010025234892964363
V15.mp4,165,0,0,0.011229847557842731
V15.mp4,166,0,0,0.010976362973451614
V15.mp4,167,0,0,0.01050068810582161
V15.mp4,168,0,0,0.01081979088485241
V15.mp4,169,0,0,0.011956625618040562
V15.mp4,170,0,0,0.014003797434270382
V15.mp4,171,0,0,0.016353661194443703
V15.mp4,172,0,0,0.016715986654162407
V15.mp4,173,0,0,0.016715986654162407
V15.mp4,174,0,0,0.016715986654162407
V15.mp4,175,0,0,0.016715986654162407
V15.mp4,176,0,0,0.016715986654162407
V15.mp4,177,0,0,0.016715986654162407
V15.mp4,178,0,0,0.016715986654162407
V15.mp4,179,0,0,0.016715986654162407
V15.mp4,180,0,0,0.016715986654162407
V15.mp4,181,0,0,0.016715986654162407
V15.mp4,182,0,0,0.016715986654162407
V15.mp4,183,0,0,0.016715986654162407
V15.mp4,184,0,0,0.016715986654162407
V15.mp4,185,0,0,0.016715986654162407
V15.mp4,186,0,0,0.016715986654162407
V15.mp4,187,0,0,0.016715986654162407
V15.mp4,188,0,0,0.016715986654162407
V15.mp4,189,0,0,0.016715986654162407
V15.mp4,190,0,0,0.016715986654162407
V15.mp4,191,0,0,0.016715986654162407
V15.mp4,192,0,0,0.016715986654162407
V16.mp4,1,0,1,0.861323356628418
V16.mp4,2,0,1,0.8265916705131531
V16.mp4,3,0,1,0.9494631886482239
V16.mp4,4,0,1,0.944960355758667
V16.mp4,5,0,1,0.9292020201683044
V16.mp4,6,0,0,0.4009653925895691
V16.mp4,7,0,1,0.6788814663887024
V16.mp4,8,0,0,0.2617599070072174
V16.mp4,9,0,1,0.6642796397209167
V16.mp4,10,0,0,0.4217807948589325
V16.mp4,11,0,0,0.18992717564105988
V16.mp4,12,0,0,0.15648923814296722
V16.mp4,13,0,0,0.27257609367370605
V16.mp4,14,0,0,0.3541984260082245
V16.mp4,15,0,1,0.8469612002372742
V16.mp4,16,0,1,0.6820629239082336
V16.mp4,17,0,1,0.5094600915908813
V16.mp4,18,0,0,0.374778151512146
V16.mp4,19,0,0,0.2719796299934387
V16.mp4,20,0,0,0.027141869068145752
V16.mp4,21,0,0,0.08846889436244965
V16.mp4,22,0,0,0.05565527081489563
V16.mp4,23,0,0,0.041311703622341156
V16.mp4,24,0,0,0.02534487657248974
V16.mp4,25,0,0,0.10173214226961136
V16.mp4,26,0,1,0.7242047190666199
V16.mp4,27,0,0,0.38234034180641174
V16.mp4,28,0,0,0.2364983856678009
V16.mp4,29,0,0,0.12680329382419586
V16.mp4,30,0,0,0.020982692018151283
V16.mp4,31,0,0,0.019698042422533035
V16.mp4,32,0,0,0.26803961396217346
V16.mp4,33,0,0,0.2687121629714966
V16.mp4,34,0,0,0.2680988013744354
V16.mp4,35,0,0,0.12355728447437286
V16.mp4,36,0,0,0.13189716637134552
V16.mp4,37,0,0,0.024500148370862007
V16.mp4,38,0,0,0.03731383755803108
V16.mp4,39,0,0,0.03535853326320648
V16.mp4,40,0,0,0.022651031613349915
V16.mp4,41,0,0,0.02262580581009388
V16.mp4,42,0,0,0.042509980499744415
V16.mp4,43,0,0,0.04294433817267418
V16.mp4,44,0,0,0.032564081251621246
V16.mp4,45,0,0,0.08107082545757294
V16.mp4,46,0,0,0.08135847002267838
V16.mp4,47,0,1,0.5199710130691528
V16.mp4,48,0,1,0.7974533438682556
V16.mp4,49,0,1,0.743848443031311
V16.mp4,50,0,1,0.6472948789596558
V16.mp4,51,0,0,0.28902503848075867
V16.mp4,52,0,0,0.08157700300216675
V16.mp4,53,0,0,0.025055522099137306
V16.mp4,54,0,0,0.07763577997684479
V16.mp4,55,0,0,0.045663658529520035
V16.mp4,56,0,0,0.03562651947140694
V16.mp4,57,0,0,0.026844412088394165
V16.mp4,58,0,0,0.34584832191467285
V16.mp4,59,0,1,0.6771661639213562
V16.mp4,60,0,0,0.005136279389262199
V16.mp4,61,0,0,0.005398693028837442
V16.mp4,62,0,0,0.006258768029510975
V16.mp4,63,0,0,0.011597231030464172
V16.mp4,64,0,0,0.2499280869960785
V16.mp4,65,0,0,0.06375471502542496
V16.mp4,66,0,0,0.28027740120887756
V16.mp4,67,0,1,0.6668092012405396
V16.mp4,68,0,0,0.12558527290821075
V16.mp4,69,0,0,0.220547154545784
V16.mp4,70,0,1,0.9005728960037231
V16.mp4,71,0,1,0.9095991253852844
V16.mp4,72,0,1,0.9410622119903564
V16.mp4,73,0,1,0.9723927974700928
V16.mp4,74,0,1,0.9605135917663574
V16.mp4,75,0,1,0.7199476361274719
V16.mp4,76,0,1,0.5251163244247437
V16.mp4,77,0,0,0.47796300053596497
V16.mp4,78,0,0,0.35331493616104126
V16.mp4,79,0,0,0.29603320360183716
V16.mp4,80,0,0,0.10299363732337952
V16.mp4,81,0,0,0.07847538590431213
V16.mp4,82,0,0,0.08914691209793091
V16.mp4,83,0,0,0.0665358304977417
V16.mp4,84,0,0,0.06360914558172226
V16.mp4,85,0,0,0.05952838063240051
V16.mp4,86,0,0,0.053378406912088394
V16.mp4,87,0,0,0.0546274408698082
V16.mp4,88,0,0,0.05705246329307556
V16.mp4,89,0,0,0.062435489147901535
V16.mp4,90,0,0,0.0706818699836731
V16.mp4,91,0,0,0.09409274160861969
V16.mp4,92,0,0,0.10696016252040863
V16.mp4,93,0,0,0.10194182395935059
V16.mp4,94,0,0,0.0859680250287056
V16.mp4,95,0,0,0.04753367602825165
V16.mp4,96,0,0,0.036497943103313446
V16.mp4,97,0,0,0.028111504390835762
V16.mp4,98,0,0,0.029614822939038277
V16.mp4,99,0,0,0.028014959767460823
V16.mp4,100,0,0,0.03622055426239967
V16.mp4,101,0,0,0.1305273026227951
V16.mp4,102,0,0,0.1477227509021759
V16.mp4,103,0,0,0.13348132371902466
V16.mp4,104,0,0,0.12649309635162354
V16.mp4,105,0,0,0.07232026755809784
V16.mp4,106,0,0,0.08914411067962646
V16.mp4,107,0,0,0.1407029777765274
V16.mp4,108,0,0,0.21209485828876495
V16.mp4,109,0,0,0.21644893288612366
V16.mp4,110,0,0,0.20235513150691986
V16.mp4,111,0,0,0.11636903136968613
V16.mp4,112,0,0,0.06031707301735878
V16.mp4,113,0,0,0.03586641326546669
V16.mp4,114,0,0,0.02887854166328907
V16.mp4,115,0,0,0.04004303365945816
V16.mp4,116,0,0,0.06969745457172394
V16.mp4,117,0,0,0.1085815578699112
V16.mp4,118,0,0,0.14378568530082703
V16.mp4,119,0,0,0.1409524530172348
V16.mp4,120,0,0,0.1296328604221344
V16.mp4,121,0,0,0.06220998615026474
V16.mp4,122,0,0,0.05197017267346382
V16.mp4,123,0,0,0.052810538560152054
V16.mp4,124,0,0,0.057174693793058395
V16.mp4,125,0,0,0.03888688236474991
V16.mp4,126,0,0,0.03781600296497345
V16.mp4,127,0,0,0.04136493429541588
V16.mp4,128,0,0,0.055073536932468414
V16.mp4,129,0,0,0.06782243400812149
V16.mp4,130,0,0,0.07201966643333435
V16.mp4,131,0,0,0.07522761076688766
V16.mp4,132,0,0,0.0641833022236824
V16.mp4,133,0,0,0.03598099201917648
V16.mp4,134,0,0,0.06289903819561005
V16.mp4,135,0,0,0.07434381544589996
V16.mp4,136,0,0,0.12465853989124298
V16.mp4,137,0,1,0.5699048042297363
V16.mp4,138,0,0,0.4937906563282013
V16.mp4,139,0,0,0.459181547164917
V16.mp4,140,0,1,0.5394197106361389
V16.mp4,141,0,0,0.3871013820171356
V16.mp4,142,0,0,0.45540377497673035
V16.mp4,143,0,0,0.1776580959558487
V16.mp4,144,0,0,0.032261621206998825
V16.mp4,145,0,0,0.07610655575990677
V16.mp4,146,0,0,0.06346216797828674
V16.mp4,147,0,0,0.05883067846298218
V16.mp4,148,0,0,0.06146176531910896
V16.mp4,149,0,0,0.12143134325742722
V16.mp4,150,0,0,0.16974709928035736
V16.mp4,151,0,0,0.20295949280261993
V16.mp4,152,0,1,0.613396942615509
V16.mp4,153,0,1,0.9248479008674622
V16.mp4,154,0,0,0.03926032409071922
V16.mp4,155,0,1,0.6934070587158203
V16.mp4,156,1,1,0.8565078377723694
V16.mp4,157,1,1,0.8274494409561157
V16.mp4,158,1,1,0.8520050048828125
V16.mp4,159,1,1,0.8473711013793945
V16.mp4,160,1,0,0.009721225127577782
V16.mp4,161,0,0,0.008623713627457619
V16.mp4,162,0,0,0.05672534555196762
V16.mp4,163,0,0,0.04241568222641945
V16.mp4,164,0,0,0.06261629611253738
V16.mp4,165,0,0,0.42378273606300354
V16.mp4,166,0,1,0.5853925347328186
V16.mp4,167,0,1,0.657733678817749
V16.mp4,168,0,1,0.6737380623817444
V16.mp4,169,0,1,0.5795077085494995
V16.mp4,170,0,0,0.2688330411911011
V16.mp4,171,0,0,0.09936510026454926
V16.mp4,172,0,0,0.03148268163204193
V16.mp4,173,0,0,0.02893049828708172
V16.mp4,174,0,0,0.0510534793138504
V16.mp4,175,0,0,0.07052098959684372
V16.mp4,176,0,1,0.6828165054321289
V16.mp4,177,0,1,0.9548078179359436
V16.mp4,178,0,1,0.9064542651176453
V16.mp4,179,0,1,0.8542786240577698
V16.mp4,180,0,1,0.5318490266799927
V16.mp4,181,0,0,0.052257418632507324
V16.mp4,182,0,0,0.09036766737699509
V16.mp4,183,0,0,0.29532405734062195
V16.mp4,184,0,0,0.03304440528154373
V16.mp4,185,0,0,0.015228943899273872
V16.mp4,186,0,0,0.46993130445480347
V16.mp4,187,0,1,0.5346464514732361
V16.mp4,188,0,1,0.5762458443641663
V16.mp4,189,0,1,0.8360474705696106
V16.mp4,190,0,1,0.772357702255249
V16.mp4,191,0,1,0.7915505170822144
V16.mp4,192,0,1,0.862994372844696
V16.mp4,193,0,1,0.8658490777015686
V16.mp4,194,0,1,0.604259192943573
V16.mp4,195,0,0,0.07523054629564285
V16.mp4,196,0,0,0.26656103134155273
V16.mp4,197,0,1,0.876581072807312
V16.mp4,198,0,1,0.9120500087738037
V16.mp4,199,0,1,0.8411582708358765
V16.mp4,200,0,1,0.7572683691978455
V16.mp4,201,0,0,0.23958440124988556
V16.mp4,202,0,0,0.48691582679748535
V16.mp4,203,0,0,0.48175278306007385
V16.mp4,204,0,0,0.44050538539886475
V16.mp4,205,0,0,0.39210692048072815
V16.mp4,206,0,0,0.03212582692503929
V16.mp4,207,0,0,0.057327594608068466
V16.mp4,208,0,0,0.04193124547600746
V16.mp4,209,0,0,0.037006910890340805
V16.mp4,210,0,0,0.055211570113897324
V16.mp4,211,0,0,0.09509331732988358
V16.mp4,212,0,0,0.1956498771905899
V16.mp4,213,0,0,0.0627441555261612
V16.mp4,214,0,0,0.03334738686680794
V16.mp4,215,0,0,0.03452956676483154
V16.mp4,216,0,0,0.24713288247585297
V16.mp4,217,0,0,0.13506893813610077
V16.mp4,218,0,0,0.06019097939133644
V16.mp4,219,0,0,0.03783931955695152
V16.mp4,220,0,0,0.037637971341609955
V16.mp4,221,0,0,0.041680872440338135
V16.mp4,222,0,0,0.03484521806240082
V16.mp4,223,0,0,0.32078802585601807
V16.mp4,224,0,0,0.07266596704721451
V16.mp4,225,0,0,0.043049175292253494
V16.mp4,226,0,0,0.09649469703435898
V16.mp4,227,0,0,0.033952176570892334
V16.mp4,228,0,0,0.0735277533531189
V16.mp4,229,0,0,0.0829882025718689
V16.mp4,230,0,0,0.0722140520811081
V16.mp4,231,0,0,0.4028469920158386
V16.mp4,232,0,0,0.3356747627258301
V16.mp4,233,0,0,0.23384635150432587
V16.mp4,234,0,0,0.23384635150432587
V16.mp4,235,0,0,0.23384635150432587
V16.mp4,236,0,0,0.23384635150432587
V16.mp4,237,0,0,0.23384635150432587
V16.mp4,238,0,0,0.23384635150432587
V17.mp4,1,0,0,0.3562273681163788
V17.mp4,2,0,0,0.1696440726518631
V17.mp4,3,0,0,0.08895174413919449
V17.mp4,4,0,0,0.047856155782938004
V17.mp4,5,0,0,0.04737929627299309
V17.mp4,6,0,0,0.03176427260041237
V17.mp4,7,0,0,0.028939751908183098
V17.mp4,8,0,0,0.031104188412427902
V17.mp4,9,0,0,0.03328191861510277
V17.mp4,10,0,0,0.03422906994819641
V17.mp4,11,0,0,0.0372350849211216
V17.mp4,12,0,0,0.041121240705251694
V17.mp4,13,0,0,0.041736312210559845
V17.mp4,14,0,0,0.04030688852071762
V17.mp4,15,0,0,0.03632144629955292
V17.mp4,16,0,0,0.03489382565021515
V17.mp4,17,0,0,0.03649056330323219
V17.mp4,18,0,0,0.035562481731176376
V17.mp4,19,0,0,0.033030129969120026
V17.mp4,20,0,0,0.037733323872089386
V17.mp4,21,0,0,0.03445878252387047
V17.mp4,22,0,0,0.03372311219573021
V17.mp4,23,0,0,0.024248497560620308
V17.mp4,24,0,0,0.06795397400856018
V17.mp4,25,0,0,0.11932976543903351
V17.mp4,26,0,0,0.12993183732032776
V17.mp4,27,0,0,0.10811061412096024
V17.mp4,28,0,0,0.07682064920663834
V17.mp4,29,0,0,0.04712481051683426
V17.mp4,30,0,0,0.0242867860943079
V17.mp4,31,0,0,0.028751831501722336
V17.mp4,32,0,0,0.029261775314807892
V17.mp4,33,0,0,0.02839049883186817
V17.mp4,34,0,0,0.025918805971741676
V17.mp4,35,0,0,0.02481858991086483
V17.mp4,36,0,0,0.02998259663581848
V17.mp4,37,0,0,0.034727636724710464
V17.mp4,38,0,0,0.0330183170735836
V17.mp4,39,0,0,0.03404410183429718
V17.mp4,40,0,0,0.029913388192653656
V17.mp4,41,0,0,0.02988404594361782
V17.mp4,42,0,0,0.029625864699482918
V17.mp4,43,0,0,0.030338680371642113
V17.mp4,44,0,0,0.030182650312781334
V17.mp4,45,0,0,0.030492844060063362
V17.mp4,46,0,0,0.030909160152077675
V17.mp4,47,0,0,0.029833685606718063
V17.mp4,48,0,0,0.030610648915171623
V17.mp4,49,0,0,0.027057236060500145
V17.mp4,50,0,0,0.02383212186396122
V17.mp4,51,0,0,0.01889430172741413
V17.mp4,52,0,0,0.022658515721559525
V17.mp4,53,0,0,0.02908608503639698
V17.mp4,54,0,0,0.022254275158047676
V17.mp4,55,0,0,0.02209419012069702
V17.mp4,56,0,0,0.02306707389652729
V17.mp4,57,0,0,0.028069233521819115
V17.mp4,58,0,0,0.02906380407512188
V17.mp4,59,0,0,0.030744684860110283
V17.mp4,60,0,0,0.03555218130350113
V17.mp4,61,0,0,0.03587765991687775
V17.mp4,62,0,0,0.03473373129963875
V17.mp4,63,0,0,0.02548890747129917
V17.mp4,64,0,0,0.023205116391181946
V17.mp4,65,0,0,0.022116554901003838
V17.mp4,66,0,0,0.023263780400156975
V17.mp4,67,0,0,0.02617601864039898
V17.mp4,68,0,0,0.026386529207229614
V17.mp4,69,0,0,0.026687266305088997
V17.mp4,70,0,0,0.026359539479017258
V17.mp4,71,0,0,0.025847187265753746
V17.mp4,72,0,0,0.025500446557998657
V17.mp4,73,0,0,0.02383212186396122
V17.mp4,74,0,0,0.022189900279045105
V17.mp4,75,0,0,0.02105126716196537
V17.mp4,76,0,0,0.020779995247721672
V17.mp4,77,0,0,0.0197187140583992
V17.mp4,78,0,0,0.06820716708898544
V17.mp4,79,0,0,0.28472793102264404
V17.mp4,80,0,0,0.09716445207595825
V17.mp4,81,0,0,0.027408882975578308
V17.mp4,82,0,0,0.02052096650004387
V17.mp4,83,0,0,0.02234172448515892
V17.mp4,84,0,0,0.023143954575061798
V17.mp4,85,0,0,0.022642681375145912
V17.mp4,86,0,0,0.019584782421588898
V17.mp4,87,0,0,0.020029090344905853
V17.mp4,88,0,0,0.021722938865423203
V17.mp4,89,0,0,0.02279602736234665
V17.mp4,90,0,0,0.022021334618330002
V17.mp4,91,0,0,0.022207913920283318
V17.mp4,92,0,0,0.022616390138864517
V17.mp4,93,0,0,0.030714476481080055
V17.mp4,94,0,0,0.0327305942773819
V17.mp4,95,0,0,0.03258029371500015
V17.mp4,96,0,0,0.04245419800281525
V17.mp4,97,0,0,0.03712380677461624
V17.mp4,98,0,0,0.031824927777051926
V17.mp4,99,0,0,0.02381093055009842
V17.mp4,100,0,0,0.02138405479490757
V17.mp4,101,0,0,0.021648796275258064
V17.mp4,102,0,0,0.03244618698954582
V17.mp4,103,0,0,0.2822476029396057
V17.mp4,104,0,0,0.17333756387233734
V17.mp4,105,0,0,0.2450210452079773
V17.mp4,106,0,0,0.12572482228279114
V17.mp4,107,0,0,0.03323432803153992
V17.mp4,108,0,0,0.028647951781749725
V17.mp4,109,0,0,0.03352497145533562
V17.mp4,110,0,0,0.04400372505187988
V17.mp4,111,0,0,0.04041554033756256
V17.mp4,112,0,0,0.03829639405012131
V17.mp4,113,0,0,0.03870082646608353
V17.mp4,114,0,0,0.03395935148000717
V17.mp4,115,0,0,0.02915208786725998
V17.mp4,116,0,0,0.028181834146380424
V17.mp4,117,0,0,0.02622147835791111
V17.mp4,118,0,0,0.02665131911635399
V17.mp4,119,0,0,0.028834575787186623
V17.mp4,120,0,0,0.03277013450860977
V17.mp4,121,0,0,0.03263966366648674
V17.mp4,122,0,0,0.03225654363632202
V17.mp4,123,0,0,0.09405083954334259
V17.mp4,124,0,0,0.16327565908432007
V17.mp4,125,0,0,0.04006924852728844
V17.mp4,126,0,1,0.821283221244812
V17.mp4,127,0,1,0.9598216414451599
V17.mp4,128,1,1,0.984195351600647
V17.mp4,129,1,1,0.9760488867759705
V17.mp4,130,1,1,0.9495195150375366
V17.mp4,131,1,0,0.3788850009441376
V17.mp4,132,1,0,0.37221941351890564
V17.mp4,133,0,0,0.15593016147613525
V17.mp4,134,0,0,0.46783727407455444
V17.mp4,135,0,1,0.8124039769172668
V17.mp4,136,0,0,0.4670788049697876
V17.mp4,137,0,0,0.2650962471961975
V17.mp4,138,0,0,0.10548388957977295
V17.mp4,139,0,0,0.061429113149642944
V17.mp4,140,0,0,0.04468553140759468
V17.mp4,141,0,0,0.04093059524893761
V17.mp4,142,0,0,0.03973002731800079
V17.mp4,143,0,0,0.033277589827775955
V17.mp4,144,0,0,0.03240904584527016
V17.mp4,145,0,0,0.05335446447134018
V17.mp4,146,0,0,0.09883131086826324
V17.mp4,147,0,0,0.10342611372470856
V17.mp4,148,0,0,0.10655771195888519
V17.mp4,149,0,0,0.10350406169891357
V17.mp4,150,0,0,0.09822441637516022
V17.mp4,151,0,0,0.10066687315702438
V17.mp4,152,0,0,0.12418391555547714
V17.mp4,153,0,0,0.21024399995803833
V17.mp4,154,0,0,0.11958712339401245
V17.mp4,155,0,0,0.13447977602481842
V17.mp4,156,0,0,0.1441122144460678
V17.mp4,157,0,0,0.16848930716514587
V17.mp4,158,0,0,0.11808187514543533
V17.mp4,159,0,0,0.06344946473836899
V17.mp4,160,0,0,0.02088010124862194
V17.mp4,161,0,0,0.37738367915153503
V17.mp4,162,0,1,0.5499469637870789
V17.mp4,163,0,0,0.28515470027923584
V17.mp4,164,0,0,0.21995539963245392
V17.mp4,165,0,0,0.16161994636058807
V17.mp4,166,0,0,0.09263520687818527
V17.mp4,167,0,0,0.09727619588375092
V17.mp4,168,0,0,0.07483155280351639
V17.mp4,169,0,0,0.06253275275230408
V17.mp4,170,0,0,0.03743312880396843
V17.mp4,171,0,0,0.02759217470884323
V17.mp4,172,0,0,0.029491281136870384
V17.mp4,173,0,0,0.026750316843390465
V17.mp4,174,0,0,0.029499579221010208
V17.mp4,175,0,0,0.05719045177102089
V17.mp4,176,0,0,0.09922010451555252
V17.mp4,177,0,0,0.11351633071899414
V17.mp4,178,0,0,0.1265958696603775
V17.mp4,179,0,0,0.13475915789604187
V17.mp4,180,0,0,0.13164159655570984
V17.mp4,181,0,0,0.12315180897712708
V17.mp4,182,0,0,0.11455676704645157
V17.mp4,183,0,0,0.10141343623399734
V17.mp4,184,0,0,0.08685344457626343
V17.mp4,185,0,0,0.07472705841064453
V17.mp4,186,0,0,0.05541045963764191
V17.mp4,187,0,0,0.05132137984037399
V17.mp4,188,0,0,0.049865759909152985
V17.mp4,189,0,0,0.04341793432831764
V17.mp4,190,0,0,0.03741176053881645
V17.mp4,191,0,0,0.035149164497852325
V17.mp4,192,0,0,0.07123076170682907
V17.mp4,193,0,0,0.1091189906001091
V17.mp4,194,0,0,0.11892963200807571
V17.mp4,195,0,0,0.07565722614526749
V17.mp4,196,0,0,0.05315624549984932
V17.mp4,197,0,0,0.04216534271836281
V17.mp4,198,0,0,0.03804048150777817
V17.mp4,199,0,0,0.038680579513311386
V17.mp4,200,0,0,0.044900041073560715
V17.mp4,201,0,0,0.05125952512025833
V17.mp4,202,0,0,0.07088309526443481
V17.mp4,203,0,0,0.07936885207891464
V17.mp4,204,0,0,0.07361942529678345
V17.mp4,205,0,0,0.06428665667772293
V17.mp4,206,0,0,0.06550730019807816
V17.mp4,207,0,0,0.06702552735805511
V17.mp4,208,0,0,0.06702554225921631
V17.mp4,209,0,0,0.06702554225921631
V17.mp4,210,0,0,0.07688039541244507
V17.mp4,211,0,0,0.08160137385129929
V17.mp4,212,0,0,0.07381194084882736
V17.mp4,213,0,0,0.059141967445611954
V18.mp4,1,0,1,0.5907370448112488
V18.mp4,2,0,1,0.5126703977584839
V18.mp4,3,0,0,0.2365192174911499
V18.mp4,4,0,0,0.00855980720371008
V18.mp4,5,0,0,0.008009986020624638
V18.mp4,6,0,0,0.015410032123327255
V18.mp4,7,0,0,0.016382183879613876
V18.mp4,8,0,0,0.006169161293655634
V18.mp4,9,0,0,0.0054722735658288
V18.mp4,10,0,0,0.005575540475547314
V18.mp4,11,0,0,0.008803150616586208
V18.mp4,12,0,0,0.009793867357075214
V18.mp4,13,0,0,0.008440281264483929
V18.mp4,14,0,0,0.06303007155656815
V18.mp4,15,0,0,0.08128310739994049
V18.mp4,16,0,0,0.040861841291189194
V18.mp4,17,0,0,0.04857241362333298
V18.mp4,18,0,0,0.013471810147166252
V18.mp4,19,0,0,0.006171500775963068
V18.mp4,20,0,0,0.00634022569283843
V18.mp4,21,0,0,0.013942237943410873
V18.mp4,22,0,0,0.009108221158385277
V18.mp4,23,0,0,0.018683703616261482
V18.mp4,24,0,0,0.026162665337324142
V18.mp4,25,0,0,0.023572888225317
V18.mp4,26,0,0,0.022024353966116905
V18.mp4,27,0,0,0.03374084457755089
V18.mp4,28,0,0,0.04872316122055054
V18.mp4,29,0,0,0.07543277740478516
V18.mp4,30,0,0,0.04055953398346901
V18.mp4,31,0,0,0.0657954141497612
V18.mp4,32,0,1,0.6821148991584778
V18.mp4,33,0,1,0.8326992392539978
V18.mp4,34,0,1,0.5584322810173035
V18.mp4,35,0,0,0.17683622241020203
V18.mp4,36,0,0,0.0740017294883728
V18.mp4,37,0,0,0.06542588025331497
V18.mp4,38,0,0,0.024336596950888634
V18.mp4,39,0,0,0.007296423427760601
V18.mp4,40,0,0,0.005815486423671246
V18.mp4,41,0,0,0.01533419918268919
V18.mp4,42,0,0,0.004806085955351591
V18.mp4,43,0,0,0.014289407059550285
V18.mp4,44,0,0,0.016980549320578575
V18.mp4,45,0,0,0.023454148322343826
V18.mp4,46,0,0,0.014904381707310677
V18.mp4,47,0,0,0.01855996996164322
V18.mp4,48,0,0,0.007746570743620396
V18.mp4,49,0,0,0.007608824875205755
V18.mp4,50,0,0,0.00663955882191658
V18.mp4,51,0,0,0.014382273890078068
V18.mp4,52,0,0,0.011367462575435638
V18.mp4,53,0,0,0.011059901677072048
V18.mp4,54,0,0,0.008897984400391579
V18.mp4,55,0,0,0.008214505389332771
V18.mp4,56,0,0,0.011068672873079777
V18.mp4,57,0,0,0.022694488987326622
V18.mp4,58,0,0,0.016372764483094215
V18.mp4,59,0,0,0.014115624129772186
V18.mp4,60,0,0,0.013796727173030376
V18.mp4,61,0,0,0.01371652539819479
V18.mp4,62,0,0,0.017220813781023026
V18.mp4,63,0,0,0.015514379367232323
V18.mp4,64,0,0,0.012714912183582783
V18.mp4,65,0,0,0.010446683503687382
V18.mp4,66,0,0,0.005965274292975664
V18.mp4,67,0,0,0.006963291205465794
V18.mp4,68,0,0,0.011771483346819878
V18.mp4,69,0,0,0.016254128888249397
V18.mp4,70,0,0,0.3572031855583191
V18.mp4,71,0,1,0.5092155933380127
V18.mp4,72,0,1,0.9767955541610718
V18.mp4,73,0,1,0.9919880628585815
V18.mp4,74,0,1,0.99346923828125
V18.mp4,75,1,1,0.985380232334137
V18.mp4,76,1,1,0.5956427454948425
V18.mp4,77,1,0,0.49076634645462036
V18.mp4,78,1,0,0.3359501361846924
V18.mp4,79,1,0,0.19956514239311218
V18.mp4,80,0,0,0.1582721322774887
V18.mp4,81,0,0,0.0869627371430397
V18.mp4,82,0,0,0.11745581775903702
V18.mp4,83,0,0,0.3156997859477997
V18.mp4,84,0,0,0.11254800856113434
V18.mp4,85,0,0,0.18691697716712952
V18.mp4,86,0,0,0.023691734299063683
V18.mp4,87,0,0,0.01511392556130886
V18.mp4,88,0,0,0.009296323172748089
V18.mp4,89,0,0,0.004632918629795313
V18.mp4,90,0,0,0.004249678459018469
V18.mp4,91,0,0,0.04695485532283783
V18.mp4,92,0,0,0.08163471519947052
V18.mp4,93,0,0,0.05859987437725067
V18.mp4,94,0,0,0.046328358352184296
V18.mp4,95,0,0,0.021015770733356476
V18.mp4,96,0,0,0.005966660566627979
V18.mp4,97,0,0,0.005710703320801258
V18.mp4,98,0,0,0.004777724854648113
V18.mp4,99,0,0,0.00527018029242754
V18.mp4,100,0,0,0.006002691108733416
V18.mp4,101,0,0,0.0064602140337228775
V18.mp4,102,0,0,0.006358161568641663
V18.mp4,103,0,0,0.008745214901864529
V18.mp4,104,0,0,0.007857055403292179
V18.mp4,105,0,0,0.007566806860268116
V18.mp4,106,0,0,0.006408398039638996
V18.mp4,107,0,0,0.006815705448389053
V18.mp4,108,0,0,0.008678963407874107
V18.mp4,109,0,0,0.007815031334757805
V18.mp4,110,0,0,0.00574213033542037
V18.mp4,111,0,0,0.009109283797442913
V18.mp4,112,0,0,0.00948289968073368
V18.mp4,113,0,0,0.012735669501125813
V18.mp4,114,0,0,0.008469306863844395
V18.mp4,115,0,0,0.015144717879593372
V18.mp4,116,0,0,0.0071210782043635845
V18.mp4,117,0,0,0.005768489092588425
V18.mp4,118,0,0,0.004340094514191151
V18.mp4,119,0,0,0.007016617339104414
V18.mp4,120,0,0,0.004886769223958254
V18.mp4,121,0,0,0.005901639815419912
V18.mp4,122,0,0,0.008252153173089027
V18.mp4,123,0,0,0.008104811422526836
V18.mp4,124,0,0,0.00644755270332098
V18.mp4,125,0,0,0.008542400784790516
V18.mp4,126,0,0,0.006590692326426506
V18.mp4,127,0,0,0.009246187284588814
V18.mp4,128,0,1,0.8399924635887146
V18.mp4,129,0,1,0.5167379379272461
V18.mp4,130,0,0,0.016254151239991188
V18.mp4,131,0,0,0.019102267920970917
V18.mp4,132,0,1,0.6516686081886292
V18.mp4,133,0,1,0.9023904204368591
V18.mp4,134,0,1,0.653237521648407
V18.mp4,135,0,1,0.5514423847198486
V18.mp4,136,0,0,0.263719767332077
V18.mp4,137,0,0,0.03613563999533653
V18.mp4,138,0,1,0.8611307740211487
V18.mp4,139,0,1,0.937857985496521
V18.mp4,140,0,1,0.9500148296356201
V18.mp4,141,0,1,0.9272943735122681
V18.mp4,142,0,1,0.775421679019928
V18.mp4,143,0,1,0.5027759671211243
V18.mp4,144,0,0,0.10668478161096573
V18.mp4,145,0,0,0.061145417392253876
V18.mp4,146,0,0,0.23870620131492615
V18.mp4,147,0,0,0.07104763388633728
V18.mp4,148,0,0,0.022618507966399193
V18.mp4,149,0,0,0.38211262226104736
V18.mp4,150,0,0,0.08908871561288834
V18.mp4,151,0,0,0.032816167920827866
V18.mp4,152,0,0,0.03123168647289276
V18.mp4,153,0,0,0.07248491048812866
V18.mp4,154,0,0,0.10308582335710526
V18.mp4,155,0,0,0.053030338138341904
V18.mp4,156,0,0,0.17068593204021454
V18.mp4,157,0,0,0.16248765587806702
V18.mp4,158,0,0,0.19467413425445557
V18.mp4,159,0,0,0.09499143064022064
V18.mp4,160,0,0,0.05946246534585953
V18.mp4,161,0,0,0.11266131699085236
V18.mp4,162,0,0,0.09830833226442337
V18.mp4,163,0,0,0.1149689108133316
V18.mp4,164,0,0,0.0962560623884201
V18.mp4,165,0,0,0.09160715341567993
V18.mp4,166,0,0,0.11394765228033066
V18.mp4,167,0,0,0.13817711174488068
V18.mp4,168,0,0,0.04055093973875046
V18.mp4,169,0,0,0.11207443475723267
V18.mp4,170,0,0,0.22710482776165009
V18.mp4,171,0,0,0.42500874400138855
V18.mp4,172,0,0,0.4281115233898163
V18.mp4,173,0,0,0.0056762914173305035
V18.mp4,174,0,0,0.02095242775976658
V18.mp4,175,0,0,0.01888447254896164
V18.mp4,176,0,0,0.015715204179286957
V18.mp4,177,0,1,0.5736216902732849
V18.mp4,178,0,0,0.012527418322861195
V18.mp4,179,0,0,0.009376849047839642
V18.mp4,180,0,0,0.024175602942705154
V18.mp4,181,0,0,0.026430495083332062
V18.mp4,182,0,0,0.03354701027274132
V18.mp4,183,0,1,0.7118997573852539
V18.mp4,184,0,1,0.5261361598968506
V18.mp4,185,0,0,0.2584610879421234
V18.mp4,186,0,0,0.24596507847309113
V18.mp4,187,0,0,0.01476383488625288
V18.mp4,188,0,0,0.014544783160090446
V18.mp4,189,0,0,0.014545350335538387
V18.mp4,190,0,0,0.014544980600476265
V18.mp4,191,0,0,0.01211580354720354
V18.mp4,192,0,1,0.8730979561805725
V18.mp4,193,0,1,0.6727761030197144
V18.mp4,194,0,0,0.03537946939468384
V18.mp4,195,0,0,0.01517705712467432
V18.mp4,196,0,0,0.01141471229493618
V19.mp4,1,0,1,0.9227811694145203
V19.mp4,2,0,0,0.32639914751052856
V19.mp4,3,0,0,0.22842614352703094
V19.mp4,4,0,0,0.14896613359451294
V19.mp4,5,0,0,0.14493428170681
V19.mp4,6,0,0,0.07530538737773895
V19.mp4,7,0,0,0.08423519879579544
V19.mp4,8,0,0,0.13527292013168335
V19.mp4,9,0,0,0.13191913068294525
V19.mp4,10,0,0,0.07792279124259949
V19.mp4,11,0,0,0.12373903393745422
V19.mp4,12,0,0,0.09501073509454727
V19.mp4,13,0,0,0.11834099888801575
V19.mp4,14,0,0,0.10670820623636246
V19.mp4,15,0,0,0.08092711120843887
V19.mp4,16,0,0,0.08073285222053528
V19.mp4,17,0,0,0.0608414001762867
V19.mp4,18,0,0,0.1466398686170578
V19.mp4,19,0,0,0.13013261556625366
V19.mp4,20,0,0,0.2622581124305725
V19.mp4,21,0,0,0.08240734040737152
V19.mp4,22,0,0,0.028962267562747
V19.mp4,23,0,0,0.22462573647499084
V19.mp4,24,0,0,0.4013581871986389
V19.mp4,25,0,1,0.6766371726989746
V19.mp4,26,0,0,0.22675691545009613
V19.mp4,27,0,0,0.05345490947365761
V19.mp4,28,0,0,0.365105003118515
V19.mp4,29,0,0,0.14058992266654968
V19.mp4,30,0,0,0.08725448697805405
V19.mp4,31,0,0,0.066168874502182
V19.mp4,32,0,0,0.07130705565214157
V19.mp4,33,0,0,0.08918653428554535
V19.mp4,34,0,0,0.0588199682533741
V19.mp4,35,0,0,0.1713954508304596
V19.mp4,36,0,0,0.2149152010679245
V19.mp4,37,0,0,0.1399369090795517
V19.mp4,38,0,0,0.13110677897930145
V19.mp4,39,0,0,0.28069600462913513
V19.mp4,40,0,1,0.599454939365387
V19.mp4,41,0,0,0.13413536548614502
V19.mp4,42,0,0,0.43945688009262085
V19.mp4,43,0,0,0.24907757341861725
V19.mp4,44,0,0,0.24467085301876068
V19.mp4,45,0,0,0.2695423364639282
V19.mp4,46,0,1,0.5766568183898926
V19.mp4,47,0,1,0.7289737462997437
V19.mp4,48,0,0,0.14828215539455414
V19.mp4,49,0,0,0.4881986379623413
V19.mp4,50,0,0,0.1803693175315857
V19.mp4,51,0,0,0.3589912950992584
V19.mp4,52,0,0,0.4906744062900543
V19.mp4,53,0,0,0.12794436514377594
V19.mp4,54,0,0,0.09818573296070099
V19.mp4,55,0,0,0.09581708908081055
V19.mp4,56,0,0,0.1089533269405365
V19.mp4,57,0,0,0.13742022216320038
V19.mp4,58,0,0,0.08778253942728043
V19.mp4,59,0,0,0.019818201661109924
V19.mp4,60,0,0,0.023410093039274216
V19.mp4,61,0,0,0.05238528177142143
V19.mp4,62,0,0,0.14678940176963806
V19.mp4,63,0,0,0.3136066198348999
V19.mp4,64,0,0,0.0499933697283268
V19.mp4,65,0,0,0.08932112157344818
V19.mp4,66,0,0,0.06078578904271126
V19.mp4,67,0,0,0.04475179687142372
V19.mp4,68,0,0,0.01813783124089241
V19.mp4,69,0,1,0.8036991953849792
V19.mp4,70,0,1,0.8429098725318909
V19.mp4,71,0,0,0.452457994222641
V19.mp4,72,0,0,0.24304836988449097
V19.mp4,73,0,0,0.26504096388816833
V19.mp4,74,0,1,0.7475908398628235
V19.mp4,75,0,0,0.027460681274533272
V19.mp4,76,0,0,0.08423466980457306
V19.mp4,77,0,0,0.09421250969171524
V19.mp4,78,0,0,0.28698399662971497
V19.mp4,79,0,1,0.543715238571167
V19.mp4,80,0,1,0.9087240695953369
V19.mp4,81,0,1,0.9012963771820068
V19.mp4,82,0,1,0.9501196146011353
V19.mp4,83,1,1,0.9396124482154846
V19.mp4,84,1,0,0.03801325336098671
V19.mp4,85,1,0,0.4358583390712738
V19.mp4,86,1,1,0.8267696499824524
V19.mp4,87,1,0,0.2667199373245239
V19.mp4,88,0,0,0.11888442188501358
V19.mp4,89,0,0,0.06718186289072037
V19.mp4,90,0,0,0.0694119855761528
V19.mp4,91,0,0,0.09859471023082733
V19.mp4,92,0,1,0.7084140777587891
V19.mp4,93,0,1,0.8649929165840149
V19.mp4,94,0,1,0.9187935590744019
V19.mp4,95,0,0,0.03215653449296951
V19.mp4,96,0,0,0.052348557859659195
V19.mp4,97,0,0,0.07363986223936081
V19.mp4,98,0,0,0.09803742170333862
V19.mp4,99,0,0,0.04286574199795723
V19.mp4,100,0,0,0.01877049170434475
V19.mp4,101,0,0,0.17701661586761475
V19.mp4,102,0,0,0.026695186272263527
V19.mp4,103,0,0,0.30430543422698975
V19.mp4,104,0,1,0.5395158529281616
V19.mp4,105,0,0,0.30255016684532166
V19.mp4,106,0,0,0.03423728421330452
V19.mp4,107,0,0,0.04969232156872749
V19.mp4,108,0,1,0.6005690693855286
V19.mp4,109,0,1,0.7744872570037842
V19.mp4,110,0,0,0.03491713106632233
V19.mp4,111,0,0,0.10627055913209915
V19.mp4,112,0,0,0.3771759867668152
V19.mp4,113,0,0,0.2847619950771332
V19.mp4,114,0,0,0.1995578408241272
V19.mp4,115,0,0,0.08554801344871521
V19.mp4,116,0,1,0.6352953910827637
V19.mp4,117,0,1,0.5389305353164673
V19.mp4,118,0,0,0.02540823072195053
V19.mp4,119,0,0,0.046250950545072556
V19.mp4,120,0,0,0.040953103452920914
V19.mp4,121,0,0,0.03299989923834801
V19.mp4,122,0,0,0.023204457014799118
V19.mp4,123,0,0,0.019301721826195717
V19.mp4,124,0,1,0.8151487112045288
V19.mp4,125,0,1,0.7668552994728088
V19.mp4,126,0,1,0.8530552983283997
V19.mp4,127,0,1,0.9333670139312744
V19.mp4,128,0,0,0.049103911966085434
V19.mp4,129,0,1,0.6349908709526062
V19.mp4,130,0,0,0.39770764112472534
V19.mp4,131,0,0,0.20675621926784515
V19.mp4,132,0,0,0.22698664665222168
V19.mp4,133,0,0,0.47282874584198
V19.mp4,134,0,0,0.2517673671245575
V19.mp4,135,0,0,0.04324949532747269
V19.mp4,136,0,0,0.11194340139627457
V19.mp4,137,0,0,0.08760614693164825
V19.mp4,138,0,0,0.010700631886720657
V19.mp4,139,0,0,0.01405524555593729
V19.mp4,140,0,0,0.0683191791176796
V19.mp4,141,0,0,0.44271600246429443
V19.mp4,142,0,1,0.741195559501648
V19.mp4,143,0,0,0.021694114431738853
V19.mp4,144,0,0,0.03835441172122955
V19.mp4,145,0,0,0.03495609015226364
V19.mp4,146,0,0,0.029230760410428047
V19.mp4,147,0,0,0.025693519040942192
V19.mp4,148,0,0,0.009375232271850109
V19.mp4,149,0,0,0.00826277770102024
V19.mp4,150,0,0,0.007939676754176617
V19.mp4,151,0,0,0.017845511436462402
V19.mp4,152,0,0,0.03873026371002197
V19.mp4,153,0,0,0.00858618039637804
V19.mp4,154,0,0,0.00861821137368679
V19.mp4,155,0,0,0.007407191675156355
V19.mp4,156,0,0,0.19987867772579193
V19.mp4,157,0,0,0.32045304775238037
V19.mp4,158,0,0,0.18061350286006927
V19.mp4,159,0,1,0.527643620967865
V19.mp4,160,0,1,0.8758624792098999
V19.mp4,161,0,0,0.03739960491657257
V19.mp4,162,0,0,0.034018661826848984
V19.mp4,163,0,0,0.023540977388620377
V19.mp4,164,0,0,0.019086573272943497
V19.mp4,165,0,0,0.01590515300631523
V19.mp4,166,0,0,0.017452247440814972
V19.mp4,167,0,0,0.2652113437652588
V19.mp4,168,0,0,0.24749836325645447
V19.mp4,169,0,0,0.15237049758434296
V19.mp4,170,0,0,0.48472270369529724
V19.mp4,171,0,0,0.0709068700671196
V19.mp4,172,0,0,0.020866988226771355
V19.mp4,173,0,0,0.10069245845079422
V19.mp4,174,0,0,0.09102340042591095
V19.mp4,175,0,0,0.013788631185889244
V19.mp4,176,0,1,0.6493616104125977
V19.mp4,177,0,0,0.4566505551338196
V19.mp4,178,0,0,0.3076701760292053
V19.mp4,179,0,1,0.6508401036262512
V19.mp4,180,0,1,0.5701669454574585
V19.mp4,181,0,0,0.09216552972793579
V19.mp4,182,0,0,0.07475370913743973
V19.mp4,183,0,0,0.09282708168029785
V19.mp4,184,0,0,0.1623581498861313
V19.mp4,185,0,0,0.0847153589129448
V19.mp4,186,0,0,0.05150707811117172
V19.mp4,187,0,0,0.06811300665140152
V19.mp4,188,0,0,0.07449887692928314
V19.mp4,189,0,0,0.18992748856544495
V19.mp4,190,0,0,0.1504305601119995
V19.mp4,191,0,0,0.07403019815683365
V19.mp4,192,0,0,0.13348309695720673
V19.mp4,193,0,0,0.17128700017929077
V19.mp4,194,0,0,0.11754263192415237
V19.mp4,195,0,0,0.12922164797782898
V19.mp4,196,0,0,0.2880627512931824
V19.mp4,197,0,0,0.45127400755882263
V19.mp4,198,0,0,0.06207500398159027
V19.mp4,199,0,0,0.05409511178731918
V19.mp4,200,0,0,0.06961424648761749
V19.mp4,201,0,0,0.07968734204769135
V19.mp4,202,0,0,0.16635698080062866
V19.mp4,203,0,0,0.17799891531467438
V19.mp4,204,0,0,0.11406218260526657
V19.mp4,205,0,0,0.11808449774980545
V19.mp4,206,0,1,0.6256082057952881
V19.mp4,207,0,1,0.7874486446380615
V19.mp4,208,0,0,0.01840347796678543
V19.mp4,209,0,0,0.012349458411335945
V19.mp4,210,0,0,0.014241323806345463
V19.mp4,211,0,0,0.018754757940769196
V19.mp4,212,0,0,0.030964432284235954
V19.mp4,213,0,0,0.03800089284777641
V19.mp4,214,0,0,0.04676239192485809
V19.mp4,215,0,0,0.057239219546318054
V19.mp4,216,0,0,0.05168905109167099
V19.mp4,217,0,0,0.0799487754702568
V19.mp4,218,0,0,0.009396553039550781
V19.mp4,219,0,0,0.010710407048463821
V19.mp4,220,0,0,0.008782128803431988
V19.mp4,221,0,0,0.017281394451856613
V19.mp4,222,0,0,0.042633749544620514
V19.mp4,223,0,1,0.7333554625511169
V19.mp4,224,0,0,0.43245694041252136
V19.mp4,225,0,0,0.430608868598938
V19.mp4,226,0,1,0.6186476349830627
V19.mp4,227,0,1,0.679865300655365
V19.mp4,228,0,0,0.09197085350751877
V19.mp4,229,0,0,0.3896421492099762
V19.mp4,230,0,0,0.08457072824239731
V19.mp4,231,0,0,0.40813305974006653
V19.mp4,232,0,0,0.12147096544504166
V19.mp4,233,0,0,0.06581214815378189
V19.mp4,234,0,0,0.06580989807844162
V19.mp4,235,0,0,0.06917684525251389
V19.mp4,236,0,0,0.07245087623596191
V19.mp4,237,0,0,0.0854940190911293
V19.mp4,238,0,0,0.11332554370164871
V19.mp4,239,0,0,0.08766084909439087
V19.mp4,240,0,0,0.06784019619226456
V19.mp4,241,0,0,0.11141495406627655
V19.mp4,242,0,0,0.037214938551187515
V19.mp4,243,0,0,0.13291022181510925
V19.mp4,244,0,0,0.041645195335149765
V19.mp4,245,0,0,0.07512073218822479
V19.mp4,246,0,0,0.054964158684015274
V19.mp4,247,0,0,0.22297722101211548
V19.mp4,248,0,0,0.07804688811302185
V2.mp4,1,0,1,0.5345169901847839
V2.mp4,2,0,0,0.3024837076663971
V2.mp4,3,0,0,0.22186417877674103
V2.mp4,4,0,0,0.07532373070716858
V2.mp4,5,0,0,0.09774189442396164
V2.mp4,6,0,0,0.0554521307349205
V2.mp4,7,0,0,0.04020664468407631
V2.mp4,8,0,0,0.042056672275066376
V2.mp4,9,0,0,0.04285844787955284
V2.mp4,10,0,0,0.039974190294742584
V2.mp4,11,0,0,0.041943877935409546
V2.mp4,12,0,0,0.04348601773381233
V2.mp4,13,0,0,0.042781710624694824
V2.mp4,14,0,0,0.04344424232840538
V2.mp4,15,0,0,0.04277300834655762
V2.mp4,16,0,0,0.04174031689763069
V2.mp4,17,0,0,0.041494350880384445
V2.mp4,18,0,0,0.03145419806241989
V2.mp4,19,0,0,0.03683095425367355
V2.mp4,20,0,0,0.00838443636894226
V2.mp4,21,0,0,0.4305626451969147
V2.mp4,22,0,1,0.7422705292701721
V2.mp4,23,0,1,0.8094310760498047
V2.mp4,24,0,1,0.6328063607215881
V2.mp4,25,0,0,0.4429994523525238
V2.mp4,26,0,0,0.20469066500663757
V2.mp4,27,0,0,0.18993531167507172
V2.mp4,28,0,0,0.07218026369810104
V2.mp4,29,0,0,0.4299732446670532
V2.mp4,30,0,1,0.6222244501113892
V2.mp4,31,0,0,0.4273466467857361
V2.mp4,32,0,0,0.4022234380245209
V2.mp4,33,0,0,0.13014937937259674
V2.mp4,34,0,0,0.10612697154283524
V2.mp4,35,0,0,0.09521891176700592
V2.mp4,36,0,0,0.11856343597173691
V2.mp4,37,0,0,0.18820837140083313
V2.mp4,38,0,0,0.17906580865383148
V2.mp4,39,0,0,0.17083172500133514
V2.mp4,40,0,0,0.12859880924224854
V2.mp4,41,0,0,0.10995941609144211
V2.mp4,42,0,0,0.05380301922559738
V2.mp4,43,0,0,0.09389913827180862
V2.mp4,44,0,0,0.061762742698192596
V2.mp4,45,0,0,0.10969647765159607
V2.mp4,46,0,0,0.07827221602201462
V2.mp4,47,0,0,0.06772412359714508
V2.mp4,48,0,0,0.06163058429956436
V2.mp4,49,0,0,0.07002462446689606
V2.mp4,50,0,0,0.06554102152585983
V2.mp4,51,0,0,0.07139644771814346
V2.mp4,52,0,0,0.09975547343492508
V2.mp4,53,0,0,0.07424730062484741
V2.mp4,54,0,0,0.07464797794818878
V2.mp4,55,0,0,0.03479190543293953
V2.mp4,56,0,0,0.0332801528275013
V2.mp4,57,0,0,0.03190729022026062
V2.mp4,58,0,0,0.0548960380256176
V2.mp4,59,0,0,0.05893485248088837
V2.mp4,60,0,0,0.11049015820026398
V2.mp4,61,0,0,0.1555069386959076
V2.mp4,62,0,0,0.1201983392238617
V2.mp4,63,0,0,0.0513564832508564
V2.mp4,64,0,0,0.03693925216794014
V2.mp4,65,0,0,0.03715851902961731
V2.mp4,66,0,0,0.03683625906705856
V2.mp4,67,0,0,0.03568205237388611
V2.mp4,68,0,0,0.03518573194742203
V2.mp4,69,0,0,0.03907078504562378
V2.mp4,70,0,0,0.0405573770403862
V2.mp4,71,0,0,0.07002967596054077
V2.mp4,72,0,0,0.07200516015291214
V2.mp4,73,0,0,0.10543522238731384
V2.mp4,74,0,0,0.09509813040494919
V2.mp4,75,0,0,0.04341908171772957
V2.mp4,76,0,0,0.044418659061193466
V2.mp4,77,0,0,0.05636235699057579
V2.mp4,78,0,0,0.09658760577440262
V2.mp4,79,0,0,0.08244124054908752
V2.mp4,80,0,0,0.02303091622889042
V2.mp4,81,1,1,0.5611335039138794
V2.mp4,82,1,1,0.9178124070167542
V2.mp4,83,1,1,0.943915069103241
V2.mp4,84,1,1,0.9176352024078369
V2.mp4,85,1,1,0.7685728073120117
V2.mp4,86,0,0,0.2281293421983719
V2.mp4,87,0,0,0.2782047688961029
V2.mp4,88,0,1,0.5557186603546143
V2.mp4,89,0,0,0.4539090692996979
V2.mp4,90,0,0,0.09042294323444366
V2.mp4,91,0,0,0.03683021292090416
V2.mp4,92,0,0,0.04694962501525879
V2.mp4,93,0,0,0.032963838428258896
V2.mp4,94,0,0,0.030790267512202263
V2.mp4,95,0,0,0.03833610564470291
V2.mp4,96,0,0,0.07713818550109863
V2.mp4,97,0,0,0.04099597409367561
V2.mp4,98,0,0,0.06361834704875946
V2.mp4,99,0,0,0.03965757414698601
V2.mp4,100,0,0,0.08670395612716675
V2.mp4,101,0,0,0.03985794261097908
V2.mp4,102,0,0,0.03245564550161362
V2.mp4,103,0,0,0.030252188444137573
V2.mp4,104,0,0,0.03201249614357948
V2.mp4,105,0,0,0.033257532864809036
V2.mp4,106,0,0,0.03978429734706879
V2.mp4,107,0,0,0.04023006185889244
V2.mp4,108,0,0,0.032957836985588074
V2.mp4,109,0,0,0.018480796366930008
V2.mp4,110,0,0,0.04249158874154091
V2.mp4,111,0,0,0.03070935234427452
V2.mp4,112,0,0,0.07436097413301468
V2.mp4,113,0,1,0.5775595903396606
V2.mp4,114,0,0,0.3296951949596405
V2.mp4,115,0,1,0.804721474647522
V2.mp4,116,0,1,0.7545103430747986
V2.mp4,117,0,0,0.017328036949038506
V2.mp4,118,0,0,0.0115779684856534
V2.mp4,119,0,0,0.0850154384970665
V2.mp4,120,0,0,0.03770403563976288
V2.mp4,121,0,0,0.03149690479040146
V2.mp4,122,0,0,0.03994521126151085
V2.mp4,123,0,0,0.03351229801774025
V2.mp4,124,0,0,0.04049014300107956
V2.mp4,125,0,0,0.031362466514110565
V2.mp4,126,0,0,0.046972718089818954
V2.mp4,127,0,0,0.04323901981115341
V2.mp4,128,0,0,0.03349890559911728
V2.mp4,129,0,0,0.04384209215641022
V2.mp4,130,0,0,0.058569248765707016
V2.mp4,131,0,0,0.07380553334951401
V2.mp4,132,0,0,0.10004335641860962
V2.mp4,133,0,0,0.05443641543388367
V2.mp4,134,0,0,0.031178250908851624
V2.mp4,135,0,0,0.0323110967874527
V2.mp4,136,0,0,0.032806046307086945
V2.mp4,137,0,0,0.03459213674068451
V2.mp4,138,0,0,0.033758267760276794
V2.mp4,139,0,0,0.03677034378051758
V2.mp4,140,0,0,0.03612646088004112
V2.mp4,141,0,0,0.03477875888347626
V2.mp4,142,0,0,0.0358181968331337
V2.mp4,143,0,0,0.04045022279024124
V2.mp4,144,0,0,0.04575655236840248
V2.mp4,145,0,0,0.04801474139094353
V2.mp4,146,0,0,0.04918898269534111
V2.mp4,147,0,0,0.043452754616737366
V2.mp4,148,0,0,0.03592459857463837
V2.mp4,149,0,0,0.03652571141719818
V2.mp4,150,0,0,0.040250543504953384
V2.mp4,151,0,0,0.0425112247467041
V2.mp4,152,0,0,0.0536811538040638
V2.mp4,153,0,0,0.05176112428307533
V2.mp4,154,0,0,0.043312814086675644
V2.mp4,155,0,0,0.04403049498796463
V2.mp4,156,0,0,0.04048818722367287
V2.mp4,157,0,0,0.04353766888380051
V2.mp4,158,0,0,0.09326910227537155
V2.mp4,159,0,0,0.09075335413217545
V2.mp4,160,0,0,0.26835116744041443
V2.mp4,161,0,0,0.37827280163764954
V2.mp4,162,0,0,0.4910101294517517
V2.mp4,163,0,0,0.21228651702404022
V2.mp4,164,0,0,0.11882849037647247
V2.mp4,165,0,0,0.03131861239671707
V2.mp4,166,0,0,0.03800683841109276
V2.mp4,167,0,0,0.0386202447116375
V2.mp4,168,0,0,0.04732251539826393
V2.mp4,169,0,0,0.09558732062578201
V2.mp4,170,0,0,0.080215223133564
V2.mp4,171,0,0,0.07636568695306778
V2.mp4,172,0,0,0.16469091176986694
V2.mp4,173,0,0,0.3461650311946869
V2.mp4,174,0,0,0.02845851704478264
V2.mp4,175,0,0,0.008570671081542969
V2.mp4,176,0,0,0.008643059059977531
V2.mp4,177,0,0,0.007026458624750376
V2.mp4,178,0,0,0.03702399134635925
V2.mp4,179,0,0,0.037366364151239395
V2.mp4,180,0,0,0.05786103382706642
V2.mp4,181,0,0,0.10330496728420258
V2.mp4,182,0,0,0.08586328476667404
V2.mp4,183,0,0,0.07286334782838821
V2.mp4,184,0,0,0.09737533330917358
V2.mp4,185,0,0,0.05407681688666344
V2.mp4,186,0,0,0.07757526636123657
V2.mp4,187,0,0,0.16287562251091003
V2.mp4,188,0,0,0.2797117829322815
V2.mp4,189,0,0,0.2275904417037964
V2.mp4,190,0,0,0.45209255814552307
V2.mp4,191,0,0,0.011683303862810135
V2.mp4,192,0,0,0.008281002752482891
V2.mp4,193,0,0,0.008917472325265408
V2.mp4,194,0,0,0.010607787407934666
V2.mp4,195,0,0,0.011057045310735703
V2.mp4,196,0,0,0.013921879231929779
V2.mp4,197,0,0,0.014040788635611534
V2.mp4,198,0,0,0.011776772327721119
V2.mp4,199,0,0,0.009520677849650383
V2.mp4,200,0,0,0.007783139124512672
V2.mp4,201,0,0,0.030971795320510864
V2.mp4,202,0,0,0.17277640104293823
V2.mp4,203,0,0,0.021130181849002838
V2.mp4,204,0,0,0.04266281798481941
V2.mp4,205,0,0,0.4722275137901306
V2.mp4,206,0,0,0.30247068405151367
V2.mp4,207,0,0,0.1296870857477188
V2.mp4,208,0,0,0.026767630130052567
V2.mp4,209,0,0,0.026614878326654434
V2.mp4,210,0,0,0.02867424301803112
V2.mp4,211,0,0,0.031076982617378235
V2.mp4,212,0,0,0.03717077150940895
V2.mp4,213,0,0,0.03969091549515724
V2.mp4,214,0,0,0.037484392523765564
V2.mp4,215,0,0,0.034542493522167206
V2.mp4,216,0,0,0.03735946863889694
V2.mp4,217,0,0,0.034794896841049194
V2.mp4,218,0,0,0.03431219607591629
V2.mp4,219,0,0,0.035580769181251526
V2.mp4,220,0,0,0.03874635696411133
V2.mp4,221,0,0,0.03395187854766846
V2.mp4,222,0,0,0.041411325335502625
V2.mp4,223,0,0,0.038551535457372665
V2.mp4,224,0,0,0.04351187124848366
V2.mp4,225,0,0,0.04660995304584503
V2.mp4,226,0,0,0.05099434778094292
V2.mp4,227,0,0,0.04778453707695007
V2.mp4,228,0,0,0.3023560643196106
V2.mp4,229,0,0,0.42853063344955444
V2.mp4,230,0,1,0.5339385271072388
V2.mp4,231,0,0,0.3915042579174042
V2.mp4,232,0,1,0.5368590354919434
V2.mp4,233,0,1,0.6247111558914185
V2.mp4,234,0,0,0.29096519947052
V2.mp4,235,0,0,0.038739584386348724
V2.mp4,236,0,0,0.07147368788719177
V2.mp4,237,0,0,0.15658682584762573
V2.mp4,238,0,0,0.11805692315101624
V2.mp4,239,0,0,0.03853726387023926
V2.mp4,240,0,0,0.03853726387023926
V2.mp4,241,0,0,0.03853726387023926
V2.mp4,242,0,0,0.03853726387023926
V2.mp4,243,0,0,0.03853726387023926
V2.mp4,244,0,0,0.03853726387023926
V2.mp4,245,0,0,0.03853726387023926
V2.mp4,246,0,0,0.03853726387023926
V2.mp4,247,0,0,0.03853726387023926
V2.mp4,248,0,0,0.03853726387023926
V2.mp4,249,0,0,0.03853726387023926
V20.mp4,1,0,1,0.5402743220329285
V20.mp4,2,0,0,0.4086461663246155
V20.mp4,3,0,0,0.14706827700138092
V20.mp4,4,0,0,0.14932279288768768
V20.mp4,5,0,0,0.1245252713561058
V20.mp4,6,0,0,0.23458988964557648
V20.mp4,7,0,0,0.2987186312675476
V20.mp4,8,0,0,0.38240480422973633
V20.mp4,9,0,0,0.2622458040714264
V20.mp4,10,0,0,0.1095598042011261
V20.mp4,11,0,0,0.08965836465358734
V20.mp4,12,0,0,0.13837528228759766
V20.mp4,13,0,0,0.21321822702884674
V20.mp4,14,0,0,0.23160552978515625
V20.mp4,15,0,0,0.18684545159339905
V20.mp4,16,0,0,0.23891779780387878
V20.mp4,17,0,0,0.16380101442337036
V20.mp4,18,0,0,0.08184491842985153
V20.mp4,19,0,0,0.06696850806474686
V20.mp4,20,0,0,0.11185602843761444
V20.mp4,21,0,0,0.08367720246315002
V20.mp4,22,0,0,0.07707478106021881
V20.mp4,23,0,0,0.160781130194664
V20.mp4,24,0,0,0.2171855866909027
V20.mp4,25,0,0,0.23172587156295776
V20.mp4,26,0,0,0.21703557670116425
V20.mp4,27,0,0,0.23445987701416016
V20.mp4,28,0,0,0.21241407096385956
V20.mp4,29,0,0,0.1724151223897934
V20.mp4,30,0,0,0.12129759043455124
V20.mp4,31,0,0,0.18114495277404785
V20.mp4,32,0,0,0.20798300206661224
V20.mp4,33,0,0,0.21834853291511536
V20.mp4,34,0,0,0.20391729474067688
V20.mp4,35,0,0,0.14906862378120422
V20.mp4,36,0,0,0.07287581264972687
V20.mp4,37,0,0,0.044123947620391846
V20.mp4,38,0,0,0.05903913080692291
V20.mp4,39,0,0,0.1443510502576828
V20.mp4,40,0,0,0.18449023365974426
V20.mp4,41,0,0,0.14582672715187073
V20.mp4,42,0,0,0.2545511722564697
V20.mp4,43,0,0,0.301980584859848
V20.mp4,44,0,0,0.2852244973182678
V20.mp4,45,0,0,0.22783103585243225
V20.mp4,46,0,0,0.17073743045330048
V20.mp4,47,0,0,0.11577045172452927
V20.mp4,48,0,0,0.15343640744686127
V20.mp4,49,0,0,0.1793302744626999
V20.mp4,50,0,0,0.2144670933485031
V20.mp4,51,0,0,0.15798935294151306
V20.mp4,52,0,0,0.17419463396072388
V20.mp4,53,0,0,0.21035729348659515
V20.mp4,54,0,0,0.1694910079240799
V20.mp4,55,0,0,0.19642756879329681
V20.mp4,56,0,0,0.20920518040657043
V20.mp4,57,0,0,0.21225768327713013
V20.mp4,58,0,0,0.16827943921089172
V20.mp4,59,0,0,0.14062511920928955
V20.mp4,60,0,0,0.12306167185306549
V20.mp4,61,0,0,0.10902536660432816
V20.mp4,62,0,0,0.10675162076950073
V20.mp4,63,0,0,0.09435094892978668
V20.mp4,64,0,0,0.08126288652420044
V20.mp4,65,0,0,0.11722259968519211
V20.mp4,66,0,0,0.2857741713523865
V20.mp4,67,0,0,0.19477301836013794
V20.mp4,68,0,0,0.13661734759807587
V20.mp4,69,0,0,0.10978161543607712
V20.mp4,70,0,0,0.11042182147502899
V20.mp4,71,0,0,0.11377260088920593
V20.mp4,72,0,0,0.11882223933935165
V20.mp4,73,0,0,0.1238643005490303
V20.mp4,74,0,0,0.11837290972471237
V20.mp4,75,0,0,0.1046411469578743
V20.mp4,76,0,0,0.07136151194572449
V20.mp4,77,0,0,0.07931031286716461
V20.mp4,78,0,0,0.10466047376394272
V20.mp4,79,0,0,0.1034148558974266
V20.mp4,80,0,0,0.11783916503190994
V20.mp4,81,0,0,0.1288248747587204
V20.mp4,82,0,0,0.13653229176998138
V20.mp4,83,0,0,0.17292273044586182
V20.mp4,84,0,0,0.21682272851467133
V20.mp4,85,0,0,0.315555214881897
V20.mp4,86,0,0,0.15675309300422668
V20.mp4,87,0,0,0.14030422270298004
V20.mp4,88,0,0,0.09814723581075668
V20.mp4,89,0,0,0.06632569432258606
V20.mp4,90,0,0,0.04873334988951683
V20.mp4,91,0,0,0.052587658166885376
V20.mp4,92,0,0,0.0753268152475357
V20.mp4,93,0,0,0.0928197130560875
V20.mp4,94,0,0,0.0767030417919159
V20.mp4,95,0,0,0.07119937241077423
V20.mp4,96,0,0,0.06635942310094833
V20.mp4,97,0,0,0.0634293407201767
V20.mp4,98,0,0,0.07378353923559189
V20.mp4,99,0,0,0.085958331823349
V20.mp4,100,0,0,0.0964270606637001
V20.mp4,101,0,0,0.09878561645746231
V20.mp4,102,0,0,0.09964626282453537
V20.mp4,103,0,0,0.08929964154958725
V20.mp4,104,0,0,0.07400931417942047
V20.mp4,105,0,0,0.047435566782951355
V20.mp4,106,0,0,0.06122635304927826
V20.mp4,107,0,0,0.11151989549398422
V20.mp4,108,0,0,0.07482290267944336
V20.mp4,109,0,0,0.06109663099050522
V20.mp4,110,0,0,0.05189786106348038
V20.mp4,111,0,0,0.0707457885146141
V20.mp4,112,0,0,0.06294815987348557
V20.mp4,113,0,0,0.05804120749235153
V20.mp4,114,0,0,0.05221167951822281
V20.mp4,115,0,0,0.05796803534030914
V20.mp4,116,0,0,0.06541521102190018
V20.mp4,117,0,0,0.14876793324947357
V20.mp4,118,0,0,0.09092694520950317
V20.mp4,119,0,0,0.2049877792596817
V20.mp4,120,0,1,0.908458948135376
V20.mp4,121,0,1,0.9634262323379517
V20.mp4,122,1,1,0.9584763646125793
V20.mp4,123,1,1,0.8669172525405884
V20.mp4,124,1,0,0.25060543417930603
V20.mp4,125,1,0,0.4141155481338501
V20.mp4,126,1,1,0.8817140460014343
V20.mp4,127,0,1,0.7567633390426636
V20.mp4,128,0,1,0.6982851028442383
V20.mp4,129,0,1,0.7013601064682007
V20.mp4,130,0,1,0.8384201526641846
V20.mp4,131,0,1,0.8329218029975891
V20.mp4,132,0,1,0.8126066327095032
V20.mp4,133,0,1,0.6971677541732788
V20.mp4,134,0,0,0.33399689197540283
V20.mp4,135,0,0,0.1394651085138321
V20.mp4,136,0,0,0.11902947723865509
V20.mp4,137,0,0,0.09293272346258163
V20.mp4,138,0,0,0.10060548782348633
V20.mp4,139,0,0,0.12799613177776337
V20.mp4,140,0,0,0.1269800066947937
V20.mp4,141,0,0,0.07893001288175583
V20.mp4,142,0,0,0.05292108282446861
V20.mp4,143,0,0,0.05424205958843231
V20.mp4,144,0,0,0.08099401742219925
V20.mp4,145,0,0,0.10554657876491547
V20.mp4,146,0,0,0.14820635318756104
V20.mp4,147,0,0,0.18171821534633636
V20.mp4,148,0,0,0.2117857038974762
V20.mp4,149,0,0,0.13847005367279053
V20.mp4,150,0,0,0.10036320239305496
V20.mp4,151,0,0,0.07314899563789368
V20.mp4,152,0,0,0.06953844428062439
V20.mp4,153,0,0,0.06788316369056702
V20.mp4,154,0,0,0.06324311345815659
V20.mp4,155,0,0,0.09585199505090714
V20.mp4,156,0,1,0.6121813654899597
V20.mp4,157,0,0,0.12242438644170761
V20.mp4,158,0,0,0.3222098648548126
V20.mp4,159,0,1,0.7317479252815247
V20.mp4,160,0,1,0.7208483815193176
V20.mp4,161,0,1,0.7285013794898987
V20.mp4,162,0,1,0.5440704822540283
V20.mp4,163,0,1,0.7780066132545471
V20.mp4,164,0,1,0.9188766479492188
V20.mp4,165,0,1,0.9011955261230469
V20.mp4,166,0,1,0.7961760759353638
V20.mp4,167,0,1,0.696887731552124
V20.mp4,168,0,1,0.6233119368553162
V20.mp4,169,0,1,0.7386897206306458
V20.mp4,170,0,1,0.8472875952720642
V20.mp4,171,0,1,0.6304250359535217
V20.mp4,172,0,0,0.2807702422142029
V20.mp4,173,0,0,0.153506800532341
V20.mp4,174,0,0,0.11866958439350128
V20.mp4,175,0,0,0.08835511654615402
V20.mp4,176,0,0,0.41870221495628357
V20.mp4,177,0,0,0.39314356446266174
V20.mp4,178,0,1,0.5554383397102356
V20.mp4,179,0,0,0.20079617202281952
V20.mp4,180,0,0,0.051369212567806244
V20.mp4,181,0,0,0.05272794887423515
V20.mp4,182,0,0,0.1085284948348999
V20.mp4,183,0,0,0.08750341087579727
V20.mp4,184,0,0,0.05329965427517891
V20.mp4,185,0,0,0.047731127589941025
V20.mp4,186,0,0,0.07425181567668915
V20.mp4,187,0,0,0.05548981949687004
V20.mp4,188,0,0,0.1306958943605423
V20.mp4,189,0,0,0.3231077790260315
V20.mp4,190,0,0,0.31238436698913574
V20.mp4,191,0,0,0.15929880738258362
V20.mp4,192,0,0,0.06349615752696991
V20.mp4,193,0,0,0.04617716744542122
V20.mp4,194,0,0,0.044798485934734344
V20.mp4,195,0,0,0.04457681626081467
V20.mp4,196,0,0,0.04046391695737839
V20.mp4,197,0,0,0.03804377093911171
V20.mp4,198,0,0,0.051557257771492004
V20.mp4,199,0,0,0.06606105715036392
V20.mp4,200,0,0,0.12529274821281433
V20.mp4,201,0,0,0.11665922403335571
V20.mp4,202,0,0,0.1508183628320694
V20.mp4,203,0,1,0.6716797947883606
V20.mp4,204,0,0,0.2029556930065155
V20.mp4,205,0,0,0.08984915912151337
V20.mp4,206,0,0,0.08365803211927414
V20.mp4,207,0,0,0.11051888018846512
V20.mp4,208,0,0,0.10771182179450989
V20.mp4,209,0,0,0.08012349903583527
V20.mp4,210,0,0,0.06024273857474327
V20.mp4,211,0,0,0.08011312037706375
V20.mp4,212,0,0,0.08949211239814758
V20.mp4,213,0,0,0.08648447692394257
V20.mp4,214,0,0,0.06492478400468826
V20.mp4,215,0,0,0.06950385123491287
V20.mp4,216,0,0,0.07434611022472382
V20.mp4,217,0,0,0.06929932534694672
V20.mp4,218,0,0,0.05925026535987854
V20.mp4,219,0,0,0.0601055808365345
V20.mp4,220,0,0,0.06360235810279846
V20.mp4,221,0,0,0.06140172854065895
V20.mp4,222,0,0,0.056986093521118164
V20.mp4,223,0,0,0.055914267897605896
V20.mp4,224,0,0,0.059588611125946045
V20.mp4,225,0,0,0.06037387624382973
V20.mp4,226,0,0,0.069090835750103
V20.mp4,227,0,0,0.49835532903671265
V20.mp4,228,0,1,0.7869641184806824
V20.mp4,229,0,1,0.6793070435523987
V20.mp4,230,0,0,0.061305392533540726
V20.mp4,231,0,0,0.05838559567928314
V20.mp4,232,0,0,0.0686601921916008
V20.mp4,233,0,0,0.08006907999515533
V20.mp4,234,0,0,0.08721921592950821
V20.mp4,235,0,0,0.08649622648954391
V20.mp4,236,0,0,0.07865825295448303
V20.mp4,237,0,0,0.07348154485225677
V20.mp4,238,0,0,0.06756708770990372
V20.mp4,239,0,0,0.06076766178011894
V20.mp4,240,0,0,0.05837927758693695
V20.mp4,241,0,0,0.06013239175081253
V20.mp4,242,0,0,0.06333288550376892
V20.mp4,243,0,0,0.0761934444308281
V20.mp4,244,0,0,0.09362167865037918
V20.mp4,245,0,0,0.08401315659284592
V20.mp4,246,0,0,0.06705574691295624
V20.mp4,247,0,0,0.05712176859378815
V20.mp4,248,0,0,0.058149922639131546
V20.mp4,249,0,0,0.05735228583216667
V20.mp4,250,0,0,0.05848030000925064
V20.mp4,251,0,0,0.0617390051484108
V20.mp4,252,0,0,0.06978300958871841
V20.mp4,253,0,0,0.07853706926107407
V20.mp4,254,0,0,0.08626159280538559
V20.mp4,255,0,0,0.08639252930879593
V20.mp4,256,0,0,0.08639252930879593
V20.mp4,257,0,0,0.08639252930879593
V20.mp4,258,0,0,0.08639252930879593
V20.mp4,259,0,0,0.08639252930879593
V20.mp4,260,0,0,0.08639252930879593
V20.mp4,261,0,0,0.08639252930879593
V20.mp4,262,0,0,0.08639252930879593
V20.mp4,263,0,0,0.08639252930879593
V20.mp4,264,0,0,0.08639252930879593
V20.mp4,265,0,0,0.08639252930879593
V20.mp4,266,0,0,0.08639255166053772
V3.mp4,1,0,1,0.5429461598396301
V3.mp4,2,0,0,0.35857152938842773
V3.mp4,3,0,0,0.02610073797404766
V3.mp4,4,0,0,0.04907194525003433
V3.mp4,5,0,0,0.04261590540409088
V3.mp4,6,0,0,0.06318289041519165
V3.mp4,7,0,0,0.047260090708732605
V3.mp4,8,0,0,0.04184482619166374
V3.mp4,9,0,0,0.079072006046772
V3.mp4,10,0,0,0.10508088767528534
V3.mp4,11,0,0,0.17345722019672394
V3.mp4,12,0,0,0.10589980334043503
V3.mp4,13,0,0,0.03590283915400505
V3.mp4,14,0,0,0.028063498437404633
V3.mp4,15,0,0,0.0317041389644146
V3.mp4,16,0,0,0.031956858932971954
V3.mp4,17,0,0,0.054352231323719025
V3.mp4,18,0,0,0.14349406957626343
V3.mp4,19,0,1,0.6855485439300537
V3.mp4,20,0,1,0.5467215180397034
V3.mp4,21,0,0,0.15482263267040253
V3.mp4,22,0,0,0.3534109592437744
V3.mp4,23,0,0,0.23668009042739868
V3.mp4,24,0,0,0.3744567632675171
V3.mp4,25,0,0,0.07162682712078094
V3.mp4,26,0,0,0.1555938869714737
V3.mp4,27,0,1,0.9484100341796875
V3.mp4,28,0,0,0.04334145784378052
V3.mp4,29,0,0,0.09419673681259155
V3.mp4,30,0,0,0.02859213575720787
V3.mp4,31,0,0,0.027323206886649132
V3.mp4,32,0,0,0.05170751363039017
V3.mp4,33,0,0,0.057808831334114075
V3.mp4,34,0,0,0.14758288860321045
V3.mp4,35,0,0,0.06686332821846008
V3.mp4,36,0,0,0.03420398384332657
V3.mp4,37,0,0,0.027256472036242485
V3.mp4,38,0,0,0.030562404543161392
V3.mp4,39,0,0,0.043325766921043396
V3.mp4,40,0,0,0.07320113480091095
V3.mp4,41,0,0,0.2164381742477417
V3.mp4,42,0,0,0.41407644748687744
V3.mp4,43,0,1,0.911862313747406
V3.mp4,44,0,0,0.03537891060113907
V3.mp4,45,0,0,0.14024433493614197
V3.mp4,46,0,0,0.08768206834793091
V3.mp4,47,0,0,0.2106737345457077
V3.mp4,48,0,0,0.03982332721352577
V3.mp4,49,0,0,0.023827042430639267
V3.mp4,50,0,0,0.023154212161898613
V3.mp4,51,0,0,0.030942199751734734
V3.mp4,52,0,0,0.0355624184012413
V3.mp4,53,0,0,0.061680447310209274
V3.mp4,54,0,0,0.10175203531980515
V3.mp4,55,0,0,0.25052279233932495
V3.mp4,56,0,1,0.5911765098571777
V3.mp4,57,0,0,0.06899013370275497
V3.mp4,58,0,0,0.06311504542827606
V3.mp4,59,0,0,0.07904449105262756
V3.mp4,60,0,0,0.12394856661558151
V3.mp4,61,0,0,0.02814607508480549
V3.mp4,62,0,1,0.9832999110221863
V3.mp4,63,0,0,0.048896048218011856
V3.mp4,64,0,0,0.029751557856798172
V3.mp4,65,0,0,0.034418441355228424
V3.mp4,66,0,0,0.03759807348251343
V3.mp4,67,0,0,0.062374863773584366
V3.mp4,68,0,0,0.30210793018341064
V3.mp4,69,0,1,0.9766407608985901
V3.mp4,70,0,1,0.9776622653007507
V3.mp4,71,0,1,0.9894243478775024
V3.mp4,72,0,1,0.9878354668617249
V3.mp4,73,1,1,0.9896630644798279
V3.mp4,74,1,1,0.9880682826042175
V3.mp4,75,1,1,0.9860519170761108
V3.mp4,76,1,1,0.9892706871032715
V3.mp4,77,1,1,0.9887927174568176
V3.mp4,78,0,1,0.9865081310272217
V3.mp4,79,0,1,0.9853109121322632
V3.mp4,80,0,1,0.905042290687561
V3.mp4,81,0,1,0.9768733978271484
V3.mp4,82,0,0,0.12080107629299164
V3.mp4,83,0,1,0.9148787260055542
V3.mp4,84,0,1,0.9297322630882263
V3.mp4,85,0,1,0.8799528479576111
V3.mp4,86,0,1,0.9144277572631836
V3.mp4,87,0,0,0.3200162351131439
V3.mp4,88,0,1,0.7682442665100098
V3.mp4,89,0,1,0.9259091019630432
V3.mp4,90,0,1,0.8830398917198181
V3.mp4,91,0,1,0.8624250292778015
V3.mp4,92,0,0,0.06792063266038895
V3.mp4,93,0,0,0.2319699078798294
V3.mp4,94,0,0,0.09983544796705246
V3.mp4,95,0,0,0.22414402663707733
V3.mp4,96,0,0,0.4228884279727936
V3.mp4,97,0,0,0.1955130249261856
V3.mp4,98,0,0,0.1005813404917717
V3.mp4,99,0,0,0.132713183760643
V3.mp4,100,0,1,0.5243145823478699
V3.mp4,101,0,0,0.0245729498565197
V3.mp4,102,0,0,0.040679480880498886
V3.mp4,103,0,0,0.033366262912750244
V3.mp4,104,0,0,0.04089853912591934
V3.mp4,105,0,0,0.027144500985741615
V3.mp4,106,0,0,0.02607283741235733
V3.mp4,107,0,0,0.027736296877264977
V3.mp4,108,0,0,0.0526324063539505
V3.mp4,109,0,0,0.03598494082689285
V3.mp4,110,0,0,0.06262049823999405
V3.mp4,111,0,0,0.03683391585946083
V3.mp4,112,0,0,0.021670067682862282
V3.mp4,113,0,0,0.06918302923440933
V3.mp4,114,0,0,0.04278223589062691
V3.mp4,115,0,0,0.07317084819078445
V3.mp4,116,0,0,0.02795894630253315
V3.mp4,117,0,0,0.03401992470026016
V3.mp4,118,0,0,0.02782480977475643
V3.mp4,119,0,0,0.04183567315340042
V3.mp4,120,0,0,0.11919699609279633
V3.mp4,121,0,0,0.19791652262210846
V3.mp4,122,0,0,0.0685758963227272
V3.mp4,123,0,0,0.048318564891815186
V3.mp4,124,0,0,0.04908718913793564
V3.mp4,125,0,0,0.10155772417783737
V3.mp4,126,0,0,0.03125111013650894
V3.mp4,127,0,0,0.12550108134746552
V3.mp4,128,0,1,0.5065337419509888
V3.mp4,129,0,1,0.5703733563423157
V3.mp4,130,0,1,0.8692802786827087
V3.mp4,131,0,1,0.7324932813644409
V3.mp4,132,0,0,0.190872922539711
V3.mp4,133,0,1,0.7033167481422424
V3.mp4,134,0,1,0.6933498382568359
V3.mp4,135,0,0,0.4896094501018524
V3.mp4,136,0,0,0.4028608798980713
V3.mp4,137,0,0,0.24790070950984955
V3.mp4,138,0,1,0.5698643922805786
V3.mp4,139,0,0,0.2579537630081177
V3.mp4,140,0,0,0.06429067999124527
V3.mp4,141,0,0,0.1206236481666565
V3.mp4,142,0,0,0.28745654225349426
V3.mp4,143,0,1,0.5348144769668579
V3.mp4,144,0,0,0.25612694025039673
V3.mp4,145,0,0,0.05196048691868782
V3.mp4,146,0,0,0.05634164437651634
V3.mp4,147,0,0,0.20645451545715332
V3.mp4,148,0,0,0.15439748764038086
V3.mp4,149,0,0,0.2571169435977936
V3.mp4,150,0,0,0.06904713064432144
V3.mp4,151,0,0,0.17849284410476685
V4.mp4,1,0,0,0.16918930411338806
V4.mp4,2,0,0,0.14181065559387207
V4.mp4,3,0,0,0.02240060642361641
V4.mp4,4,0,0,0.023480739444494247
V4.mp4,5,0,0,0.015573869459331036
V4.mp4,6,0,0,0.014602461829781532
V4.mp4,7,0,0,0.011642158962786198
V4.mp4,8,0,0,0.01881616748869419
V4.mp4,9,0,0,0.013437715359032154
V4.mp4,10,0,0,0.016803227365016937
V4.mp4,11,0,0,0.011342967860400677
V4.mp4,12,0,0,0.011401069350540638
V4.mp4,13,0,0,0.010858742520213127
V4.mp4,14,0,0,0.01172154862433672
V4.mp4,15,0,0,0.01387476734817028
V4.mp4,16,0,0,0.014874523505568504
V4.mp4,17,0,0,0.013360458426177502
V4.mp4,18,0,0,0.013485753908753395
V4.mp4,19,0,0,0.014158742502331734
V4.mp4,20,0,0,0.012625579722225666
V4.mp4,21,0,0,0.011172392405569553
V4.mp4,22,0,0,0.020348189398646355
V4.mp4,23,0,0,0.014083702117204666
V4.mp4,24,0,0,0.017964890226721764
V4.mp4,25,0,0,0.011317958123981953
V4.mp4,26,0,0,0.011934990994632244
V4.mp4,27,0,0,0.011931919492781162
V4.mp4,28,0,0,0.012445368804037571
V4.mp4,29,0,0,0.012726295739412308
V4.mp4,30,0,0,0.012291434220969677
V4.mp4,31,0,0,0.011250722222030163
V4.mp4,32,0,0,0.018119310960173607
V4.mp4,33,0,0,0.018771037459373474
V4.mp4,34,0,1,0.9358150959014893
V4.mp4,35,1,1,0.9866020679473877
V4.mp4,36,1,1,0.9866206645965576
V4.mp4,37,1,1,0.9673957824707031
V4.mp4,38,1,1,0.9822049736976624
V4.mp4,39,1,1,0.5361774563789368
V4.mp4,40,0,0,0.19820557534694672
V4.mp4,41,0,0,0.14990641176700592
V4.mp4,42,0,0,0.20422734320163727
V4.mp4,43,0,0,0.4912373125553131
V4.mp4,44,0,1,0.727485179901123
V4.mp4,45,0,0,0.048148222267627716
V4.mp4,46,0,0,0.09278488159179688
V4.mp4,47,0,0,0.0094224838539958
V4.mp4,48,0,0,0.009687021374702454
V4.mp4,49,0,0,0.009970180690288544
V4.mp4,50,0,0,0.010114987380802631
V4.mp4,51,0,0,0.010440031066536903
V4.mp4,52,0,0,0.010311916470527649
V4.mp4,53,0,0,0.009054002352058887
V4.mp4,54,0,0,0.019621027633547783
V4.mp4,55,0,0,0.02397812530398369
V4.mp4,56,0,0,0.04905788227915764
V4.mp4,57,0,0,0.07410215586423874
V4.mp4,58,0,0,0.1326410174369812
V4.mp4,59,0,1,0.5317893624305725
V4.mp4,60,0,1,0.753393828868866
V4.mp4,61,0,0,0.008731807582080364
V4.mp4,62,0,0,0.007793958764523268
V4.mp4,63,0,0,0.006926160305738449
V4.mp4,64,0,0,0.09367462247610092
V4.mp4,65,0,0,0.09524890780448914
V4.mp4,66,0,0,0.08983995020389557
V4.mp4,67,0,0,0.4106948673725128
V4.mp4,68,0,1,0.5850329995155334
V4.mp4,69,0,0,0.3070232570171356
V4.mp4,70,0,0,0.009300961159169674
V4.mp4,71,0,0,0.009791824966669083
V4.mp4,72,0,0,0.009107460267841816
V4.mp4,73,0,0,0.00904091540724039
V4.mp4,74,0,0,0.008855152875185013
V4.mp4,75,0,0,0.007756160572171211
V4.mp4,76,0,0,0.0073722293600440025
V5.mp4,1,0,1,0.7562462091445923
V5.mp4,2,0,1,0.8070424795150757
V5.mp4,3,0,0,0.11127737164497375
V5.mp4,4,0,0,0.1326458901166916
V5.mp4,5,0,0,0.48287639021873474
V5.mp4,6,0,1,0.841590940952301
V5.mp4,7,0,1,0.9822277426719666
V5.mp4,8,0,1,0.9228389859199524
V5.mp4,9,0,1,0.9641101956367493
V5.mp4,10,0,1,0.9596230387687683
V5.mp4,11,0,0,0.17893484234809875
V5.mp4,12,0,0,0.1302431970834732
V5.mp4,13,0,0,0.2940659821033478
V5.mp4,14,0,0,0.2501777112483978
V5.mp4,15,0,0,0.4955854117870331
V5.mp4,16,0,1,0.8952815532684326
V5.mp4,17,0,1,0.9129201769828796
V5.mp4,18,0,0,0.07982330024242401
V5.mp4,19,0,1,0.6582845449447632
V5.mp4,20,0,1,0.843437910079956
V5.mp4,21,0,1,0.6142632961273193
V5.mp4,22,0,0,0.44129714369773865
V5.mp4,23,0,0,0.10953187197446823
V5.mp4,24,0,0,0.20829738676548004
V5.mp4,25,0,0,0.36051350831985474
V5.mp4,26,0,0,0.3015069365501404
V5.mp4,27,0,0,0.04306267946958542
V5.mp4,28,0,0,0.09713258594274521
V5.mp4,29,0,0,0.34247276186943054
V5.mp4,30,0,0,0.4870098829269409
V5.mp4,31,0,1,0.515741229057312
V5.mp4,32,0,1,0.6553430557250977
V5.mp4,33,0,1,0.7775072455406189
V5.mp4,34,0,0,0.20462587475776672
V5.mp4,35,0,0,0.08517491817474365
V5.mp4,36,0,0,0.05228321626782417
V5.mp4,37,0,0,0.030263585969805717
V5.mp4,38,0,0,0.03824885934591293
V5.mp4,39,0,0,0.2568405270576477
V5.mp4,40,0,0,0.3770715594291687
V5.mp4,41,0,0,0.2523960769176483
V5.mp4,42,0,0,0.35589179396629333
V5.mp4,43,0,0,0.08554288744926453
V5.mp4,44,0,0,0.1611052006483078
V5.mp4,45,0,1,0.7128047347068787
V5.mp4,46,0,1,0.7336908578872681
V5.mp4,47,0,1,0.906122088432312
V5.mp4,48,0,1,0.8394947052001953
V5.mp4,49,0,0,0.12998215854167938
V5.mp4,50,0,0,0.18510329723358154
V5.mp4,51,0,0,0.15452712774276733
V5.mp4,52,0,0,0.039401840418577194
V5.mp4,53,0,0,0.23408633470535278
V5.mp4,54,0,0,0.26425546407699585
V5.mp4,55,0,1,0.5777150392532349
V5.mp4,56,0,0,0.12347014248371124
V5.mp4,57,0,0,0.06022593379020691
V5.mp4,58,0,1,0.9795008897781372
V5.mp4,59,1,1,0.9797178506851196
V5.mp4,60,1,1,0.9797558784484863
V5.mp4,61,1,1,0.979665219783783
V5.mp4,62,1,1,0.9808986783027649
V5.mp4,63,1,1,0.9813292026519775
V5.mp4,64,0,1,0.9639092087745667
V5.mp4,65,0,1,0.9217420816421509
V5.mp4,66,0,1,0.792779266834259
V5.mp4,67,0,0,0.49747228622436523
V5.mp4,68,0,0,0.33793091773986816
V5.mp4,69,0,1,0.7593498826026917
V5.mp4,70,0,0,0.3407793939113617
V5.mp4,71,0,0,0.23127533495426178
V5.mp4,72,0,0,0.027613511309027672
V5.mp4,73,0,0,0.037613678723573685
V5.mp4,74,0,0,0.10894744098186493
V5.mp4,75,0,1,0.6888560652732849
V5.mp4,76,0,0,0.2683783173561096
V5.mp4,77,0,0,0.33548295497894287
V5.mp4,78,0,1,0.9155833125114441
V5.mp4,79,0,1,0.9052702188491821
V5.mp4,80,0,1,0.7726220488548279
V5.mp4,81,0,0,0.4295216202735901
V5.mp4,82,0,1,0.6661956906318665
V5.mp4,83,0,1,0.6485921144485474
V5.mp4,84,0,1,0.5771969556808472
V5.mp4,85,0,0,0.06626064330339432
V5.mp4,86,0,0,0.04851191118359566
V5.mp4,87,0,0,0.036554474383592606
V5.mp4,88,0,0,0.039227236062288284
V5.mp4,89,0,0,0.031713712960481644
V5.mp4,90,0,0,0.4895651042461395
V5.mp4,91,0,0,0.4508233070373535
V5.mp4,92,0,1,0.8396753668785095
V5.mp4,93,0,1,0.7469463348388672
V5.mp4,94,0,0,0.04388169199228287
V5.mp4,95,0,0,0.06443479657173157
V5.mp4,96,0,0,0.13072626292705536
V5.mp4,97,0,0,0.21057763695716858
V5.mp4,98,0,0,0.015414677560329437
V5.mp4,99,0,0,0.024041345342993736
V6.mp4,1,0,1,0.9502877593040466
V6.mp4,2,0,1,0.9609817862510681
V6.mp4,3,0,1,0.6270400881767273
V6.mp4,4,0,0,0.35095515847206116
V6.mp4,5,0,1,0.7075901031494141
V6.mp4,6,0,1,0.5097119808197021
V6.mp4,7,0,0,0.1400556117296219
V6.mp4,8,0,0,0.08136682957410812
V6.mp4,9,0,0,0.0662381649017334
V6.mp4,10,0,1,0.5819598436355591
V6.mp4,11,0,0,0.20493406057357788
V6.mp4,12,0,0,0.14700300991535187
V6.mp4,13,0,0,0.1011718288064003
V6.mp4,14,0,0,0.06276830285787582
V6.mp4,15,0,0,0.08241322636604309
V6.mp4,16,0,0,0.059707678854465485
V6.mp4,17,0,0,0.10046566277742386
V6.mp4,18,0,0,0.09269030392169952
V6.mp4,19,0,0,0.12247110903263092
V6.mp4,20,0,0,0.10939428210258484
V6.mp4,21,0,0,0.052560821175575256
V6.mp4,22,0,0,0.06333785504102707
V6.mp4,23,0,0,0.11302324384450912
V6.mp4,24,0,0,0.17966613173484802
V6.mp4,25,0,0,0.19487810134887695
V6.mp4,26,0,1,0.6017506718635559
V6.mp4,27,0,0,0.28945136070251465
V6.mp4,28,0,0,0.09178412705659866
V6.mp4,29,0,0,0.3056372106075287
V6.mp4,30,0,0,0.08083663135766983
V6.mp4,31,0,0,0.0907076969742775
V6.mp4,32,0,0,0.05602264776825905
V6.mp4,33,0,0,0.06369681656360626
V6.mp4,34,0,0,0.2331673949956894
V6.mp4,35,0,0,0.3365279734134674
V6.mp4,36,0,0,0.2140905261039734
V6.mp4,37,0,0,0.10741224139928818
V6.mp4,38,0,0,0.12260191142559052
V6.mp4,39,0,0,0.11382464319467545
V6.mp4,40,0,0,0.11746237426996231
V6.mp4,41,0,0,0.0909549817442894
V6.mp4,42,0,0,0.17795690894126892
V6.mp4,43,0,1,0.6354404091835022
V6.mp4,44,0,0,0.2988518178462982
V6.mp4,45,0,1,0.8231037259101868
V6.mp4,46,0,1,0.7958022952079773
V6.mp4,47,0,1,0.7327138781547546
V6.mp4,48,0,1,0.6179300546646118
V6.mp4,49,0,0,0.2574305236339569
V6.mp4,50,0,0,0.09389211982488632
V6.mp4,51,0,0,0.05370001494884491
V6.mp4,52,0,0,0.031015558168292046
V6.mp4,53,0,0,0.345770001411438
V6.mp4,54,0,0,0.02010476402938366
V6.mp4,55,0,0,0.017810361459851265
V6.mp4,56,1,0,0.022297147661447525
V6.mp4,57,1,0,0.4555191397666931
V6.mp4,58,1,1,0.9837973713874817
V6.mp4,59,1,1,0.9853212237358093
V6.mp4,60,1,1,0.9895232319831848
V6.mp4,61,0,1,0.9724830985069275
V6.mp4,62,0,1,0.807591438293457
V6.mp4,63,0,0,0.1950995922088623
V6.mp4,64,0,0,0.1660226583480835
V6.mp4,65,0,0,0.07271026819944382
V6.mp4,66,0,1,0.9547247886657715
V6.mp4,67,0,1,0.9503306746482849
V6.mp4,68,0,1,0.9493894577026367
V6.mp4,69,0,1,0.9193304181098938
V6.mp4,70,0,1,0.7676190137863159
V6.mp4,71,0,1,0.6239790320396423
V6.mp4,72,0,0,0.04476642608642578
V6.mp4,73,0,0,0.02586245723068714
V6.mp4,74,0,0,0.04461686313152313
V6.mp4,75,0,1,0.9535612463951111
V6.mp4,76,0,1,0.9518605470657349
V6.mp4,77,0,1,0.970796525478363
V6.mp4,78,0,1,0.9532474279403687
V6.mp4,79,0,1,0.9101578593254089
V6.mp4,80,0,0,0.481340229511261
V6.mp4,81,0,0,0.12843450903892517
V6.mp4,82,0,0,0.01744435727596283
V6.mp4,83,0,0,0.018150413408875465
V6.mp4,84,0,0,0.03408696874976158
V6.mp4,85,0,0,0.02639995701611042
V6.mp4,86,0,0,0.055328842252492905
V6.mp4,87,0,0,0.04025895893573761
V6.mp4,88,0,0,0.026414480060338974
V6.mp4,89,0,0,0.019955400377511978
V6.mp4,90,0,0,0.08614759892225266
V6.mp4,91,0,0,0.2423935979604721
V6.mp4,92,0,1,0.8600018620491028
V6.mp4,93,0,0,0.10122886300086975
V6.mp4,94,0,0,0.058126818388700485
V6.mp4,95,0,0,0.08819394558668137
V6.mp4,96,0,0,0.0373527854681015
V6.mp4,97,0,0,0.036971315741539
V6.mp4,98,0,0,0.05587714910507202
V6.mp4,99,0,0,0.27132144570350647
V6.mp4,100,0,0,0.05229909345507622
V6.mp4,101,0,0,0.12103893607854843
V6.mp4,102,0,0,0.08199437707662582
V6.mp4,103,0,0,0.08435530215501785
V6.mp4,104,0,0,0.06039319187402725
V6.mp4,105,0,0,0.04307227581739426
V6.mp4,106,0,0,0.062341347336769104
V6.mp4,107,0,0,0.043668195605278015
V6.mp4,108,0,0,0.036673422902822495
V6.mp4,109,0,1,0.5298236608505249
V6.mp4,110,0,1,0.7160335183143616
V6.mp4,111,0,1,0.8102615475654602
V6.mp4,112,0,0,0.09741079807281494
V6.mp4,113,0,0,0.05774018540978432
V6.mp4,114,0,0,0.060951706022024155
V6.mp4,115,0,0,0.03460443392395973
V6.mp4,116,0,0,0.03133149817585945
V6.mp4,117,0,0,0.055881645530462265
V6.mp4,118,0,0,0.09687147289514542
V6.mp4,119,0,0,0.08360055088996887
V6.mp4,120,0,0,0.08263836055994034
V6.mp4,121,0,0,0.04416080191731453
V6.mp4,122,0,0,0.02973135933279991
V6.mp4,123,0,0,0.06195851042866707
V6.mp4,124,0,0,0.0832332894206047
V6.mp4,125,0,0,0.07838498800992966
V6.mp4,126,0,0,0.09268629550933838
V6.mp4,127,0,0,0.07923293858766556
V6.mp4,128,0,0,0.05582189932465553
V6.mp4,129,0,0,0.08736171573400497
V6.mp4,130,0,0,0.03916124626994133
V6.mp4,131,0,0,0.03932919725775719
V6.mp4,132,0,0,0.02931957319378853
V6.mp4,133,0,0,0.05205215513706207
V6.mp4,134,0,0,0.050087884068489075
V6.mp4,135,0,0,0.07401560246944427
V6.mp4,136,0,0,0.05033671483397484
V6.mp4,137,0,0,0.06329755485057831
V6.mp4,138,0,0,0.04536872357130051
V6.mp4,139,0,0,0.03942131623625755
V6.mp4,140,0,0,0.06075447052717209
V6.mp4,141,0,0,0.18739241361618042
V7.mp4,1,0,1,0.6567069888114929
V7.mp4,2,0,1,0.541114091873169
V7.mp4,3,0,0,0.04879085719585419
V7.mp4,4,0,0,0.027448076754808426
V7.mp4,5,0,0,0.024032732471823692
V7.mp4,6,0,0,0.41772809624671936
V7.mp4,7,0,0,0.08149734139442444
V7.mp4,8,0,0,0.05265217274427414
V7.mp4,9,0,0,0.051420025527477264
V7.mp4,10,0,0,0.026449820026755333
V7.mp4,11,0,0,0.03133246302604675
V7.mp4,12,0,0,0.01970214769244194
V7.mp4,13,0,0,0.02162890136241913
V7.mp4,14,0,0,0.018786592409014702
V7.mp4,15,0,0,0.018865926191210747
V7.mp4,16,0,0,0.021115906536579132
V7.mp4,17,0,0,0.028085432946681976
V7.mp4,18,0,0,0.020996473729610443
V7.mp4,19,0,0,0.026216402649879456
V7.mp4,20,0,0,0.02467399090528488
V7.mp4,21,0,0,0.02191348746418953
V7.mp4,22,0,0,0.0186053067445755
V7.mp4,23,0,0,0.016668422147631645
V7.mp4,24,0,0,0.017078585922718048
V7.mp4,25,0,0,0.01707998476922512
V7.mp4,26,0,0,0.01790212281048298
V7.mp4,27,0,0,0.018868785351514816
V7.mp4,28,0,0,0.01818539947271347
V7.mp4,29,0,0,0.01813925988972187
V7.mp4,30,0,0,0.020510632544755936
V7.mp4,31,0,0,0.019686218351125717
V7.mp4,32,0,0,0.019292250275611877
V7.mp4,33,0,0,0.053957466036081314
V7.mp4,34,0,0,0.030784597620368004
V7.mp4,35,0,0,0.029015813022851944
V7.mp4,36,0,0,0.09476849436759949
V7.mp4,37,0,0,0.11986951529979706
V7.mp4,38,0,0,0.11022450774908066
V7.mp4,39,0,0,0.021300259977579117
V7.mp4,40,0,0,0.04897357523441315
V7.mp4,41,0,0,0.059950314462184906
V7.mp4,42,0,0,0.030359717085957527
V7.mp4,43,0,0,0.02490963600575924
V7.mp4,44,0,0,0.021287497133016586
V7.mp4,45,0,0,0.025088539347052574
V7.mp4,46,0,0,0.020296182483434677
V7.mp4,47,0,0,0.021641351282596588
V7.mp4,48,0,0,0.02847357653081417
V7.mp4,49,0,0,0.02572052553296089
V7.mp4,50,0,0,0.02694988064467907
V7.mp4,51,0,0,0.01851942203938961
V7.mp4,52,0,1,0.9616460800170898
V7.mp4,53,1,1,0.9814327359199524
V7.mp4,54,1,1,0.9798862338066101
V7.mp4,55,1,1,0.9787423610687256
V7.mp4,56,1,1,0.9821959733963013
V7.mp4,57,1,1,0.9827374815940857
V7.mp4,58,0,1,0.9854937791824341
V7.mp4,59,0,1,0.8160858750343323
V7.mp4,60,0,0,0.04196001589298248
V7.mp4,61,0,1,0.9029344916343689
V7.mp4,62,0,1,0.8582932353019714
V7.mp4,63,0,0,0.4135172963142395
V7.mp4,64,0,0,0.035276126116514206
V7.mp4,65,0,0,0.01890374720096588
V7.mp4,66,0,0,0.017310108989477158
V7.mp4,67,0,0,0.01706847734749317
V7.mp4,68,0,0,0.020391466096043587
V7.mp4,69,0,0,0.021100545302033424
V7.mp4,70,0,0,0.0211867056787014
V7.mp4,71,0,0,0.02555052563548088
V7.mp4,72,0,0,0.12520530819892883
V7.mp4,73,0,0,0.04211840033531189
V7.mp4,74,0,1,0.7298094630241394
V7.mp4,75,0,1,0.6721968650817871
V7.mp4,76,0,1,0.9613568782806396
V7.mp4,77,0,1,0.7087296843528748
V7.mp4,78,0,1,0.5048167109489441
V7.mp4,79,0,1,0.6694425344467163
V7.mp4,80,0,0,0.046753451228141785
V7.mp4,81,0,0,0.020475367084145546
V7.mp4,82,0,0,0.015266231261193752
V7.mp4,83,0,0,0.01739654317498207
V7.mp4,84,0,0,0.014715458266437054
V7.mp4,85,0,0,0.017909642308950424
V7.mp4,86,0,0,0.05286886543035507
V7.mp4,87,0,0,0.10145541280508041
V7.mp4,88,0,0,0.24973328411579132
V7.mp4,89,0,0,0.0359836183488369
V7.mp4,90,0,0,0.03303578123450279
V7.mp4,91,0,0,0.016157640144228935
V7.mp4,92,0,0,0.014988635666668415
V7.mp4,93,0,0,0.019131505861878395
V7.mp4,94,0,0,0.021271858364343643
V7.mp4,95,0,0,0.01599346287548542
V7.mp4,96,0,0,0.019705886021256447
V7.mp4,97,0,0,0.015865324065089226
V7.mp4,98,0,0,0.018474917858839035
V7.mp4,99,0,0,0.2550922632217407
V7.mp4,100,0,0,0.031255271285772324
V7.mp4,101,0,0,0.03212527930736542
V7.mp4,102,0,0,0.03070446103811264
V7.mp4,103,0,0,0.16024360060691833
V7.mp4,104,0,0,0.023654647171497345
V7.mp4,105,0,0,0.017481982707977295
V7.mp4,106,0,0,0.02344805747270584
V7.mp4,107,0,0,0.32335397601127625
V7.mp4,108,0,1,0.5631119012832642
V7.mp4,109,0,0,0.03553936257958412
V7.mp4,110,0,0,0.08178170025348663
V8.mp4,1,0,1,0.8407679796218872
V8.mp4,2,0,1,0.734571635723114
V8.mp4,3,0,1,0.5942057967185974
V8.mp4,4,0,1,0.7917736768722534
V8.mp4,5,0,0,0.14123207330703735
V8.mp4,6,0,0,0.06145205721259117
V8.mp4,7,0,0,0.031060630455613136
V8.mp4,8,0,0,0.025105329230427742
V8.mp4,9,0,0,0.02008018270134926
V8.mp4,10,0,0,0.012980779632925987
V8.mp4,11,0,0,0.014499123208224773
V8.mp4,12,0,0,0.023031111806631088
V8.mp4,13,0,0,0.02968752570450306
V8.mp4,14,0,0,0.03165416419506073
V8.mp4,15,0,0,0.02688717655837536
V8.mp4,16,0,0,0.029336443170905113
V8.mp4,17,0,0,0.2540704905986786
V8.mp4,18,0,1,0.5885447859764099
V8.mp4,19,0,0,0.06978904455900192
V8.mp4,20,0,0,0.12681272625923157
V8.mp4,21,0,0,0.07700533419847488
V8.mp4,22,0,0,0.01931086927652359
V8.mp4,23,0,0,0.032572221010923386
V8.mp4,24,0,0,0.037396907806396484
V8.mp4,25,0,0,0.058798205107450485
V8.mp4,26,0,0,0.21393407881259918
V8.mp4,27,0,0,0.05724434182047844
V8.mp4,28,0,0,0.023908983916044235
V8.mp4,29,0,0,0.03338535502552986
V8.mp4,30,0,0,0.03257351368665695
V8.mp4,31,0,1,0.8022910356521606
V8.mp4,32,0,1,0.9546886682510376
V8.mp4,33,0,1,0.9671547412872314
V8.mp4,34,0,1,0.5824465751647949
V8.mp4,35,0,1,0.8351535797119141
V8.mp4,36,0,0,0.02550915814936161
V8.mp4,37,0,0,0.027104990556836128
V8.mp4,38,0,0,0.02639949880540371
V8.mp4,39,0,0,0.03286132961511612
V8.mp4,40,0,0,0.03283501788973808
V8.mp4,41,0,0,0.03760944679379463
V8.mp4,42,0,0,0.026480594649910927
V8.mp4,43,0,0,0.03133348003029823
V8.mp4,44,0,0,0.07273437827825546
V8.mp4,45,0,0,0.06690557301044464
V8.mp4,46,0,0,0.06120632216334343
V8.mp4,47,0,0,0.029442500323057175
V8.mp4,48,0,0,0.02834574691951275
V8.mp4,49,0,0,0.020692801102995872
V8.mp4,50,0,0,0.024354368448257446
V8.mp4,51,1,0,0.06838648021221161
V8.mp4,52,1,0,0.05901619791984558
V8.mp4,53,1,0,0.2090279757976532
V8.mp4,54,1,1,0.9731227159500122
V8.mp4,55,1,1,0.9818700551986694
V8.mp4,56,0,1,0.9640224575996399
V8.mp4,57,0,0,0.2080862671136856
V8.mp4,58,0,0,0.043174806982278824
V8.mp4,59,0,0,0.0625164583325386
V8.mp4,60,0,0,0.11538785696029663
V8.mp4,61,0,0,0.07953032106161118
V8.mp4,62,0,1,0.8206579685211182
V8.mp4,63,0,0,0.27064526081085205
V8.mp4,64,0,0,0.4090402126312256
V8.mp4,65,0,0,0.14707431197166443
V8.mp4,66,0,1,0.9080448150634766
V8.mp4,67,0,1,0.9149002432823181
V8.mp4,68,0,1,0.6357927918434143
V8.mp4,69,0,0,0.3954828083515167
V8.mp4,70,0,0,0.030496172606945038
V8.mp4,71,0,0,0.1905958205461502
V8.mp4,72,0,1,0.6855329871177673
V8.mp4,73,0,0,0.10524735599756241
V8.mp4,74,0,0,0.03237023577094078
V8.mp4,75,0,0,0.15924735367298126
V8.mp4,76,0,0,0.3996022045612335
V8.mp4,77,0,0,0.03401271998882294
V8.mp4,78,0,0,0.0474691241979599
V8.mp4,79,0,0,0.026533687487244606
V8.mp4,80,0,0,0.028922999277710915
V8.mp4,81,0,0,0.029038453474640846
V8.mp4,82,0,0,0.04655678942799568
V8.mp4,83,0,0,0.04887697100639343
V8.mp4,84,0,0,0.08687417954206467
V8.mp4,85,0,0,0.05357079207897186
V8.mp4,86,0,1,0.8608089089393616
V8.mp4,87,0,1,0.8522419333457947
V8.mp4,88,0,1,0.5699880123138428
V8.mp4,89,0,0,0.039151109755039215
V8.mp4,90,0,0,0.2172367125749588
V8.mp4,91,0,0,0.0241362564265728
V8.mp4,92,0,0,0.0181766077876091
V8.mp4,93,0,0,0.11166759580373764
V8.mp4,94,0,1,0.936301589012146
V8.mp4,95,0,1,0.9470871090888977
V8.mp4,96,0,1,0.9359305500984192
V8.mp4,97,0,0,0.17399634420871735
V8.mp4,98,0,1,0.9082618355751038
V8.mp4,99,0,1,0.935030460357666
V8.mp4,100,0,1,0.9438894391059875
V8.mp4,101,0,0,0.038183752447366714
V8.mp4,102,0,0,0.03763085603713989
V8.mp4,103,0,0,0.03688669204711914
V8.mp4,104,0,0,0.03323112800717354
V8.mp4,105,0,0,0.02658660337328911
V8.mp4,106,0,0,0.027815653011202812
V8.mp4,107,0,0,0.02644856832921505
V8.mp4,108,0,0,0.03569589555263519
V8.mp4,109,0,1,0.8804025053977966
V8.mp4,110,0,1,0.7992982268333435
V8.mp4,111,0,1,0.7597636580467224
V8.mp4,112,0,0,0.03238959610462189
V8.mp4,113,0,0,0.029900232329964638
V8.mp4,114,0,0,0.037636443972587585
V8.mp4,115,0,0,0.0366523377597332
V8.mp4,116,0,0,0.03174952417612076
V8.mp4,117,0,0,0.08600716292858124
V8.mp4,118,0,0,0.09385131299495697
V8.mp4,119,0,0,0.35816049575805664
V8.mp4,120,0,0,0.03620321303606033
V8.mp4,121,0,0,0.03637445718050003
V8.mp4,122,0,0,0.03563413396477699
V8.mp4,123,0,0,0.03351256623864174
V8.mp4,124,0,0,0.0941266268491745
V8.mp4,125,0,0,0.09141487628221512
V8.mp4,126,0,0,0.03566177189350128
V8.mp4,127,0,0,0.06033410504460335
V9.mp4,1,0,0,0.4576247036457062
V9.mp4,2,0,0,0.34699946641921997
V9.mp4,3,0,0,0.465170294046402
V9.mp4,4,0,1,0.5104063153266907
V9.mp4,5,0,0,0.2036527395248413
V9.mp4,6,0,0,0.40962353348731995
V9.mp4,7,0,0,0.30720874667167664
V9.mp4,8,0,0,0.1708056777715683
V9.mp4,9,0,0,0.21089035272598267
V9.mp4,10,0,0,0.15978990495204926
V9.mp4,11,0,0,0.14359988272190094
V9.mp4,12,0,0,0.15447665750980377
V9.mp4,13,0,0,0.17533038556575775
V9.mp4,14,0,0,0.1541162133216858
V9.mp4,15,0,0,0.16208037734031677
V9.mp4,16,0,0,0.1648801565170288
V9.mp4,17,0,0,0.19873300194740295
V9.mp4,18,0,0,0.2689985930919647
V9.mp4,19,0,0,0.17968891561031342
V9.mp4,20,0,0,0.3176586627960205
V9.mp4,21,0,0,0.21008655428886414
V9.mp4,22,0,0,0.27342572808265686
V9.mp4,23,0,0,0.3595336079597473
V9.mp4,24,0,0,0.21152305603027344
V9.mp4,25,0,0,0.17931611835956573
V9.mp4,26,0,0,0.16242603957653046
V9.mp4,27,0,0,0.13299208879470825
V9.mp4,28,0,0,0.13085618615150452
V9.mp4,29,0,0,0.1310165375471115
V9.mp4,30,0,0,0.13152281939983368
V9.mp4,31,0,0,0.13425207138061523
V9.mp4,32,0,0,0.148074209690094
V9.mp4,33,0,0,0.18135856091976166
V9.mp4,34,0,0,0.1542188972234726
V9.mp4,35,0,0,0.14591243863105774
V9.mp4,36,0,0,0.19410757720470428
V9.mp4,37,0,0,0.2488267570734024
V9.mp4,38,0,0,0.28270864486694336
V9.mp4,39,0,0,0.30731067061424255
V9.mp4,40,0,0,0.37986257672309875
V9.mp4,41,0,0,0.2605697512626648
V9.mp4,42,0,0,0.20140312612056732
V9.mp4,43,0,0,0.2348983734846115
V9.mp4,44,0,0,0.3739044666290283
V9.mp4,45,0,0,0.2410455048084259
V9.mp4,46,0,0,0.15010105073451996
V9.mp4,47,0,0,0.13334865868091583
V9.mp4,48,0,0,0.13435249030590057
V9.mp4,49,0,0,0.15062810480594635
V9.mp4,50,0,0,0.13969679176807404
V9.mp4,51,0,0,0.13631978631019592
V9.mp4,52,0,0,0.15989305078983307
V9.mp4,53,0,0,0.14790034294128418
V9.mp4,54,0,0,0.1337251216173172
V9.mp4,55,0,0,0.12976892292499542
V9.mp4,56,0,0,0.13024674355983734
V9.mp4,57,0,0,0.13327468931674957
V9.mp4,58,0,0,0.1660376936197281
V9.mp4,59,0,0,0.17912542819976807
V9.mp4,60,0,0,0.4793250262737274
V9.mp4,61,0,1,0.6746899485588074
V9.mp4,62,0,1,0.5456516742706299
V9.mp4,63,0,1,0.5727351307868958
V9.mp4,64,0,1,0.6883335709571838
V9.mp4,65,0,0,0.3562345802783966
V9.mp4,66,0,0,0.07627459615468979
V9.mp4,67,0,0,0.05682458356022835
V9.mp4,68,0,0,0.05611410737037659
V9.mp4,69,0,0,0.12929219007492065
V9.mp4,70,0,1,0.5395129323005676
V9.mp4,71,0,0,0.403903067111969
V9.mp4,72,0,0,0.07585423439741135
V9.mp4,73,0,0,0.05982772633433342
V9.mp4,74,0,0,0.364522784948349
V9.mp4,75,0,0,0.24614599347114563
V9.mp4,76,0,0,0.1653209924697876
V9.mp4,77,0,0,0.10669982433319092
V9.mp4,78,0,0,0.05806359648704529
V9.mp4,79,0,0,0.028480982407927513
V9.mp4,80,0,0,0.029424922540783882
V9.mp4,81,0,0,0.02899697981774807
V9.mp4,82,0,0,0.035656996071338654
V9.mp4,83,0,0,0.12601308524608612
V9.mp4,84,0,0,0.09005172550678253
V9.mp4,85,0,0,0.04295150935649872
V9.mp4,86,0,0,0.034627486020326614
V9.mp4,87,0,0,0.03016149066388607
V9.mp4,88,0,0,0.028844060376286507
V9.mp4,89,0,0,0.051371123641729355
V9.mp4,90,0,0,0.07036387175321579
V9.mp4,91,0,0,0.07041078805923462
V9.mp4,92,0,0,0.069483682513237
V9.mp4,93,0,0,0.07011157274246216
V9.mp4,94,0,0,0.06849920749664307
V9.mp4,95,0,0,0.05512664094567299
V9.mp4,96,0,0,0.04420536756515503
V9.mp4,97,0,0,0.02857469767332077
V9.mp4,98,0,0,0.03080936148762703
V9.mp4,99,0,0,0.09654899686574936
V9.mp4,100,0,0,0.1573270708322525
V9.mp4,101,0,0,0.1583574414253235
V9.mp4,102,0,0,0.2018194943666458
V9.mp4,103,0,0,0.43507328629493713
V9.mp4,104,0,1,0.7195784449577332
V9.mp4,105,0,1,0.791912853717804
V9.mp4,106,0,0,0.11654653400182724
V9.mp4,107,0,0,0.1160442903637886
V9.mp4,108,0,0,0.030372323468327522
V9.mp4,109,0,0,0.021304814144968987
V9.mp4,110,0,0,0.02042021043598652
V9.mp4,111,0,0,0.1297978013753891
V9.mp4,112,0,0,0.05696042999625206
V9.mp4,113,0,0,0.080490842461586
V9.mp4,114,0,0,0.030566176399588585
V9.mp4,115,0,0,0.03922388330101967
V9.mp4,116,0,0,0.03815872594714165
V9.mp4,117,0,0,0.3169463872909546
V9.mp4,118,0,1,0.7005581855773926
V9.mp4,119,0,0,0.08545403927564621
V9.mp4,120,0,0,0.0517820306122303
V9.mp4,121,0,0,0.026409626007080078
V9.mp4,122,0,0,0.1388557404279709
V9.mp4,123,0,0,0.07186886668205261
V9.mp4,124,0,0,0.10557029396295547
V9.mp4,125,0,0,0.09064225852489471
V9.mp4,126,0,0,0.40218520164489746
V9.mp4,127,0,0,0.209341362118721
V9.mp4,128,0,0,0.08639100939035416
V9.mp4,129,0,0,0.11016157269477844
V9.mp4,130,0,0,0.4008912742137909
V9.mp4,131,0,0,0.03910001739859581
V9.mp4,132,0,0,0.03554533049464226
V9.mp4,133,0,0,0.026270639151334763
V9.mp4,134,0,0,0.15706095099449158
V9.mp4,135,0,0,0.125079944729805
V9.mp4,136,0,0,0.24708862602710724
V9.mp4,137,0,0,0.13342614471912384
V9.mp4,138,0,0,0.1869938224554062
V9.mp4,139,0,0,0.10055291652679443
V9.mp4,140,0,1,0.5177336931228638
V9.mp4,141,0,1,0.5697875022888184
V9.mp4,142,0,0,0.17204850912094116
V9.mp4,143,0,0,0.08533953875303268
V9.mp4,144,0,0,0.22524309158325195
V9.mp4,145,0,1,0.6444288492202759
V9.mp4,146,0,1,0.7270265221595764
V9.mp4,147,0,1,0.7460900545120239
V9.mp4,148,0,0,0.059044964611530304
V9.mp4,149,0,0,0.048426736146211624
V9.mp4,150,0,0,0.12399120628833771
V9.mp4,151,0,0,0.20155362784862518
V9.mp4,152,0,0,0.49671581387519836
V9.mp4,153,0,0,0.4730716645717621
V9.mp4,154,0,1,0.7078733444213867
V9.mp4,155,0,1,0.6362743377685547
V9.mp4,156,0,1,0.7342473268508911
V9.mp4,157,0,1,0.7126403450965881
V9.mp4,158,0,0,0.44824495911598206
V9.mp4,159,0,0,0.3132682740688324
V9.mp4,160,0,0,0.2643865942955017
V9.mp4,161,0,0,0.24845930933952332
V9.mp4,162,0,0,0.21717116236686707
V9.mp4,163,0,0,0.21075253188610077
V9.mp4,164,0,0,0.19222040474414825
V9.mp4,165,0,0,0.2035350799560547
V9.mp4,166,0,1,0.6616135835647583
V9.mp4,167,0,1,0.7678064107894897
V9.mp4,168,0,1,0.7869844436645508
V9.mp4,169,0,1,0.8056216835975647
V9.mp4,170,0,1,0.7470042109489441
V9.mp4,171,0,1,0.5998685956001282
V9.mp4,172,0,0,0.36226001381874084
V9.mp4,173,0,0,0.18307919800281525
V9.mp4,174,0,0,0.11637043952941895
V9.mp4,175,0,0,0.07901402562856674
V9.mp4,176,0,0,0.062087345868349075
V9.mp4,177,0,0,0.04957965388894081
V9.mp4,178,0,0,0.045044779777526855
V9.mp4,179,0,0,0.04207104444503784
V9.mp4,180,0,0,0.04117008298635483
V9.mp4,181,0,0,0.039827123284339905
V9.mp4,182,0,0,0.03836933150887489
V9.mp4,183,0,0,0.04354662820696831
V9.mp4,184,0,0,0.0827883929014206
V9.mp4,185,0,0,0.092841237783432
V9.mp4,186,0,0,0.07895191758871078
V9.mp4,187,0,0,0.06568644940853119
V9.mp4,188,0,0,0.050749521702528
V9.mp4,189,0,0,0.060764942318201065
V9.mp4,190,0,0,0.0857105478644371
V9.mp4,191,0,0,0.08149130642414093
V9.mp4,192,0,0,0.07100488245487213
V9.mp4,193,0,0,0.058157969266176224
V9.mp4,194,0,0,0.05043414607644081
V9.mp4,195,0,0,0.05222974717617035
V9.mp4,196,0,0,0.053719181567430496
V9.mp4,197,0,0,0.05226008594036102
V9.mp4,198,0,0,0.0497736930847168
V9.mp4,199,0,0,0.043610554188489914
V9.mp4,200,0,0,0.04181383177638054
V9.mp4,201,0,0,0.05704345926642418
V9.mp4,202,0,0,0.05130840837955475
V9.mp4,203,0,0,0.048435673117637634
V9.mp4,204,0,0,0.04923905432224274
V9.mp4,205,0,0,0.053090594708919525
V9.mp4,206,0,0,0.052630744874477386
V9.mp4,207,0,0,0.057906873524188995
V9.mp4,208,0,0,0.060182761400938034
V9.mp4,209,0,0,0.05844702199101448
V9.mp4,210,0,0,0.05462753772735596
V9.mp4,211,0,0,0.054844871163368225
V9.mp4,212,0,0,0.0530715137720108
V9.mp4,213,0,0,0.050317708402872086
V9.mp4,214,0,0,0.053937606513500214
V9.mp4,215,0,0,0.0659148246049881
V9.mp4,216,0,0,0.06252800673246384
V9.mp4,217,0,0,0.05611880496144295
V9.mp4,218,0,0,0.0467560812830925
V9.mp4,219,0,0,0.039334651082754135
V9.mp4,220,0,0,0.03913044556975365
V9.mp4,221,0,0,0.03446528688073158
V9.mp4,222,0,0,0.04200207069516182
V9.mp4,223,0,0,0.08609504252672195
V9.mp4,224,0,0,0.08716421574354172
V9.mp4,225,0,0,0.07381109893321991
V9.mp4,226,0,0,0.06002163514494896
V9.mp4,227,0,0,0.05792165547609329
V9.mp4,228,0,0,0.056500352919101715
V9.mp4,229,0,0,0.06259237229824066
V9.mp4,230,0,0,0.0678471028804779
V9.mp4,231,0,0,0.06943121552467346
V9.mp4,232,0,0,0.06855038553476334
V9.mp4,233,0,0,0.06693170219659805
V9.mp4,234,0,0,0.06635041534900665
V9.mp4,235,0,0,0.06381431221961975
V9.mp4,236,0,0,0.05843154340982437
V9.mp4,237,0,0,0.05193193629384041
V9.mp4,238,0,0,0.043639279901981354
V9.mp4,239,0,0,0.04281609505414963
V9.mp4,240,0,0,0.06901540607213974
V9.mp4,241,1,0,0.10390911996364594
V9.mp4,242,1,1,0.722544252872467
V9.mp4,243,1,1,0.9485313296318054
V9.mp4,244,1,1,0.9435814619064331
V9.mp4,245,1,1,0.9541237354278564
V9.mp4,246,0,1,0.9653713703155518
V9.mp4,247,0,1,0.951686441898346
V9.mp4,248,0,1,0.8577268719673157
V9.mp4,249,0,1,0.6151649951934814
V9.mp4,250,0,0,0.4025363624095917
V9.mp4,251,0,0,0.2187204211950302
V9.mp4,252,0,0,0.12932538986206055
V9.mp4,253,0,0,0.07086975127458572
V9.mp4,254,0,0,0.052115146070718765
V9.mp4,255,0,0,0.046888966113328934
V9.mp4,256,0,0,0.08348238468170166
V9.mp4,257,0,0,0.06623078882694244
V9.mp4,258,0,0,0.07490229606628418
V9.mp4,259,0,0,0.0774659514427185
V9.mp4,260,0,0,0.07375286519527435
V9.mp4,261,0,0,0.06588143110275269
V9.mp4,262,0,0,0.06564471870660782
V9.mp4,263,0,0,0.058634739369153976
V9.mp4,264,0,0,0.05436588451266289
V9.mp4,265,0,0,0.04308456555008888
V9.mp4,266,0,0,0.05361086502671242
V9.mp4,267,0,0,0.11613445729017258
V9.mp4,268,0,0,0.10095527023077011
V9.mp4,269,0,0,0.10130321234464645
V9.mp4,270,0,0,0.07970339059829712
V9.mp4,271,0,0,0.06537775695323944
V9.mp4,272,0,0,0.052635759115219116
V9.mp4,273,0,0,0.056304462254047394
V9.mp4,274,0,0,0.07808033376932144
V9.mp4,275,0,0,0.08419760316610336
V9.mp4,276,0,0,0.07309862226247787
V9.mp4,277,0,0,0.06179487705230713
V9.mp4,278,0,0,0.039106521755456924
V9.mp4,279,0,0,0.03221875801682472
V9.mp4,280,0,0,0.0359916090965271
V9.mp4,281,0,0,0.04726436734199524
V9.mp4,282,0,0,0.059107232838869095
V9.mp4,283,0,0,0.05355411395430565
V9.mp4,284,0,0,0.0500924214720726
V9.mp4,285,0,0,0.14851145446300507
V9.mp4,286,0,0,0.19483515620231628
V9.mp4,287,0,0,0.3520389497280121
V9.mp4,288,0,0,0.4535239040851593
V9.mp4,289,0,0,0.21683253347873688
V9.mp4,290,0,0,0.1405809223651886
V9.mp4,291,0,0,0.09919875860214233
V9.mp4,292,0,0,0.11233232915401459
V9.mp4,293,0,0,0.09272091090679169
V9.mp4,294,0,0,0.07501180469989777
V9.mp4,295,0,0,0.06042008474469185
V9.mp4,296,0,0,0.05911385267972946
V9.mp4,297,0,0,0.06758210808038712
V9.mp4,298,0,0,0.08127398043870926
V9.mp4,299,0,0,0.09337787330150604
V9.mp4,300,0,0,0.10050556063652039
